2.714282341864807102e-01,1.196950000000000097e-01,7.893799999999999428e-02,-1.006765813519285430e-01,-1.000000000000000000e+00,1.100000000000000089e+00,2.724007348839633247e-01,1.297266789126629571e-01,6.796222968748406867e-02,-1.020285668710768819e-02,9.398855179736835888e-03,7.207763942028840194e-03
2.708252605754341014e-01,1.139500821304321454e-01,8.630572680282591613e-02,-6.029736110465986482e-02,-5.744917869567871538e-01,7.367726802825929067e-01,2.721670106392454214e-01,1.299400747413354262e-01,6.812695901917871499e-02,-3.958554929610796913e-02,3.592850090968550264e-02,2.785732294851456237e-02
2.702657763609596087e-01,1.108954837989807318e-01,9.151389888572691866e-02,-5.594842144744856249e-02,-3.054598331451416349e-01,5.208172082901002531e-01,2.721670106392454214e-01,1.299400747413354262e-01,6.812695901917871499e-02,-3.958554929610796913e-02,3.592850090968550264e-02,2.785732294851456237e-02
2.696683360949566621e-01,1.094220925045013559e-01,9.543226412582396512e-02,-5.974402660029394518e-02,-1.473391294479370339e-01,3.918365240097047564e-01,2.703890119475829135e-01,1.315233586009985911e-01,6.937227642029587804e-02,-1.485604018762219647e-01,1.305664024927682410e-01,1.037243251999334231e-01
2.686470303318414521e-01,1.091106653881073196e-01,9.881692270088195118e-02,-1.021305763115213650e-01,-3.114271163940431075e-02,3.384658575057984953e-01,2.685343202300460863e-01,1.331384072126937657e-01,7.066443820245311980e-02,-2.245114928451094061e-01,1.938976515005625123e-01,1.561226899931250078e-01
2.671854693440214867e-01,1.096420454454422183e-01,1.021456889276504409e-01,-1.461560987819956192e-01,5.313800573348997913e-02,3.328766226768495318e-01,2.658591019684334866e-01,1.354265951617807662e-01,7.252075734575780253e-02,-3.123672530616846688e-01,2.648161576533403783e-01,2.163302348921510021e-01
2.652182680282710869e-01,1.108719043207168770e-01,1.057424411540031362e-01,-1.967201315750406743e-01,1.229858875274658092e-01,3.596752226352693538e-01,2.622532305862068647e-01,1.384525644286833668e-01,7.501261242611133306e-02,-4.103471544275139049e-01,3.410872744270366241e-01,2.830097828402199922e-01
2.626319045106392802e-01,1.127660585713386732e-01,1.097844673757552986e-01,-2.586363517631815601e-01,1.894154250621795654e-01,4.042026221752168524e-01,2.576242731397982988e-01,1.422589644854917457e-01,7.819817949508567345e-02,-5.166936850225889444e-01,4.205481349898403942e-01,3.548585309333913140e-01
2.592944741890752525e-01,1.153335434865951775e-01,1.143772653107643089e-01,-3.337430321564005542e-01,2.567484915256500466e-01,4.592797935009004240e-01,2.576242731397982988e-01,1.422589644854917457e-01,7.819817949508567345e-02,-5.166936850225889444e-01,4.205481349898403942e-01,3.548585309333913140e-01
2.556601090244479124e-01,1.183313945901394160e-01,1.194714309935569763e-01,-3.634365164627360034e-01,2.997851103544235674e-01,5.094165682792665129e-01,2.518972392074522171e-01,1.468672001253888970e-01,8.212279177886100401e-02,-6.296765741905829827e-01,5.011136970208286412e-01,4.306112629278511794e-01
2.514667391953994691e-01,1.218603312444687115e-01,1.251229047243595238e-01,-4.193369829048441688e-01,3.528936654329300482e-01,5.651473730802537565e-01,2.450142864708999835e-01,1.522782408898000206e-01,8.681933213299999896e-02,-7.475972288870000870e-01,5.807830174359999154e-01,5.090436878999999859e-01
2.465183033291729886e-01,1.260165179145336378e-01,1.313634624247551064e-01,-4.948435866226481572e-01,4.156186670064926370e-01,6.240557700395585883e-01,2.369343808772391424e-01,1.584734943923394590e-01,9.230865951458716578e-02,-8.687933812902194353e-01,6.576457570217110193e-01,5.889759050593531553e-01
2.406590375612512600e-01,1.308582879972458035e-01,1.382418509190082578e-01,-5.859265767921733037e-01,4.841770082712173462e-01,6.878388494253160346e-01,2.276329092683870847e-01,1.654157458386290303e-01,9.860007073326121363e-02,-9.916439476754350668e-01,7.298889149755145578e-01,6.692759947142552512e-01
2.337676589564917640e-01,1.364243688356876483e-01,1.458146476809978609e-01,-6.891378604759501592e-01,5.566080838441849199e-01,7.572796761989595282e-01,2.171012423654813117e-01,1.730501660410616593e-01,1.056917987426685968e-01,-1.114574098551488923e+00,7.958037933544003240e-01,7.488637353904059601e-01
2.257764060936908734e-01,1.427129515480995425e-01,1.541312701766490989e-01,-7.991252862800883872e-01,6.288582712411880937e-01,8.316622495651246894e-01,2.053462459955965880e-01,1.813053902275844065e-01,1.135715487338665175e-01,-1.236060540060599511e+00,8.537931914304361936e-01,8.267144471021991015e-01
2.166740587560975206e-01,1.496863817942142849e-01,1.632433828179836455e-01,-9.102347337593363896e-01,6.973430246114731279e-01,9.112112641334535468e-01,1.782678918483691088e-01,1.993171003458858170e-01,1.315967878792036472e-01,-1.468899964952379511e+00,9.402090053232884381e-01,9.734077138314853883e-01
2.053282917712873634e-01,1.579349120330811040e-01,1.730651449029445843e-01,-1.134576698481016166e+00,8.248530238866806918e-01,9.821762084960938832e-01,1.630305754351799030e-01,2.088589251881292630e-01,1.416704279009898815e-01,-1.577514529064449000e+00,9.660664736640396377e-01,1.040514971902670727e+00
1.916352645497370888e-01,1.674162339341641048e-01,1.834538922970295194e-01,-1.369302722155027352e+00,9.481321901082992998e-01,1.038874739408493175e+00,1.467406386309109967e-01,2.185949217962787072e-01,1.523897486247617616e-01,-1.679220586908094059e+00,9.788765648129069685e-01,1.102423176729250276e+00
1.757413959013374438e-01,1.779157992672920907e-01,1.943450632755756580e-01,-1.589386864839963831e+00,1.049956533312797591e+00,1.089117097854614302e+00,1.294731317901585688e-01,2.283898683336589297e-01,1.636992692048689357e-01,-1.772839137989653313e+00,9.777155262110502898e-01,1.158447420187626697e+00
1.581896849744572897e-01,1.890153640878201313e-01,2.057946507101059141e-01,-1.755171092688016854e+00,1.109956482052803173e+00,1.144958743453025951e+00,1.113144625151999412e-01,2.381000956543999902e-01,1.755370620800000281e-01,-1.857278842368000005e+00,9.618190967040001205e-01,1.207984044479999852e+00
1.392985668419954581e-01,2.004228409004212286e-01,2.177823144559860313e-01,-1.889111813246183269e+00,1.140747681260109170e+00,1.198766374588012829e+00,9.236148542532077177e-02,2.475751260444287172e-01,1.878355890030187214e-01,-1.931542780894532019e+00,9.305913102491130129e-01,1.250515368475397571e+00
1.193561775093535671e-01,2.118527340718359686e-01,2.302872307364940696e-01,-1.994238933264188551e+00,1.142989317141473560e+00,1.250491628050804271e+00,7.272052326742722839e-02,2.566594011490719307e-01,2.005225849649737990e-01,-1.994735426716057969e+00,8.836135295304314852e-01,1.285614540203516176e+00
9.863881681078302821e-02,2.230891173516214854e-01,2.433931497101783914e-01,-2.071736069857053497e+00,1.123638327978551565e+00,1.310591897368431180e+00,5.250631725531618166e-02,2.651941013863448049e-01,2.135219912748116677e-01,-2.046069828040576688e+00,8.206537094809408517e-01,1.312950515501374760e+00
7.732504977161343274e-02,2.338523060918600294e-01,2.568671940629482231e-01,-2.131376703916959325e+00,1.076318874023854955e+00,1.347404435276985168e+00,3.184090452497190249e-02,2.730190591449993542e-01,2.267549390563196599e-01,-2.084875002165952118e+00,7.416758907122323885e-01,1.332293162812784759e+00
5.547479509349349108e-02,2.439880819764734254e-01,2.706463575725555626e-01,-2.185025467811994027e+00,1.013577588461339607e+00,1.377916350960731506e+00,1.085242059326169128e-02,2.799747680664061988e-01,2.401407844238281353e-01,-2.110603540771483821e+00,6.468499228515618427e-01,1.343518494140624853e+00
3.308912428912232778e-02,2.533540118985623812e-01,2.848095426623821202e-01,-2.238567080437116275e+00,9.365929922088982451e-01,1.416318508982658431e+00,-1.032617529259760580e-02,2.859044907093440946e-01,2.535981965981989328e-01,-2.122839426472369784e+00,5.365614177863249346e-01,1.346614022151939816e+00
1.032481858489650225e-02,2.618770647902787241e-01,2.993569224243163851e-01,-2.276430570422582456e+00,8.523052891716362822e-01,1.454737976193428040e+00,-3.155845402743356898e-02,2.906564668967708265e-01,2.670463002246294959e-01,-2.121306060637064839e+00,4.114219328159107181e-01,1.341684243435842028e+00
-1.249331174151336113e-02,2.693302022681385854e-01,3.140227539603709928e-01,-2.281813032640986449e+00,7.453137477859856919e-01,1.466583153605461209e+00,-5.270595185499971080e-02,2.940862250436507286e-01,2.804058731537998894e-01,-2.105874502467534715e+00,2.722793837109805382e-01,1.328956247914229394e+00
-3.520165059536901897e-02,2.756097021174431227e-01,3.286862638955115878e-01,-2.270833885385565853e+00,6.279499849304559511e-01,1.466350993514061063e+00,-7.362968902197314369e-02,2.960589987649104859e-01,2.936006009478904222e-01,-2.076571919342403927e+00,1.202286876801398063e-01,1.308785454405321902e+00
-5.765376702233335204e-02,2.805570150294155463e-01,3.432308136885166006e-01,-2.245211642696433252e+00,4.947312911972406302e-01,1.454454979300499051e+00,-9.419177399170003406e-02,2.964522510625998697e-01,3.065583893730000620e-01,-2.033590248422999291e+00,-4.337736375600115962e-02,1.281661472339999941e+00
-7.969594654439046688e-02,2.839269904379547182e-01,3.574847443466186436e-01,-2.204217952205710596e+00,3.369975408539178652e-01,1.425393065810203641e+00,-1.142570953303140291e-01,2.951583083913295047e-01,3.192127361394907492e-01,-1.977295069522284621e+00,-2.169170019833376595e-01,1.248214089630961920e+00
-1.011743294866097737e-01,2.854863209814578751e-01,3.712840917174816124e-01,-2.147838294221930511e+00,1.559330543503167910e-01,1.379934737086296215e+00,-1.336951033778596698e-01,2.920871069010608223e-01,3.315041631517885445e-01,-1.908234689236697035e+00,-3.984881486054044353e-01,1.209219386694696752e+00
-1.219256982448309740e-01,2.850137973722816076e-01,3.844947973256110929e-01,-2.075136875822119809e+00,-4.725236091762755053e-02,1.321070560812950268e+00,-1.523816838170488075e-01,2.871690531563213522e-01,3.433817105291677163e-01,-1.827149436340866018e+00,-5.858968528470905879e-01,1.165605976626264084e+00
-1.417885619018482424e-01,2.823826205038280079e-01,3.970668724243640590e-01,-1.986286365701728007e+00,-2.631176868453619644e-01,1.257207509875297724e+00,-1.702011252522770968e-01,2.803580016309202838e-01,3.548044936590474818e-01,-1.734981168445239863e+00,-7.766454990509652490e-01,1.118461371526889403e+00
-1.606803215330247503e-01,2.775834589113295725e-01,4.089994367723464586e-01,-1.889175963117652124e+00,-4.799161592498419893e-01,1.193256434798240839e+00,-1.870481829115335781e-01,2.716343512772373403e-01,3.657433245443282854e-01,-1.632882989916607963e+00,-9.679207842661903261e-01,1.069038474984374654e+00
-1.785643002546629943e-01,2.706247001603991342e-01,4.202434374158381947e-01,-1.788397872163825175e+00,-6.958758750930427173e-01,1.124400064349174722e+00,-2.028302405838282030e-01,2.610082634691601733e-01,3.761823987062955510e-01,-1.522229181061495185e+00,-1.156581465930031971e+00,1.018762200706313292e+00
-1.953917382486858867e-01,2.615388452333212710e-01,4.307766957049369294e-01,-1.682743799402289575e+00,-9.085854927077887666e-01,1.053325828909874140e+00,-2.174695729047677606e-01,2.485230036177428492e-01,3.861210489046223437e-01,-1.404625338572478954e+00,-1.339145879641992165e+00,9.692362173061326303e-01
-2.110551975468393238e-01,2.503678658135981006e-01,4.406356306736468609e-01,-1.566345929815345039e+00,-1.117097941972315045e+00,9.858934968709947011e-01,-2.309057101029110548e-01,2.342584087586603858e-01,3.955755669359917182e-01,-1.281918727237391531e+00,-1.511779227030496608e+00,9.222498192419301688e-01
-2.254751712750388548e-01,2.371761721108854581e-01,4.498631598119735009e-01,-1.441997372819953105e+00,-1.319169370271265240e+00,9.227529138326646674e-01,-2.430979073195290718e-01,2.183344834105344079e-01,4.045810947728774587e-01,-1.156208842911396140e+00,-1.670280633712219798e+00,8.797849239081387829e-01
-2.386553770941884089e-01,2.220989597380907121e-01,4.585297989909647987e-01,-1.318020581914954414e+00,-1.507721237279474380e+00,8.666639178991319969e-01,-2.540279999999999760e-01,2.009150000000000102e-01,4.131929999999999770e-01,-1.029857999999999940e+00,-1.810070000000000068e+00,8.440229999999999677e-01
-2.506983591927874344e-01,2.054140820649267007e-01,4.667826854948996518e-01,-1.204298209859900659e+00,-1.668487767316400694e+00,8.252886503934862006e-01,-2.637007927123916629e-01,1.822091098464491410e-01,4.214898803478795419e-01,-9.050300291322390667e-01,-1.927278707839553018e+00,8.168024276736363110e-01
-2.615444456920212324e-01,1.872063238375634708e-01,4.746070966188906670e-01,-1.084608649923377133e+00,-1.820775822736322658e+00,7.824411123991014128e-01,-2.721352073063782462e-01,1.624437689408376184e-01,4.295567821708560219e-01,-7.821840981825669559e-01,-2.022184190053696984e+00,7.979021910205225110e-01
-2.711741606550001071e-01,1.675953161080182274e-01,4.820430845384596763e-01,-9.629714962978888071e-01,-1.961100772954523341e+00,7.435987919569017057e-01,-2.793511171675419624e-01,1.418353041250294821e-01,4.374731688887105729e-01,-6.613309503977040649e-01,-2.096125887399367116e+00,7.865756655025489819e-01
-2.795650774764995017e-01,1.468061369822175055e-01,4.891780475442408793e-01,-8.390916821499395661e-01,-2.078917912580072525e+00,7.134963005781175260e-01,-2.853685081535453083e-01,1.205867003824592082e-01,4.453110808270154264e-01,-5.424824039933052733e-01,-2.150432398672154743e+00,7.820850859148861245e-01
-2.868518828649697094e-01,1.250907520425320330e-01,4.961828051571845477e-01,-7.286805388470221079e-01,-2.171538493968546035e+00,7.004757612943650624e-01,-2.902074914044288634e-01,9.888771940087738577e-02,4.531352308103374638e-01,-4.256517691975469919e-01,-2.186419434166859688e+00,7.837029590506874310e-01
-2.930939919224157530e-01,1.027933133222908441e-01,5.033123020594119090e-01,-6.242109057446051379e-01,-2.229743872024118723e+00,7.129496902227403510e-01,-2.938883204710023844e-01,7.691503913788029501e-02,4.610031142628062129e-01,-3.108542948262391636e-01,-2.205387661660124898e+00,7.907135525093667017e-01
-2.982425982199283232e-01,8.003431214734918475e-02,5.105350194935798225e-01,-5.148606297512580143e-01,-2.275900117494165542e+00,7.222717434167863493e-01,-2.964314130566446659e-01,5.483241546400319244e-02,4.689651345774829561e-01,-1.981076443894592698e-01,-2.208620444915160075e+00,8.024144596484494851e-01
-3.023325827532578614e-01,5.699033440060920219e-02,5.179100397889613294e-01,-4.089984533329535932e-01,-2.304397774673998089e+00,7.375020295381548019e-01,-2.978573776678276053e-01,3.279086695815569552e-02,4.770647445159658662e-01,-8.743240172970845325e-02,-2.197381474708545834e+00,8.181182406789978545e-01
-3.055790698910719749e-01,3.390848631009466679e-02,5.256757969026564226e-01,-3.246487137814094148e-01,-2.308184809051453623e+00,7.765757113695146430e-01,-2.981870454686789684e-01,1.092888393017815707e-02,4.853386043996674726e-01,2.114739380841257343e-02,-2.172912292379129084e+00,8.371541399046116272e-01
-3.080084128137791089e-01,1.094701007537551146e-02,5.338932901685236043e-01,-2.429342922707130037e-01,-2.296147623471915367e+00,8.217493265867235053e-01,-2.974415076348999598e-01,-1.062733725469997004e-02,4.938167578541999836e-01,1.276036826769999522e-01,-2.136429705899000275e+00,8.588698791039999225e-01
-3.096959245530527260e-01,-1.173216407775871245e-02,5.426516020362375237e-01,-1.687511739273597211e-01,-2.267917415313422502e+00,8.758311867713930443e-01,-2.956421585023522036e-01,-3.176363347472344056e-02,5.025228258683037685e-01,2.319037908921259827e-01,-2.089123098466558748e+00,8.826335270571301628e-01
-3.106710792481063299e-01,-3.401583521656684206e-02,5.519887220327852617e-01,-9.751546950536264802e-02,-2.228367113880812767e+00,9.337119996547701417e-01,-2.928107448056295747e-01,-5.237758669901476649e-02,5.114742199287560798e-01,3.340098062695955328e-01,-2.032151629621662181e+00,9.078354452149492992e-01
-3.109403504998043966e-01,-5.580997951731077322e-02,5.619209713404177409e-01,-2.692712516980660942e-02,-2.179414430074393394e+00,9.932249307632449176e-01,-2.889694213019301516e-01,-7.237820730874000574e-02,5.206823749926939859e-01,4.338779251291779993e-01,-1.966641328882860806e+00,9.338903095126800391e-01
-3.104694534780534920e-01,-7.703162227787069272e-02,5.724359240000246318e-01,4.708970217508780254e-02,-2.122164276055991117e+00,1.051495265960693537e+00,-2.841408130755434525e-01,-9.168558781725710816e-02,5.301530030587886522e-01,5.314577694673185970e-01,-1.893682081906721937e+00,9.602392083266904077e-01
-3.092225346777190964e-01,-9.759789259761562918e-02,5.835235095088480151e-01,1.246918800334404637e-01,-2.056627031974493924e+00,1.108758550882339655e+00,-2.783480848182679490e-01,-1.102305259144680250e-01,5.398863680987062708e-01,6.266916745983284187e-01,-1.814324509169234378e+00,9.863518165749374234e-01
-3.071991129105038909e-01,-1.174359981252997148e-01,5.951790804629324416e-01,2.023421767215203004e-01,-1.983810552768408675e+00,1.165557095408439769e+00,-2.716150173810746304e-01,-1.279541157605955104e-01,5.498775831102903355e-01,7.195139472640492695e-01,-1.729576737169301826e+00,1.011728645960986883e+00
-3.044310812509203878e-01,-1.364914600367843067e-01,6.074074213867186600e-01,2.768031659583519710e-01,-1.905546191148459245e+00,1.222834092378616511e+00,-2.639660918923315003e-01,-1.448073064546048783e-01,5.601169300539035056e-01,8.098500942120010482e-01,-1.640401062154320133e+00,1.035903371361602376e+00
-3.009470558889252301e-01,-1.547177404559402503e-01,6.202051083509920737e-01,3.484025361995171099e-01,-1.822628041915594910e+00,1.279768696427345365e+00,-2.554265817379037795e-01,-1.607504266024922801e-01,5.705902034333618644e-01,8.976160212420012385e-01,-1.547710506367845795e+00,1.058445233357915072e+00
-2.967664838531553495e-01,-1.720816583710907677e-01,6.335586482648848383e-01,4.180572035769890560e-01,-1.736391791515051741e+00,1.335353991389274686e+00,-2.460226526984458373e-01,-1.757526739106601843e-01,5.812790782829000413e-01,9.827172027212691674e-01,-1.452365266819338530e+00,1.078961516910161622e+00
-2.918994553159015570e-01,-1.885549665450303447e-01,6.474499175314901711e-01,4.867028537253808018e-01,-1.647330817393958036e+00,1.389126926660537720e+00,-2.357814715391999827e-01,-1.897915687295999576e-01,5.921615033215998913e-01,1.065047821567999708e+00,-1.355169056576001063e+00,1.097100106175999734e+00
-2.863571391743157668e-01,-2.041099525134263959e-01,6.618579133515356538e-01,5.542316141585778011e-01,-1.555498596839606229e+00,1.440799582004547164e+00,-2.247313233476167516e-01,-2.028523704731044486e-01,6.032121200367219771e-01,1.144489879703421753e+00,-1.256865338576702129e+00,1.112552115472396075e+00
-2.801602482808760453e-01,-2.187221408209948093e-01,6.767518934969900535e-01,6.196890893439720438e-01,-1.461218830756842557e+00,1.489398014545440629e+00,-2.129017379141119326e-01,-2.149274558382291977e-01,6.144027084573722153e-01,1.220912278972333453e+00,-1.158133451967979344e+00,1.125054596381088290e+00
-2.733229146584400526e-01,-2.323746138814090090e-01,6.920931262140272988e-01,6.837333622435997071e-01,-1.365247306041418973e+00,1.534123271703720093e+00,-2.003236254512767156e-01,-2.260156577512246745e-01,6.257026603799429321e-01,1.294169872532110244e+00,-1.059584630962131513e+00,1.134393320997623356e+00
-2.658565835312928782e-01,-2.450472811742870349e-01,7.078247122530936242e-01,7.466331127147147750e-01,-1.267266729287802596e+00,1.573158603906631425e+00,-1.870294219468544017e-01,-2.361215639646597197e-01,6.370794808067599124e-01,1.364102486710197848e+00,-9.617579162174020313e-01,1.140405641323966712e+00
-2.577413191127104763e-01,-2.567162561978398316e-01,7.238472013835905994e-01,8.115264418582389672e-01,-1.166897502355277005e+00,1.602248913049697743e+00,-1.730532444458007801e-01,-2.452547742309570955e-01,6.484993183593750210e-01,1.430533913330077844e+00,-8.651159587402350581e-01,1.142983424804687509e+00
-2.489013584155559955e-01,-2.673621267921476030e-01,7.400155067210196780e-01,8.839960697154471969e-01,-1.064587059430777582e+00,1.616830533742904530e+00,-1.584310565567413343e-01,-2.534291149775623753e-01,6.599275254279379777e-01,1.493270872505713331e+00,-7.700407163096303353e-01,1.142076066006718627e+00
-2.392312711348253129e-01,-2.769719005751608010e-01,7.561701655750273643e-01,9.670087280730674806e-01,-9.609773783013220161e-01,1.615465885400771961e+00,-1.432008444781427692e-01,-2.606618104089668542e-01,6.713292488180837569e-01,1.552101945904472480e+00,-6.768290424235781089e-01,1.137693574442687261e+00
-2.253002024496353617e-01,-2.851188792113391601e-01,7.697169168500638259e-01,1.393106868518994457e+00,-8.146978636178365818e-01,1.354675127503650822e+00,-1.274028038395119689e-01,-2.669726089608039921e-01,6.826700516567713040e-01,1.606796480478527300e+00,-5.856881677675773723e-01,1.129909738537824282e+00
-2.085564273444048267e-01,-2.919868936591057951e-01,7.816236692653711904e-01,1.674377510523054280e+00,-6.868014447766626063e-01,1.190675241530735118e+00,-1.110795376529392919e-01,-2.723828640312432880e-01,6.939165673185083705e-01,1.657103462664736959e+00,-4.967310742052428729e-01,1.118865365740444151e+00
-1.899322106367782315e-01,-2.977025460320295025e-01,7.924890401385801253e-01,1.862421670762658410e+00,-5.715652372923696323e-01,1.086537087320893047e+00,-9.427626567029989690e-02,-2.769145679149001005e-01,7.050371861334000512e-01,1.702750363053000537e+00,-4.099717612909998810e-01,1.104771598775999619e+00
-1.700335602606607155e-01,-3.023560649386051180e-01,8.026783119775058317e-01,1.989865037611751930e+00,-4.653518906575629388e-01,1.018927183892575528e+00,-7.704104544143017264e-02,-2.805893378644816472e-01,7.160027756384552688e-01,1.743441951523089450e+00,-3.253204053048619482e-01,1.087913308044714311e+00
-1.492607519325132304e-01,-3.060141233622874490e-01,8.124100175862590811e-01,2.077280832814747846e+00,-3.658058423682356008e-01,9.731705608753299375e-01,-5.942500536859171567e-02,-2.834273532053928624e-01,7.267874351335880112e-01,1.778859082849967965e+00,-2.425784108092878810e-01,1.068652560162779874e+00
-1.280742247549452040e-01,-3.088093021520663117e-01,8.220734699162800529e-01,2.118652717756802417e+00,-2.795178789778852702e-01,9.663452330020999570e-01,-4.148259005254242848e-02,-2.854462424285203470e-01,7.373692853037470130e-01,1.808657452777574282e+00,-1.614333547281399106e-01,1.047432162647138565e+00
-1.064063388704260399e-01,-3.107379859286081847e-01,8.315097273410200218e-01,2.166788588451916464e+00,-1.928683776541852968e-01,9.436257424739932231e-01,-2.327181822552470969e-02,-2.866599191864159235e-01,7.477312936686122402e-01,1.832466324561093707e+00,-8.145382294771330578e-02,1.024779284743835284e+00
-8.420244325699832721e-02,-3.118352759864305712e-01,8.405877038686194735e-01,2.220389561342770435e+00,-1.097290057822370574e-01,9.077976527599429524e-01,-4.854553566489894223e-03,-2.870773661181025282e-01,7.578621366212936472e-01,1.849887225977703054e+00,-2.084139439860743792e-03,1.001309154399937729e+00
-6.148177453890295990e-02,-3.121224999403177103e-01,8.492553074237304545e-01,2.272066871809536703e+00,-2.872239538871287912e-02,8.667603555111026425e-01,1.370321130612717209e-02,-2.867013654277201229e-01,7.677570988174643452e-01,1.860492616805793809e+00,7.736101209280876745e-02,9.777288313790420959e-01
-3.833555831042208262e-02,-3.116209635301492309e-01,8.574906580949303025e-01,2.314621622848088034e+00,5.015364101685047815e-02,8.235350671199893613e-01,3.233105736876862313e-02,-2.855271751422344684e-01,7.774190106763692043e-01,1.863824526772674073e+00,1.577020740496264395e-01,9.548410565203440115e-01
-1.482281136552198245e-02,-3.103492290728196434e-01,8.652188054255998129e-01,2.351274694490010031e+00,1.271734457329607160e-01,7.728147330669498105e-01,5.095382795893299566e-02,-2.835411499734302176e-01,7.868592247551411401e-01,1.859393163970749274e+00,2.399002082425001348e-01,9.335481771412849072e-01
8.975086077529895873e-03,-3.082762011231728327e-01,8.724100492557124165e-01,2.379789744305187860e+00,2.073027949646806811e-01,7.191243830112552526e-01,6.949130347785942297e-02,-2.807193057094067301e-01,7.960986317578613303e-01,1.846675493742175878e+00,3.250629966844322816e-01,9.148561485837785057e-01
3.288477274711375936e-02,-3.053799238334686805e-01,8.791919767844791345e-01,2.390968666958386279e+00,2.896277289704179969e-01,6.781927528766726887e-01,8.785800000000000554e-02,-2.770250000000000212e-01,8.051690000000000236e-01,1.825112999999999985e+00,4.144510000000000138e-01,8.998789999999999845e-01
5.665566916687310439e-02,-3.016475277264351051e-01,8.858084165469799487e-01,2.377089641975933976e+00,3.732396107033586485e-01,6.616439762500857524e-01,1.059626768473927311e-01,-2.724117759206454159e-01,8.141122136646593566e-01,1.794282894803597372e+00,5.090399226174833203e-01,8.895480939334931003e-01
8.009722843677397064e-02,-2.970476002006011695e-01,8.923874733491612421e-01,2.344155926990086680e+00,4.599927525833940600e-01,6.579056802181338925e-01,1.237135371568013342e-01,-2.668291118172329557e-01,8.229749046668983770e-01,1.754416921791490447e+00,6.081561120420523325e-01,8.837001437219208499e-01
1.030615941723005968e-01,-2.915420931078116507e-01,8.990043473314992539e-01,2.296436573552663063e+00,5.505507092789506673e-01,6.616873982338046245e-01,1.410222567054971454e-01,-2.602372032394319468e-01,8.317996792856612309e-01,1.705923720839209734e+00,7.107078610907333616e-01,8.818911682832968335e-01
1.254210302222345808e-01,-2.850887423441771373e-01,9.057242454985411362e-01,2.235943604993397837e+00,6.453350763634538856e-01,6.719898167041873371e-01,1.578046496836177370e-01,-2.526071006506350192e-01,8.406247258348341633e-01,1.649222288340546072e+00,8.156163059592758113e-01,8.836817177281084401e-01
1.470583689945272610e-01,-2.776703164453115935e-01,9.126440280802559091e-01,2.163733877229268021e+00,7.418425898865557144e-01,6.919782581714725156e-01,1.739807708029553757e-01,-2.439205683893500842e-01,8.494838649354233828e-01,1.584741679200953657e+00,9.218179723959993854e-01,8.886378753149061227e-01
1.678729573176393486e-01,-2.692711455885221650e-01,9.198381349598756529e-01,2.081458832311207541e+00,8.399170856789446304e-01,7.194106879619693862e-01,1.894750142238495472e-01,-2.341699174125632665e-01,8.584066101044386388e-01,1.512920668465414176e+00,1.028267473133852583e+00,8.963323188360706739e-01
1.877773221567121120e-01,-2.598665666831029841e-01,9.273455877486139753e-01,1.990436483907276788e+00,9.404578905419207491e-01,7.507452788738345761e-01,2.042162088965328026e-01,-2.233578103084892796e-01,8.674182392547864495e-01,1.434207372580746487e+00,1.133940356580705133e+00,9.063454414337585030e-01
2.066983387453957821e-01,-2.494373821458554796e-01,9.352096625776240568e-01,1.892101658868366787e+00,1.042918453724751560e+00,7.864074829010104795e-01,2.181377099132704722e-01,-2.114970370661284904e-01,8.765398777004738129e-01,1.349058830292373834e+00,1.237836106767855160e+00,9.182665318460251358e-01
2.245643670690419258e-01,-2.379787531525074940e-01,9.434932657717693960e-01,1.786602832364613036e+00,1.145862899334797902e+00,8.283603194145298110e-01,2.311774854676408864e-01,-1.986102600890472247e-01,8.857885932614226743e-01,1.257940543175543491e+00,1.338981294556762514e+00,9.316950140831268268e-01
2.412968035023529689e-01,-2.255122623065136389e-01,9.522884677913694418e-01,1.673243643331104646e+00,1.246649084599385393e+00,8.795202019600010246e-01,2.432781990172999675e-01,-1.847297269408000320e-01,8.951775040621999802e-01,1.161325975801000165e+00,1.436432880103999832e+00,9.462417465339998390e-01
2.568478558490551178e-01,-2.120835690307483756e-01,9.616858941013404216e-01,1.555105234670215886e+00,1.342869327576527771e+00,9.397426309970950964e-01,2.543872862465746953e-01,-1.698969493094112937e-01,9.047158996189620384e-01,1.059696015535113611e+00,1.529281666584430877e+00,9.615303805029188355e-01
2.712344714977973914e-01,-1.977597551342555604e-01,9.716936898254024957e-01,1.438661564874225807e+00,1.432381389649281633e+00,1.000779572406206075e+00,2.644570264252302794e-01,-1.541623466783336172e-01,9.144093758089173463e-01,9.535383919744573333e-01,1.616655905172606822e+00,9.771987781763317171e-01
2.844847062356662404e-01,-1.825995496099742099e-01,9.822983222952035298e-01,1.325023473786884454e+00,1.516020552428136048e+00,1.060463246980104302e+00,2.734446077597553204e-01,-1.375848531913015649e-01,9.242599843166079410e-01,8.433470560148453865e-01,1.697725051282386044e+00,9.929004900198739048e-01
2.966293869888930734e-01,-1.666546706333155159e-01,9.933973528820699839e-01,1.214468075322681528e+00,1.594487897665868070e+00,1.109903058686647181e+00,2.813121863335096284e-01,-1.202314861984978278e-01,9.342663971513121002e-01,7.296215185548164950e-01,1.771703672064776747e+00,1.008306291605560512e+00
3.076637279813395631e-01,-1.499164848887163115e-01,1.004813386838267819e+00,1.103434099244648081e+00,1.673818574459920105e+00,1.141603395619783079e+00,2.880269382320789218e-01,-1.021768749714499769e-01,9.444240868298703351e-01,6.128661488335778174e-01,1.837855505164000203e+00,1.023105779869156073e+00
3.175812267038886083e-01,-1.324675172718446092e-01,1.016356525255658783e+00,9.917498722549019652e-01,1.744896761687169340e+00,1.154313841739091462e+00,2.935611044501818534e-01,-8.350274807407540023e-02,9.547255228192346177e-01,4.935894324033995861e-01,1.895497668731776830e+00,1.037009028797722276e+00
3.263673814656756211e-01,-1.143925565819863127e-01,1.027929338501102130e+00,8.786154761786996170e-01,1.807496068985829707e+00,1.157281324544343626e+00,2.978920281764724787e-01,-6.429737787729189469e-02,9.651603848330457813e-01,3.723031887364576242e-01,1.944005022699835994e+00,1.049748304547345246e+00
3.340022918255308726e-01,-9.577356921928789624e-02,1.039568024713788841e+00,7.634910359855233697e-01,1.861898736269841592e+00,1.163868621268663084e+00,3.010021840525839432e-01,-4.465498070461312863e-02,9.757157935765373713e-01,2.495217484661436114e-01,1.982814681310644644e+00,1.061079839991037943e+00
3.404256564795908324e-01,-7.666601608381765076e-02,1.051330787471713935e+00,6.423364654059945389e-01,1.910755313547025214e+00,1.176276275792512482e+00,3.028791990027572267e-01,-2.467507109614480720e-02,9.863765595340704406e-01,1.257610902628139016e-01,2.011430676906358794e+00,1.070785668696824677e+00
3.455787448255910888e-01,-5.712115421965248407e-02,1.063296715403169612e+00,5.153088346000253006e-01,1.954486186416516835e+00,1.196592793145570433e+00,3.035158642304000565e-01,-4.461768678400090948e-03,9.971254503936000102e-01,1.537937344000539497e-03,2.029428774976000049e+00,1.078675518335999728e+00
3.494231469151826697e-01,-3.719097598356958800e-02,1.075516215679405363e+00,3.844402089591561489e-01,1.993017823608289385e+00,1.221950027623567303e+00,3.029101379779194914e-01,1.587694387264715346e-02,1.007943477702374580e+00,-1.226311863809272928e-01,2.036461440460850536e+00,1.084588763521566523e+00
3.519561993744184103e-01,-1.696877531062947198e-02,1.088020947307493547e+00,2.533052459235726195e-01,2.022220067294011603e+00,1.250473162808809047e+00,3.010651386461744017e-01,3.623001328785480091e-02,1.018810203348170962e+00,-2.462309405316474020e-01,2.032262955318073772e+00,1.088396438076854267e+00
3.532253702695138387e-01,3.443702759943243624e-03,1.100842723849350335e+00,1.269170895095406426e-01,2.041247807057271491e+00,1.282177654185685967e+00,2.979891278698902912e-01,5.648416009313167452e-02,1.029704066460367384e+00,-3.687481928433160583e-01,2.016654687342551266e+00,1.090003306734312893e+00
3.532464685404027027e-01,2.393362559995804162e-02,1.113984920417986357e+00,2.109827088886337410e-03,2.048992284001479813e+00,1.314219656863603536e+00,2.936954831453827963e-01,7.652477644216681973e-02,1.040602731325152686e+00,-4.896730841185443772e-01,1.989550510246948622e+00,1.089349996264484588e+00
3.519629602543991598e-01,4.442927163186370654e-02,1.127424477526058677e+00,-1.283508286003531840e-01,2.049564603190566547e+00,1.343955710807237525e+00,2.882026596069335866e-01,9.623687890625004515e-02,1.051483456909179770e+00,-6.085001335449216064e-01,1.950962375000000026e+00,1.086415186035155855e+00
3.493438794872402164e-01,6.486688482327902794e-02,1.141191541295546230e+00,-2.619080767158927792e-01,2.043761319141532251e+00,1.376706376948747534e+00,2.815341405481630033e-01,1.155061177337665668e-01,1.062323488585957598e+00,-7.247293843780884259e-01,1.901006032423012915e+00,1.081217858000686149e+00
3.453544733931617206e-01,8.512374403858770366e-02,1.155223788692639086e+00,-3.989406094078483678e-01,2.025685921530867795e+00,1.403224739709291402e+00,2.737183762847443247e-01,1.342198440919484259e-01,1.073100472659290983e+00,-8.378675899903496038e-01,1.839906907044599027e+00,1.073819606121513726e+00
3.399539900381121638e-01,1.050871539116455533e-01,1.169425165163351821e+00,-5.400483355049553458e-01,1.996340987305785353e+00,1.420137647071275655e+00,2.647887109548046625e-01,1.522682368034629086e-01,1.083792894278063912e+00,-9.474294402848406627e-01,1.768006122213625630e+00,1.064327005213842936e+00
3.331193600403776767e-01,1.246549025796500759e-01,1.183738113720875562e+00,-6.834629997734490425e-01,1.956774866800452317e+00,1.431294855752382134e+00,2.547832968533557119e-01,1.695454900904230233e-01,1.094380539336671232e+00,-1.052938828475234345e+00,1.685766676470386471e+00,1.052894039229504530e+00
3.249545217410990117e-01,1.436808525368315492e-01,1.198114954821715372e+00,-8.164838299278680545e-01,1.902594995718146498e+00,1.437684110083970790e+00,2.437449958971000252e-01,1.859510638384000991e-01,1.104844980955399958e+00,-1.153930158231000203e+00,1.593779771175999560e+00,1.039724588965999619e+00
3.156044845387365183e-01,1.620551016993161952e-01,1.212499542797841112e+00,-9.350037202362482258e-01,1.837424916248465712e+00,1.438458797612581108e+00,2.317212678159571992e-01,2.013909978930213396e-01,1.115170091135062824e+00,-1.249949691188206202e+00,1.492771289400022461e+00,1.025074979206716197e+00
3.051828646613938822e-01,1.796659976928364766e-01,1.226807336268847637e+00,-1.042161987734264494e+00,1.761089599352027024e+00,1.430779347100648691e+00,2.187640446676543116e-01,2.157792919017355593e-01,1.125342578180182684e+00,-1.340556934825865465e+00,1.383608426066291752e+00,1.009256585291328667e+00
2.936587184769452463e-01,1.962816389909412540e-01,1.240767958671662674e+00,-1.152414618444866257e+00,1.661564129810477297e+00,1.396062240281495948e+00,2.049295912717240542e-01,2.290393522133272186e-01,1.135352550485033918e+00,-1.425326070707835679e+00,1.267306469356987986e+00,9.926384991163734739e-01
2.809893133889931893e-01,2.117595854533831923e-01,1.254271933439971454e+00,-1.266940508795208142e+00,1.547794646244193162e+00,1.350397476830873300e+00,1.902783511592582855e-01,2.411055073477624267e-01,1.145194107276839457e+00,-1.503847423090258317e+00,1.145035733374912379e+00,9.756502545660002967e-01
2.671020982662892229e-01,2.260364278709108832e-01,1.267342563367276798e+00,-1.388721512270397307e+00,1.427684241752768646e+00,1.307062992730531503e+00,1.748747776347569227e-01,2.519245935489499710e-01,1.154865956910426705e+00,-1.575728967894546972e+00,1.018128642063998335e+00,9.587846123729054648e-01
2.519707221337967318e-01,2.389672622260758938e-01,1.279912461468753593e+00,-1.513137613249248670e+00,1.293083435516501511e+00,1.256989810147676190e+00,1.587871495464220351e-01,2.614576119329976023e-01,1.164372063308642069e+00,-1.640597882045926159e+00,8.880869643880411335e-01,9.426004044094419276e-01
2.356618370510707994e-01,2.504365403850281613e-01,1.291931209486688381e+00,-1.630888508272594573e+00,1.146927815895224745e+00,1.201874801793489267e+00,1.420873713612349210e-01,2.696814587445464650e-01,1.173722321142832037e+00,-1.698102133177511686e+00,7.565892007676355835e-01,9.277254374089047850e-01
2.182804740316001690e-01,2.604176190715530304e-01,1.303429897919051950e+00,-1.738136301947063478e+00,9.981078686524879062e-01,1.149868843236360405e+00,1.248507571411698186e-01,2.765907302337665130e-01,1.182933260347680315e+00,-1.747912109699933936e+00,6.254981207753600447e-01,9.148594561169999251e-01
1.999285313879535231e-01,2.689421679023497602e-01,1.314487221824666818e+00,-1.835194264364665928e+00,8.524548830796729870e-01,1.105732390561494638e+00,1.071557980168788005e-01,2.821996036665950780e-01,1.192028780564718726e+00,-1.789722291236516938e+00,4.968684520891676337e-01,9.047771658734864442e-01
1.807307711783888993e-01,2.761941592361219500e-01,1.325327450712848520e+00,-1.919776020956462714e+00,7.251991333772194182e-01,1.084022888818177988e+00,8.908391275520020913e-02,2.865437959807997648e-01,1.201040916108799816e+00,-1.823252959423999453e+00,3.729547207039995982e-01,8.983313146239997327e-01
1.607983707281550323e-01,2.823607133912823808e-01,1.336158371262865074e+00,-1.993240045023387808e+00,6.166554155160438588e-01,1.083092055001649623e+00,7.071906490019348734e-02,2.896804585753109396e-01,1.210010097879745450e+00,-1.848335923185364438e+00,2.556808593557358122e-01,8.962058679446921472e-01
1.402306374551214596e-01,2.875577487061298787e-01,1.347115255798801536e+00,-2.056773327303356158e+00,5.197035314847481269e-01,1.095688453593644862e+00,5.214479940571792316e-02,2.916784844303857427e-01,1.218978641442232558e+00,-1.865164441345638080e+00,1.449682774519293060e-01,8.981371188374918102e-01
1.191053500563020728e-01,2.918124128313830945e-01,1.358225039302004111e+00,-2.112528739881939011e+00,4.254664125253212470e-01,1.110978350320253050e+00,3.344236894895231266e-02,2.925997280757903218e-01,1.227984692523141463e+00,-1.874015049670211042e+00,4.022733364148817214e-02,9.036242509652752108e-01
9.751205652344947794e-02,2.951021941059893128e-01,1.369464232237617818e+00,-2.159329353285259323e+00,3.289781274606239925e-01,1.123919293561372434e+00,1.469017100617532601e-02,2.925010170644067320e-01,1.237061327060188676e+00,-1.875163829937963156e+00,-5.911729811051952277e-02,9.121718100921792916e-01
7.550732223069965554e-02,2.973654286639054733e-01,1.380743334357210639e+00,-2.200473429274982351e+00,2.263234557916176393e-01,1.127910211959275877e+00,-4.036150349401232407e-03,2.914335024900960858e-01,1.246236702420619347e+00,-1.868885367594031566e+00,-1.536252180287327462e-01,9.232917743442341507e-01
5.323807073307161575e-02,2.979902300030640716e-01,1.389513830087611312e+00,-2.226925149762803979e+00,6.248013391585871545e-02,8.770495730400765799e-01,-2.266368909123779585e-02,2.894428274190358752e-01,1.255534139007763450e+00,-1.855452674000713564e+00,-2.438380451910276969e-01,9.365050251372426526e-01
3.093667394200574558e-02,2.972188105741145336e-01,1.396842553804803710e+00,-2.230139679106586836e+00,-7.714194289495224233e-02,7.328723717192472398e-01,-4.112226113145195372e-02,2.865693184951124683e-01,1.264972217007086286e+00,-1.835137113862504110e+00,-3.302770380537083383e-01,9.513429041479075643e-01
8.774108710447051096e-03,2.952218609229499413e-01,1.403407752915756479e+00,-2.216256523155869296e+00,-1.996949651164588169e-01,6.565199110952765205e-01,-5.934438751292464564e-02,2.828482019607542752e-01,1.274564889132166146e+00,-1.808208337825268242e+00,-4.134405908383567141e-01,9.673488563282082175e-01
-1.313379838832012120e-02,2.919946029774890817e-01,1.410029492217882874e+00,-2.190790709876717202e+00,-3.227257945460852984e-01,6.621739302126318227e-01,-7.726527695326840250e-02,2.783098453345877465e-01,1.284321610231033084e+00,-1.774934220249547501e+00,-4.938016057803435999e-01,9.840801589630225887e-01
-3.472763797433666560e-02,2.876303385108032740e-01,1.416757808558774201e+00,-2.159383958601654552e+00,-4.364264466685828792e-01,6.728316340891271619e-01,-9.482280779239979362e-02,2.729800259873000901e-01,1.294247484613299859e+00,-1.735580802158000591e+00,-5.718047412389989370e-01,1.001109736770999792e+00
-5.596569219048017074e-02,2.822232627695889229e-01,1.423644012239257517e+00,-2.123805421614350042e+00,-5.407075741214332210e-01,6.886203680483251599e-01,-1.119575093954564837e-01,2.668802278570915898e-01,1.304343431958516319e+00,-1.690412239356980484e+00,-6.478635356694426584e-01,1.018028063048679099e+00
-7.683358779389555526e-02,2.758647298259400693e-01,1.430746992350347524e+00,-2.086789560341538063e+00,-6.358532943648872449e-01,7.102980111090093640e-01,-1.286125430628011213e-01,2.600279675461020235e-01,1.314606372666183853e+00,-1.639690755732243099e+00,-7.223574074560750180e-01,1.034445146857856823e+00
-9.735315939647551375e-02,2.686402130980924396e-01,1.438150817726826070e+00,-2.051957160257996016e+00,-7.224516727847632991e-01,7.403825376478582188e-01,-1.447336824988526560e-01,2.524371510391932860e-01,1.325029433507856735e+00,-1.583676601718793542e+00,-7.956285306077279795e-01,1.049992606256202166e+00
-1.175484968114524770e-01,2.606122365471132407e-01,1.445939359316054107e+00,-2.019533741497696155e+00,-8.027976550979194492e-01,7.788541589228062945e-01,-1.602692938914870580e-01,2.441184622864724374e-01,1.335602174441769208e+00,-1.522628017944864798e+00,-8.679785863144766633e-01,1.064325827571119154e+00
-1.374660718134045334e-01,2.518471880051672551e-01,1.454211576981217613e+00,-1.991757500195205921e+00,-8.765048541945991145e-01,8.272217665163427158e-01,-1.751703156537482986e-01,2.350797848909383647e-01,1.346310837450414688e+00,-1.456801204050031995e+00,-9.396653903661085216e-01,1.077126210716859323e+00
-1.571583593332141482e-01,2.424220206449381743e-01,1.463075626717923683e+00,-1.969228751980961034e+00,-9.425167360229071978e-01,8.864049736706166582e-01,-1.893902378796114561e-01,2.253266581426351944e-01,1.357138618261513274e+00,-1.386450292677460672e+00,-1.010899396432256570e+00,1.088103500554878922e+00
-1.766910734023392215e-01,2.324223633931800093e-01,1.472638607343997874e+00,-1.953271406912506336e+00,-9.999657251758155008e-01,9.562980626074223389e-01,-2.028850815655384165e-01,2.148627686406965609e-01,1.368065961812799269e+00,-1.311827328640290391e+00,-1.081840075204187901e+00,1.096998204297446877e+00
-1.961344958541899886e-01,2.219485358440375922e-01,1.483000236163550589e+00,-1.944342245185077811e+00,-1.047382754914241598e+00,1.036162881955280834e+00,-2.156133776495686161e-01,2.036904787446630338e-01,1.379070882321061120e+00,-1.233182253262151917e+00,-1.152592169398258592e+00,1.103584094954499273e+00
-2.155243541263520690e-01,2.110867566526203332e-01,1.494188585101626110e+00,-1.938985827216208602e+00,-1.086177919141727344e+00,1.118834893807545194e+00,-2.275361459196855174e-01,1.918113930964574221e-01,1.390129308815865716e+00,-1.150762893891820404e+00,-1.223201824621021672e+00,1.107670800823741475e+00
-2.349077436582222567e-01,1.998859246052345773e-01,1.506104334879030393e+00,-1.938338953187019209e+00,-1.120083204738574922e+00,1.191574977740421870e+00,-2.386168738431999614e-01,1.792269644544000617e-01,1.401215456998399889e+00,-1.064814958592000593e+00,-1.293652596095999696e+00,1.109106481023999891e+00
-2.543517555171221356e-01,1.883579847111119254e-01,1.518574148542838564e+00,-1.944401185889989669e+00,-1.152793989412265629e+00,1.246981366380825573e+00,-2.488214953688924203e-01,1.659391400806487782e-01,1.412302228285862382e+00,-9.755820360022509075e-01,-1.363861331252115283e+00,1.107780587071819589e+00
-2.698098855735064916e-01,1.755373985570206075e-01,1.529361720684271342e+00,-1.545813005638434712e+00,-1.282058615409131797e+00,1.078757214143270859e+00,-2.581183697536555410e-01,1.519510499234445200e-01,1.423361636901837590e+00,-8.833056003760328956e-01,-1.433673928173788914e+00,1.103626710501310226e+00
-2.823841556924442386e-01,1.616386241791991363e-01,1.539128769135487573e+00,-1.257427011893772040e+00,-1.389877437782146785e+00,9.767048451216191474e-01,-2.664782604653763154e-01,1.372677378355509903e-01,1.434365265873082995e+00,-7.882250217919111179e-01,-1.502860969912679368e+00,1.096625516527242272e+00
-2.927634999464331367e-01,1.468004979459825721e-01,1.548280230207078167e+00,-1.037934425398891802e+00,-1.483812623321656199e+00,9.151461071590591967e-01,-2.738743142138024833e-01,1.218969370702651656e-01,1.445284752793166039e+00,-6.905775815388714989e-01,-1.571113234661104086e+00,1.086807763751387323e+00
-3.013756331103293329e-01,1.311150980498938801e-01,1.557058428356759894e+00,-8.612133163896223964e-01,-1.568539989608870089e+00,8.778198149681661899e-01,-2.802820401611327283e-01,1.058498912963870553e-01,1.456092306213378595e+00,-5.905984926757834597e-01,-1.638037081787107496e+00,1.074257409912109829e+00
-3.088981144511817600e-01,1.142011193478817133e-01,1.565618118620508703e+00,-7.522481340852400500e-01,-1.691397870201216236e+00,8.559690263748739314e-01,-2.856792893640708320e-01,8.914222237353042200e-02,1.466761253521364772e+00,-4.885209257649929526e-01,-1.703149713731195281e+00,1.059114803677203565e+00
-3.153801507026939288e-01,9.622699967850047165e-02,1.574069517019862197e+00,-6.482036251512190983e-01,-1.797411966938124106e+00,8.451398399353597934e-01,-2.900462344990879515e-01,7.179484612915718045e-02,1.477266621167892646e+00,-3.845760397800519481e-01,-1.765874313764723258e+00,1.041579962479979304e+00
-3.208885034181533924e-01,7.734466245979519650e-02,1.582518606573695807e+00,-5.508352715459486904e-01,-1.888233721870527626e+00,8.449089553833578625e-01,-2.933653499226320238e-01,5.383493737872030449e-02,1.487585748102203453e+00,-2.789930181875814874e-01,-1.825535059609951105e+00,1.021915936398598346e+00
-3.254849713489144092e-01,5.768872817945585457e-02,1.591053097066517097e+00,-4.596467930761000686e-01,-1.965593428033933998e+00,8.534490492821310559e-01,-2.956213921180264603e-01,3.529694543029776588e-02,1.497698933276370603e+00,-1.719991102032689678e-01,-1.881352012921754913e+00,1.000452258078653678e+00
-3.292341988316773715e-01,3.738887633853912179e-02,1.599755495929833238e+00,-3.749227482762953478e-01,-2.029985184091673389e+00,8.702398863316153088e-01,-2.968013805808000227e-01,1.622366131510033505e-02,1.507590118079099817e+00,-6.381967722200188042e-02,-1.932435884630999023e+00,9.775884786990002295e-01
-3.322092912016778588e-01,1.653825469171418469e-02,1.608684164217111023e+00,-2.975092370000502195e-01,-2.085062164682493613e+00,8.928668287277792270e-01,-2.968945791941882129e-01,-3.332662014761567093e-03,1.517247604559405438e+00,4.532175557786688458e-02,-1.977782676149567376e+00,9.537977899808331994e-01
-3.345003081565439129e-01,-4.789014749357424494e-03,1.617896889346715827e+00,-2.291016954866072208e-01,-2.132726944107160794e+00,9.212725129604910634e-01,-2.958924781465482878e-01,-2.330913527987027445e-02,1.526664810300591313e+00,1.552034424561157255e-01,-2.016268196437057014e+00,9.296307322400115813e-01
-3.362112567615717085e-01,-2.648686128736812279e-02,1.627454289719221681e+00,-1.710948605027815261e-01,-2.169784653801069663e+00,9.557400372505758801e-01,-2.937887764424284009e-01,-4.363100301706862583e-02,1.535841060804974179e+00,2.656053551581196714e-01,-2.046642454929129329e+00,9.057189884826351012e-01
-3.373897252459406304e-01,-4.843126053114359120e-02,1.637413886856673439e+00,-1.178468484368940805e-01,-2.194439924377546536e+00,9.959597137451742244e-01,-2.905793650590339783e-01,-6.421035703161886987e-02,1.544782420249776411e+00,3.763091157881794935e-01,-2.067523930327525683e+00,8.827792645438627961e-01
-3.380611347522288201e-01,-7.051744190969040649e-02,1.647831360795615874e+00,-6.714095062881912657e-02,-2.208618137854681418e+00,1.041747393894252527e+00,-2.862623107998297778e-01,-8.494479191657078321e-02,1.553502561474624066e+00,4.870979245087170284e-01,-2.077393715251734108e+00,8.616172552699847831e-01
-3.382326692494571074e-01,-9.268268918480790375e-02,1.658747349744438493e+00,-1.715344972282852737e-02,-2.216524727511749671e+00,1.091598894882259030e+00,-2.808378408970226281e-01,-1.057160013979543400e-01,1.562023676061083499e+00,5.977564820653333832e-01,-2.074589536752328822e+00,8.431316967437354482e-01
-3.378994295338481613e-01,-1.149449277009036430e-01,1.670178798528790365e+00,3.332397156089339507e-02,-2.226223851609573590e+00,1.143144878435191858e+00,-2.743083284146623502e-01,-1.263883142644141588e-01,1.570377425364664070e+00,7.080709071377344621e-01,-2.057299652685957270e+00,8.283185045528640433e-01
-3.368336083816051429e-01,-1.370580898446143447e-01,1.681950465261102146e+00,1.065821152242997644e-01,-2.211316214371071176e+00,1.177166673231181848e+00,-2.666782785041055259e-01,-1.468071686399017306e-01,1.578605933359726432e+00,8.178286485165271458e-01,-2.023556623951997757e+00,8.182749981019448171e-01
-3.350051859729916148e-01,-1.588411540149783363e-01,1.694064414586664347e+00,1.828422408613541994e-01,-2.178306417036400155e+00,1.211394932556209225e+00,-2.579543155635808938e-01,-1.667975233580435424e-01,1.586762822157721464e+00,9.268183921058708030e-01,-1.971230962590867719e+00,8.142042109674374473e-01
-3.322605548203290127e-01,-1.801408091680178902e-01,1.706479902856470776e+00,2.744631152662614371e-01,-2.129965515303955392e+00,1.241548826980647613e+00,-2.481450000000000045e-01,-1.861619999999999941e-01,1.594915000000000083e+00,1.034828999999999999e+00,-1.898025000000000073e+00,8.174190000000000067e-01
-3.285657987482518694e-01,-2.007453501257105977e-01,1.719201544662120051e+00,3.694756072077134412e-01,-2.060454095769272076e+00,1.272164180564937075e+00,-2.372618271899460396e-01,-2.046822103237691814e-01,1.603139818636162728e+00,1.141527508059947627e+00,-1.802354883186788603e+00,8.288957491703433655e-01
-3.239066004230619633e-01,-2.204356100727755674e-01,1.732230096386554452e+00,4.659198325189927159e-01,-1.969025994706497418e+00,1.302855172443446508e+00,-2.253215947601006075e-01,-2.221403945975126970e-01,1.611517951008114791e+00,1.246083352602412209e+00,-1.686073309751405791e+00,8.478836445929027743e-01
-3.183230411669523696e-01,-2.390899514264338555e-01,1.745607664419773331e+00,5.583559256109574820e-01,-1.865434135365829693e+00,1.337756803321894949e+00,-2.123504142218960999e-01,-2.383440136264562137e-01,1.620118584122556271e+00,1.347563894286642583e+00,-1.551892102858368538e+00,8.731997708512870826e-01
-3.119063526836813871e-01,-2.567376478158739928e-01,1.759420596401337411e+00,6.416688483270982513e-01,-1.764769638944015728e+00,1.381293198156413382e+00,-1.983835878303144007e-01,-2.531275372233164900e-01,1.628999140904737297e+00,1.445064187603095851e+00,-1.402500055774072329e+00,9.036748149995725843e-01
-3.047186281715483780e-01,-2.734662142376246274e-01,1.773720259196881699e+00,7.187724512132982468e-01,-1.672856642175064357e+00,1.429966279554423680e+00,-1.834653143994835200e-01,-2.663521775559617444e-01,1.638205434256011950e+00,1.537710463121984894e+00,-1.240555581061202339e+00,9.381567126341407992e-01
-2.967571747523070624e-01,-2.891581300017214695e-01,1.788508296404485609e+00,7.961453419241288909e-01,-1.569191576409683542e+00,1.478803720760402118e+00,-1.676483593048789800e-01,-2.779055465829998184e-01,1.647771858757174357e+00,1.624663807923905967e+00,-1.068678878969899548e+00,9.755145309786462660e-01
-2.880144539285094951e-01,-3.036759138955485438e-01,1.803782717586641882e+00,8.742720823797562879e-01,-1.451778389382706091e+00,1.527442118215617484e+00,-1.509936866903083263e-01,-2.877012327692611282e-01,1.657721622387712035e+00,1.705124044212543488e+00,-8.894436250256871901e-01,1.014642588982116456e+00
