2.724349999999999827e-01,1.296950000000000047e-01,1.412120800000000176e-01,0.000000000000000000e+00,0.000000000000000000e+00,-8.741920000000000801e-01,0.000000000000000000e+00,0.000000000000000000e+00,-8.741920000000000357e+01,2.724007348839633247e-01,1.297266789126629571e-01,1.500033755667147528e-01,-1.020285668710768819e-02,9.398855179736835888e-03,1.467946452579824493e-02,-2.009905959690912347e+00,1.837914602575001499e+00,2.882681169932987508e+00
2.723291662729818152e-01,1.297923714569831910e-01,1.417649139959115123e-01,-1.058337270181695933e-02,9.737145698319899303e-03,5.528339959114847435e-02,-1.058337270181695988e+00,9.737145698319898957e-01,9.294753995911484878e+01,2.721670106392454214e-01,1.299400747413354262e-01,1.503383768843829515e-01,-3.958554929610796913e-02,3.592850090968550264e-02,5.659670770438054305e-02,-3.836051160533191062e+00,3.426907797032051395e+00,5.448306064578803287e+00
2.719334959455556033e-01,1.301512672277499172e-01,1.445115530639912160e-01,-3.956703274261968994e-02,3.588957707667125852e-02,2.746639068079702595e-01,-2.898366004080272784e+00,2.615243137835135734e+00,2.193805072168217407e+01,2.721670106392454214e-01,1.299400747413354262e-01,1.503383768843829515e-01,-3.958554929610796913e-02,3.592850090968550264e-02,5.659670770438054305e-02,-3.836051160533191062e+00,3.426907797032051395e+00,5.448306064578803287e+00
2.715273387373389191e-01,1.305194003687813187e-01,1.473673564583349860e-01,-4.061572082166568787e-02,3.681331410314081509e-02,2.855803394343781054e-01,-1.048688079045997923e-01,9.237370264695551891e-02,1.091643262640786816e+00,2.703890119475829135e-01,1.315233586009985911e-01,1.528604437036077957e-01,-1.485604018762219647e-01,1.305664024927682410e-01,2.096067765777243908e-01,-6.940030274086093520e+00,5.877596398337638028e+00,9.648101886092900870e+00
2.700516245631742196e-01,1.318168091687791921e-01,1.514710228381191959e-01,-1.475714174164688974e-01,1.297408799997876727e-01,4.103666379784217666e-01,-1.069556965948032001e+01,9.292756589664683986e+00,1.247862985440436390e+01,2.685343202300460863e-01,1.331384072126937657e-01,1.554675832357015619e-01,-2.245114928451094061e-01,1.938976515005625123e-01,3.145634588525937914e-01,-8.220189407850625685e+00,6.750300573129999648e+00,1.129360938108624879e+01
2.676961113715265461e-01,1.338535669117843219e-01,1.565007871264175454e-01,-2.355513191647695403e-01,2.036757743005124244e-01,5.029764288298340658e-01,-8.797990174830063737e+00,7.393489430072475166e+00,9.260979085141226363e+00,2.658591019684334866e-01,1.354265951617807662e-01,1.592016306969419315e-01,-3.123672530616846688e-01,2.648161576533403783e-01,4.344977974737173065e-01,-9.321280477453267821e+00,7.396146857172441358e+00,1.264478897380757516e+01
2.644124167755578236e-01,1.366421725801833797e-01,1.625332714820679481e-01,-3.283694595968716379e-01,2.788605668399045667e-01,6.032484355650408192e-01,-9.281814043210207643e+00,7.518479253939213791e+00,1.002720067352067979e+01,2.622532305862068647e-01,1.384525644286833668e-01,1.641977646326422680e-01,-4.103471544275139049e-01,3.410872744270366241e-01,5.665023075538604402e-01,-1.024540088857034625e+01,7.822018642338890437e+00,1.370891237012379271e+01
2.601113442693361311e-01,1.402240591175228646e-01,1.697086151153990585e-01,-4.301072506221673142e-01,3.581886537339489252e-01,7.175343633331121573e-01,-1.017377910252956852e+01,7.932808689404438063e+00,1.142859277680713426e+01,2.576242731397982988e-01,1.422589644854917457e-01,1.705624637274905098e-01,-5.166936850225889444e-01,4.205481349898403942e-01,7.077456536581898661e-01,-1.099505999225897135e+01,8.035392306996428147e+00,1.449394235771207562e+01
2.547091811524439531e-01,1.446293640721357243e-01,1.781530503283589029e-01,-5.402163116892175765e-01,4.405304954612850876e-01,8.444435212959837678e-01,-1.101090610670502734e+01,8.234184172733616691e+00,1.269091579628716460e+01,2.576242731397982988e-01,1.422589644854917457e-01,1.705624637274905098e-01,-5.166936850225889444e-01,4.205481349898403942e-01,7.077456536581898661e-01,-1.099505999225897135e+01,8.035392306996428147e+00,1.449394235771207562e+01
2.497350594874447327e-01,1.486707161156496926e-01,1.858379716316893027e-01,-4.974121664999214820e-01,4.041352043513979919e-01,7.684921303330399800e-01,4.280414518929608114e+00,-3.639529110988707572e+00,-7.595139096294374781e+00,2.518972392074522171e-01,1.468672001253888970e-01,1.783743033144700452e-01,-6.296765741905829827e-01,5.011136970208286412e-01,8.554796987142890830e-01,-1.157320021124649934e+01,8.044360206745476916e+00,1.500856042444238980e+01
2.438465521252086710e-01,1.533519177837552872e-01,1.945732388882478181e-01,-5.888507362236073961e-01,4.681201668105584579e-01,8.735267256558505444e-01,-9.143856972368588742e+00,6.398496245916045488e+00,1.050345953228105955e+01,2.450142864708999835e-01,1.522782408898000206e-01,1.876848237537999953e-01,-7.475972288870000870e-01,5.807830174359999154e-01,1.007046829105999963e+00,-1.198321816622000036e+01,7.857653665159998191e+00,1.526219437675999657e+01
2.367083687614862098e-01,1.588841575662413852e-01,2.048026791000413793e-01,-7.138183363722457875e-01,5.532239782486084723e-01,1.022944021179356122e+00,-1.249676001486383825e+01,8.510381143804996995e+00,1.494172955235056577e+01,2.369343808772391424e-01,1.584734943923394590e-01,1.985194734437328301e-01,-8.687933812902194353e-01,6.576457570217110193e-01,1.159887555951085947e+00,-1.222898580211572117e+01,7.484665964527680515e+00,1.526504595806796694e+01
2.282352166342891675e-01,1.652773386576893433e-01,2.166263333708324246e-01,-8.473152127197052241e-01,6.393181091447950326e-01,1.182365427079105302e+00,-1.334968763474594589e+01,8.609413089618660919e+00,1.594214058997492245e+01,2.276329092683870847e-01,1.654157458386290303e-01,2.108786292250478256e-01,-9.916439476754350668e-01,7.298889149755145578e-01,1.311548392562724707e+00,-1.231487151440854966e+01,6.935475336590130269e+00,1.502811846710967814e+01
2.184120090283939442e-01,1.724810498108617085e-01,2.300440080526693909e-01,-9.823207605895226679e-01,7.203711153172370762e-01,1.341767468183695300e+00,-1.350055478698174127e+01,8.105300617244200367e+00,1.594020411045900154e+01,2.171012423654813117e-01,1.730501660410616593e-01,2.247386969410787583e-01,-1.114574098551488923e+00,7.958037933544003240e-01,1.459690008094823188e+00,-1.224576127540147397e+01,6.220867953283065965e+00,1.456324437635136171e+01
2.072510251064994535e-01,1.804187250154882238e-01,2.450140581641679915e-01,-1.116098392189448729e+00,7.937675204626502001e-01,1.497005011149861398e+00,-1.337776315999260568e+01,7.339640514541308391e+00,1.552375429661660711e+01,2.053462459955965880e-01,1.813053902275844065e-01,2.400532949151135687e-01,-1.236060540060599511e+00,8.537931914304361936e-01,1.602095657371158444e+00,-1.202707976051505057e+01,5.352360917476517876e+00,1.388311295036457871e+01
1.947814997107222557e-01,1.889965290224833172e-01,2.614683729850540983e-01,-1.246952539577718788e+00,8.577804006995096708e-01,1.645431482088610453e+00,-1.308541473882700501e+01,6.401288023685950179e+00,1.484264709387491443e+01,1.782678918483691088e-01,1.993171003458858170e-01,2.747543207108283925e-01,-1.468899964952379511e+00,9.402090053232884381e-01,1.861497517062618678e+00,-1.116552187811102570e+01,3.203508898957720952e+00,1.193228482181365102e+01
1.784431067496843049e-01,1.995042655142665322e-01,2.824648526610433197e-01,-1.633839296103796190e+00,1.050773649178320390e+00,2.099647967598922360e+00,-3.868867565260774199e+01,1.929932484788107416e+01,4.542164855103117560e+01,1.630305754351799030e-01,2.088589251881292630e-01,2.939459149554305983e-01,-1.577514529064449000e+00,9.660664736640396377e-01,1.974752900510468256e+00,-1.053637851362755384e+01,1.950059693318767051e+00,1.069149917436196340e+01
1.606004443820843175e-01,2.104764043597321943e-01,3.050468142673949945e-01,-1.784266236759998847e+00,1.097213884546567320e+00,2.258196160635168592e+00,-1.504269406562026035e+01,4.644023536824693821e+00,1.585481930362460368e+01,1.467406386309109967e-01,2.185949217962787072e-01,3.142053638696986617e-01,-1.679220586908094059e+00,9.788765648129069685e-01,2.074809456713060829e+00,-9.785172131911929583e+00,5.965483708073059388e-01,9.295333538671748386e+00
1.418371188018396345e-01,2.214820322234222483e-01,3.284536615300329698e-01,-1.876332558024466746e+00,1.100562786369004398e+00,2.340684726263797977e+00,-9.206632126446795183e+00,3.348901822437180265e-01,8.248856562862954434e+00,1.294731317901585688e-01,2.283898683336589297e-01,3.353931957743961911e-01,-1.772839137989653313e+00,9.777155262110502898e-01,2.160199482714516783e+00,-8.920337818314507672e+00,-8.415084499322498246e-01,7.761175415578965620e+00
1.223288587622886059e-01,2.323254072545777316e-01,3.524269827077560757e-01,-1.950826003955103305e+00,1.084337503115549106e+00,2.397332117772310589e+00,-7.449344593063655040e+00,-1.622528325345535816e+00,5.664739150851266558e+00,1.113144625151999412e-01,2.381000956543999902e-01,3.573561482624000307e-01,-1.857278842368000005e+00,9.618190967040001205e-01,2.229634240063999240e+00,-7.950976119039996348e+00,-2.347725274880002821e+00,6.107434808319988306e+00
1.021677387045933638e-01,2.428581203896706953e-01,3.768112950784531789e-01,-2.016112005769524540e+00,1.053271313509297036e+00,2.438431237069708768e+00,-6.528600181442133277e+00,-3.106618960625208814e+00,4.109911929739836545e+00,9.236148542532077177e-02,2.475751260444287172e-01,3.799290094291765119e-01,-1.931542780894532019e+00,9.305913102491130129e-01,2.282014317931631453e+00,-6.886874167436928929e+00,-3.904824743900439987e+00,4.353571840914148616e+00
8.143755331071098058e-02,2.529363859298141559e-01,4.014619335365415820e-01,-2.073018539388238768e+00,1.007826554014345621e+00,2.465063845808840970e+00,-5.690653361871401472e+00,-4.544475949495139666e+00,2.663260873913229076e+00,7.272052326742722839e-02,2.566594011490719307e-01,4.029365641153375144e-01,-1.994735426716057969e+00,8.836135295304314852e-01,2.316440272408236911e+00,-5.738526810287105206e+00,-5.494614640002190242e+00,2.520124376546155176e+00
6.023020394490911922e-02,2.624127629539972362e-01,4.262257403206461404e-01,-2.120734936580186414e+00,9.476377024183053610e-01,2.476380678410455172e+00,-4.771639719194748608e+00,-6.018885159604020707e+00,1.131683260161409077e+00,5.250631725531618166e-02,2.651941013863448049e-01,4.261956479231112649e-01,-2.046069828040576688e+00,8.206537094809408517e-01,2.332223541988907467e+00,-4.517157734095081700e+00,-7.097964898597854955e+00,6.287356359487336066e-01
3.864813746733202632e-02,2.711360489975770949e-01,4.509389662820336153e-01,-2.158206647757709096e+00,8.723286043579867588e-01,2.471322596138747052e+00,-3.747171117752255309e+00,-7.530909806031863774e+00,-5.058082271707942112e-01,3.184090452497190249e-02,2.730190591449993542e-01,4.495173117685691278e-01,-2.084875002165952118e+00,7.416758907122323885e-01,2.328897639240400164e+00,-3.234740591377612606e+00,-8.694784616763808316e+00,-1.297818184214943216e+00
1.680350879549199691e-02,2.789531267035139650e-01,4.754292158647764333e-01,-2.184462867184002732e+00,7.817077705936865684e-01,2.449024958274280905e+00,-2.625621942629350780e+00,-9.062083376430019044e+00,-2.229763786446630203e+00,1.085242059326169128e-02,2.799747680664061988e-01,4.727090997314452592e-01,-2.110603540771483821e+00,6.468499228515618427e-01,2.306229618652342772e+00,-1.904020126953120950e+00,-1.026399906250000527e+01,-3.235600292968754843e+00
-5.183416050585049756e-03,2.857112986004359256e-01,4.995183327916142835e-01,-2.198692484607704500e+00,6.758171896921936206e-01,2.408911692683787464e+00,-1.422961742370165705e+00,-1.058905809014929744e+01,-4.011326559049335216e+00,-1.032617529259760580e-02,2.859044907093440946e-01,4.955774429643873269e-01,-2.122839426472369784e+00,5.365614177863249346e-01,2.264231820672288009e+00,-5.385333042311850615e-01,-1.178352668398981073e+01,-5.159485686641079205e+00
-2.718603287366323437e-02,2.912607721083400047e-01,5.230255091062264716e-01,-2.200261682307818489e+00,5.549473507904069125e-01,2.350717631461223256e+00,-1.569197700114081662e-01,-1.208698389017867214e+01,-5.819406122256411962e+00,-3.155845402743356898e-02,2.906564668967708265e-01,5.179301724234766091e-01,-2.121306060637064839e+00,4.114219328159107181e-01,2.203173891924572914e+00,8.473695684980379061e-01,-1.323025611885976183e+01,-7.043133530482265314e+00
-4.907322156614284808e-02,2.954572230858711901e-01,5.457704637673106429e-01,-2.188718869247961329e+00,4.196450977531200888e-01,2.274495466108422459e+00,1.154281305985694006e+00,-1.353022530372868459e+01,-7.622216535280088578e+00,-5.270595185499971080e-02,2.940862250436507286e-01,5.395791531818564524e-01,-2.105874502467534715e+00,2.722793837109805382e-01,2.123595081613020241e+00,2.238503711774321836e+00,-1.458002320343941882e+01,-8.858959540282175027e+00
-7.071119792192412379e-02,2.981644283539644502e-01,5.675766684867743495e-01,-2.163797635578128098e+00,2.707205268093234585e-01,2.180620471946368433e+00,2.492123366983326260e+00,-1.489245709437966170e+01,-9.387499416205422165e+00,-7.362968902197314369e-02,2.960589987649104859e-01,5.603430430883060698e-01,-2.076571919342403927e+00,1.202286876801398063e-01,2.026316814107441466e+00,3.618828748677881180e+00,-1.580758798202117354e+01,-1.057810836398765986e+01
-9.196539919233871763e-02,2.992569714785175417e-01,5.882746278120705163e-01,-2.125420127041459217e+00,1.092543124553077838e-01,2.069795932529619797e+00,3.837750853666897832e+00,-1.614662143540156691e+01,-1.108245394167485998e+01,-9.419177399170003406e-02,2.964522510625998697e-01,5.800501785325998805e-01,-2.033590248422999291e+00,-4.337736375600115962e-02,1.912455537713999787e+00,4.971427578540004610e+00,-1.688661171612000089e+01,-1.217042596332002979e+01
-1.127024121339435803e-01,2.986230286263088507e-01,6.077052258056721001e-01,-2.073701294160486874e+00,-6.339428522087142692e-02,1.943059799360156159e+00,5.171883288097214759e+00,-1.726485976761792074e+01,-1.267361331694636917e+01,-1.142570953303140291e-01,2.951583083913295047e-01,5.985415900794874844e-01,-1.977295069522284621e+00,-2.169170019833376595e-01,1.783435849629353420e+00,6.278485250653460525e+00,-1.778963389373336668e+01,-1.360443199539248482e+01
-1.327919524095007575e-01,2.961672412728655335e-01,6.257231515943311173e-01,-2.008954027555716948e+00,-2.455787353443299181e-01,1.801792578865906158e+00,6.474726660476988194e+00,-1.821844501234584968e+01,-1.412672204942500542e+01,-1.336951033778596698e-01,2.920871069010608223e-01,6.156741507331365826e-01,-1.908234689236697035e+00,-3.984881486054044353e-01,1.641003897078675777e+00,7.521267837983141469e+00,-1.848804923860091520e+01,-1.484729219432778358e+01
-1.521089034163290166e-01,2.918136819963310646e-01,6.422004149034057363e-01,-1.931695100682824906e+00,-4.353559276534469946e-01,1.647726330907459680e+00,7.725892687289213079e+00,-1.897771923091170621e+01,-1.540662479584465316e+01,-1.523816838170488075e-01,2.871690531563213522e-01,6.313238595938729381e-01,-1.827149436340866018e+00,-5.858968528470905879e-01,1.487241054637449045e+00,8.680101310876512599e+00,-1.895208471946437712e+01,-1.586479075287551410e+01
-1.705354217433991959e-01,2.855089190102516605e-01,6.570299614576475822e-01,-1.842651832707018711e+00,-6.304762986079427423e-01,1.482954655424182144e+00,8.904326797580612407e+00,-1.951203709544957832e+01,-1.647716754832775621e+01,-1.702011252522770968e-01,2.803580016309202838e-01,6.453892636690593543e-01,-1.734981168445239863e+00,-7.766454990509652490e-01,1.324577877737129983e+00,9.734350410774244011e+00,-1.915077655932734046e+01,-1.662130270402968790e+01
-1.879631156733327646e-01,2.772251845695150041e-01,6.701293970287220958e-01,-1.742769392993356092e+00,-8.283734440736645332e-01,1.309943557107452028e+00,9.988243971366250307e+00,-1.978971454657218487e+01,-1.730110983167301697e+01,-1.870481829115335781e-01,2.716343512772373403e-01,6.577950205999484323e-01,-1.632882989916607963e+00,-9.679207842661903261e-01,1.155808332354591350e+00,1.066239752392063700e+01,-1.905194724471501289e+01,-1.707976630264628071e+01
-2.042953024719972310e-01,2.669636519397176611e-01,6.814448279672944420e-01,-1.633218679866446754e+00,-1.026153262979732084e+00,1.131543093857233284e+00,1.095507131269093826e+01,-1.977798189060676037e+01,-1.784004632502188059e+01,-2.028302405838282030e-01,2.610082634691601733e-01,6.684956050663516391e-01,-1.522229181061495185e+00,-1.156581465930031971e+00,9.841043008854466478e-01,1.144162155507424572e+01,-1.862218253493414721e+01,-1.720165540706059915e+01
-2.194493496380910680e-01,2.547578252445016900e-01,6.909548252599087004e-01,-1.515404716609382918e+00,-1.220582669521595998e+00,9.509997292614297271e-01,1.178139632570638362e+01,-1.944294065418639050e+01,-1.805433645958035527e+01,-2.174695729047677606e-01,2.485230036177428492e-01,6.774791616309578934e-01,-1.404625338572478954e+00,-1.339145879641992165e+00,8.130303642011370568e-01,1.204837680121844024e+01,-1.782680847133268287e+01,-1.694695186070489612e+01
-2.333591048038786697e-01,2.406770461883981638e-01,6.986745184779594720e-01,-1.390975516578761617e+00,-1.408077905610351621e+00,7.719693218050810435e-01,1.244292000306213097e+01,-1.874952360887557035e+01,-1.790304074563487191e+01,-2.309057101029110548e-01,2.342584087586603858e-01,6.847715067851442017e-01,-1.281918727237391531e+00,-1.511779227030496608e+00,6.465588598899032480e-01,1.245797182527176616e+01,-1.662986838655975319e+01,-1.627411787372571439e+01
-2.459774185725664974e-01,2.248301213854993486e-01,7.046598254188137789e-01,-1.261831376868782328e+00,-1.584692480289880745e+00,5.985306940854298041e-01,1.291441397099792177e+01,-1.766145746795290705e+01,-1.734386277196511728e+01,-2.430979073195290718e-01,2.183344834105344079e-01,6.904402829581132162e-01,-1.156208842911396140e+00,-1.670280633712219798e+00,4.890852166815446433e-01,1.264464832979867559e+01,-1.499409991382529483e+01,-1.514006840460148950e+01
-2.572787642359327664e-01,2.073690737990877830e-01,7.090118227611068580e-01,-1.130134566336625568e+00,-1.746104758641156662e+00,4.351997342293134063e-01,1.316968105321567428e+01,-1.614122783512758375e+01,-1.633309598561163867e+01,-2.540279999999999760e-01,2.009150000000000102e-01,6.945989999999999664e-01,-1.029857999999999940e+00,-1.810070000000000068e+00,3.454439999999999733e-01,1.258155999999999963e+01,-1.288091200000000036e+01,-1.350014200000000031e+01
-2.672619900602941079e-01,1.884930063059149230e-01,7.118812340782326720e-01,-9.983225824361315892e-01,-1.887606749317284560e+00,2.869411317125799554e-01,1.318119839004939742e+01,-1.415019906761279955e+01,-1.482586025167334398e+01,-2.637007927123916629e-01,1.822091098464491410e-01,6.974095750587666620e-01,-9.050300291322390667e-01,-1.927278707839553018e+00,2.197193268341382233e-01,1.238386717368879708e+01,-1.058330501482896935e+01,-1.167112603831170681e+01
-2.759476931047391002e-01,1.684396625192797481e-01,7.134595606136119317e-01,-8.685703044444994525e-01,-2.005334378663517825e+00,1.578326535379226958e-01,1.297522779916321589e+01,-1.177276293462331225e+01,-1.291084781746572574e+01,-2.721352073063782462e-01,1.624437689408376184e-01,6.990517278759222908e-01,-7.821840981825669559e-01,-2.022184190053696984e+00,1.114976395849444912e-01,1.218514060798714205e+01,-8.420118672384692360e+00,-9.999252693392287838e+00
-2.833629567972054675e-01,1.474478118253862435e-01,7.139382745819106146e-01,-7.415263692466360634e-01,-2.099185069389351455e+00,4.787139682987212597e-02,1.270439351978633979e+01,-9.385069072583357652e+00,-1.099612567080505698e+01,-2.793511171675419624e-01,1.418353041250294821e-01,6.996926615696645868e-01,-6.613309503977040649e-01,-2.096125887399367116e+00,1.921674769011966211e-02,1.198529267379716323e+01,-6.390367520908256438e+00,-8.482627119228443036e+00
-2.895353834565828066e-01,1.257430299881606983e-01,7.134934515244295561e-01,-6.172426659377312497e-01,-2.170478183722553300e+00,-4.448230574811062876e-02,1.242837033089048049e+01,-7.129311433320192570e+00,-9.235370257798274807e+00,-2.853685081535453083e-01,1.205867003824592082e-01,6.994840569341396197e-01,-5.424824039933052733e-01,-2.150432398672154743e+00,-5.866513249350852055e-02,1.178419551423815648e+01,-4.492866828591518313e+00,-7.119060106914614217e+00
-2.944918610288978500e-01,1.035349262103682499e-01,7.122828479010813174e-01,-4.956477572315023394e-01,-2.220810377779244060e+00,-1.210603623348227992e-01,1.215949087062289102e+01,-5.033219405669056457e+00,-7.657805658671216875e+00,-2.902074914044288634e-01,9.888771940087738577e-02,6.985622914938874883e-01,-4.256517691975469919e-01,-2.186419434166859688e+00,-1.236663539282499835e-01,1.158167809149437488e+01,-2.726221835785628045e+00,-5.906052058090001111e+00
-2.982584295610899994e-01,8.101702294597812326e-02,7.104458690555415235e-01,-3.766568532192158258e-01,-2.251790326439012446e+00,-1.836978845539804783e-01,1.189909040122864958e+01,-3.097994865976850143e+00,-6.263752221915767748e+00,-2.938883204710023844e-01,7.691503913788029501e-02,6.970486895972326513e-01,-3.108542948262391636e-01,-2.205387661660124898e+00,-1.772786548681851704e-01,1.137752323366280294e+01,-1.088817007209607723e+00,-4.840776958375629491e+00
-3.008603893029911935e-01,5.836721477277526104e-02,7.081041747429072108e-01,-2.601959741901203049e-01,-2.264980817320286111e+00,-2.341694312634263198e-01,1.164608790290955298e+01,-1.319049088127350888e+00,-5.047154670944584254e+00,-2.964314130566446659e-01,5.483241546400319244e-02,6.950498051512769004e-01,-1.981076443894592698e-01,-2.208620444915160075e+00,-2.209638145661679820e-01,1.117146468160094663e+01,4.211947158410804803e-01,-3.920066350811399758e+00
-3.023224506101095388e-01,3.574832560891916949e-02,7.053624003493472738e-01,-1.462061307118321940e-01,-2.261888916385609072e+00,-2.741774393559948120e-01,1.139898434782881154e+01,3.091900934677085933e-01,-4.000800809256846335e+00,-2.978573776678276053e-01,3.279086695815569552e-02,6.926577386011496529e-01,-8.743240172970845325e-02,-2.197381474708545834e+00,-2.561501487152004763e-01,1.096318413577461826e+01,1.805902663285957388e+00,-3.140393309293161295e+00
-3.026688814909392899e-01,1.330865996702082499e-02,7.023088809380370057e-01,-3.464308808297537901e-02,-2.243966564189834312e+00,-3.053519411310239295e-01,1.115630426288568167e+01,1.792235219577485994e+00,-3.117450177502913977e+00,-2.981870454686789684e-01,1.092888393017815707e-02,6.899504897561736794e-01,2.114739380841257343e-02,-2.172912292379129084e+00,-2.842288446241771904e-01,1.075230830310571228e+01,3.067649184050994293e+00,-2.497856412009733518e+00
-3.019236451109356678e-01,-8.817468132972485634e-03,6.990163607928377987e-01,7.452363800036455876e-02,-2.212612809999331187e+00,-3.292520145199162029e-01,1.091667260833399311e+01,3.135375419050316470e+00,-2.390007338889226229e+00,-2.974415076348999598e-01,-1.062733725469997004e-02,6.869923480655999448e-01,1.276036826769999522e-01,-2.136429705899000275e+00,-3.065501361279999726e-01,1.053840594381999907e+01,4.209040393859995177e+00,-1.988163714880000654e+00
-3.001105278169564627e-01,-3.050922529083184911e-02,6.955426925103566083e-01,1.813117293979213673e-01,-2.169175715785936376e+00,-3.473668282481174874e-01,1.067880913975568014e+01,4.343709421339490895e+00,-1.811481372820127334e+00,-2.956421585023522036e-01,-3.176363347472344056e-02,6.838343219465715661e-01,2.319037908921259827e-01,-2.089123098466558748e+00,-3.244193182320644908e-01,1.032098491829490783e+01,5.232956923026053531e+00,-1.606616724989947897e+00
-2.972532598640881263e-01,-5.165876092297291833e-02,6.919315336730997856e-01,2.857267952868310923e-01,-2.114953563214107213e+00,-3.611158837256855381e-01,1.044150658889097194e+01,5.422215257182906534e+00,-1.374905547756806179e+00,-2.928107448056295747e-01,-5.237758669901476649e-02,6.805146087669688981e-01,3.340098062695955328e-01,-2.032151629621662181e+00,-3.390926014911160857e-01,1.009948923390730258e+01,6.142564664242991412e+00,-1.348094374029720655e+00
-2.933756311240036108e-01,-7.217071453285703320e-02,6.882130491612434842e-01,3.877628740084525516e-01,-2.051195360988410599e+00,-3.718484511856303687e-01,1.020360787216214860e+01,6.375820222569683615e+00,-1.073256745994481953e+00,-2.889694213019301516e-01,-7.237820730874000574e-02,6.770591070857959748e-01,4.338779251291779993e-01,-1.966641328882860806e+00,-3.517728061224763003e-01,9.873296091881272218e+00,6.941325520376777192e+00,-1.207036991730676689e+00
-2.885016038353856449e-01,-9.196172176379893703e-02,6.844046263909213668e-01,4.874027288617956977e-01,-1.979100723094189718e+00,-3.808422770322079098e-01,9.963985485334314163e+00,7.209463789422093427e+00,-8.993825846577530037e-01,-2.841408130755434525e-01,-9.168558781725710816e-02,6.734819727537613154e-01,5.314577694673185970e-01,-1.893682081906721937e+00,-3.636048958536417519e-01,9.641712934135917124e+00,7.633008152256964607e+00,-1.177430279302450700e+00
-2.826554242014011065e-01,-1.109599137101335009e-01,6.805116099307756405e-01,5.846179633984562862e-01,-1.899819194633456609e+00,-3.893016460145780622e-01,9.721523453666055303e+00,7.928152846073313498e+00,-8.459368982370141232e-01,-2.783480848182679490e-01,-1.102305259144680250e-01,6.697862204767124350e-01,6.266916745983284187e-01,-1.814324509169234378e+00,-3.756713515042502394e-01,9.403974490133123254e+00,8.221698726468124718e+00,-1.252789282869997578e+00
-2.758617344069402844e-01,-1.291044046500097464e-01,6.765280611993962356e-01,6.793689794460849862e-01,-1.814449093987624995e+00,-3.983548731379442653e-01,9.475101604762873109e+00,8.537010064583162361e+00,-9.053227123366203166e-01,-2.716150173810746304e-01,-1.279541157605955104e-01,6.659643724445776236e-01,7.195139472640492695e-01,-1.729576737169301826e+00,-3.889873843024200806e-01,9.159239823725361163e+00,8.711811663141274309e+00,-1.426142366910665871e+00
-2.681456864285945985e-01,-1.463447639519782906e-01,6.724375483044536805e-01,7.716047978345695890e-01,-1.724035930196854416e+00,-4.090512894942589517e-01,9.223581838848463832e+00,9.041316379077064980e+00,-1.069641635631466414e+00,-2.639660918923315003e-01,-1.448073064546048783e-01,6.619991556284726686e-01,8.098500942120010482e-01,-1.640401062154320133e+00,-4.044959889354600158e-01,8.906589380003456569e+00,9.108100383745311390e+00,-1.690015187691241039e+00
-2.595330588410778572e-01,-1.626404684060842876e-01,6.682139705409868569e-01,8.612627587516753502e-01,-1.629570445410600810e+00,-4.223577763466832002e-01,8.965796091710579674e+00,9.446548478625368617e+00,-1.330648685242423745e+00,-2.554265817379037795e-01,-1.607504266024922801e-01,6.578642493486295262e-01,8.976160212420012385e-01,-1.547710506367845795e+00,-4.230628363349480114e-01,8.645022032144378699e+00,9.415668058878440050e+00,-2.036414666704994048e+00
-2.500503776809361867e-01,-1.779603316508284183e-01,6.638224216078639772e-01,9.482681160141693821e-01,-1.531986324474414296e+00,-4.391548933122880194e-01,8.700535726249402302e+00,9.758412093618654026e+00,-1.679711696560481915e+00,-2.460226526984458373e-01,-1.757526739106601843e-01,6.535250847158008414e-01,9.827172027212691674e-01,-1.452365266819338530e+00,-4.454710061961820733e-01,8.373452128259021521e+00,9.639978356059627274e+00,-2.456812964108761932e+00
-2.397250423079562709e-01,-1.922819077219511674e-01,6.592200952149812609e-01,1.032533537297992465e+00,-1.432157607112275244e+00,-4.602326392882696848e-01,8.426542128382303432e+00,9.982871736213905223e+00,-2.107774597598164323e+00,-2.357814715391999827e-01,-1.897915687295999576e-01,6.489396975487999875e-01,1.065047821567999708e+00,-1.355169056576001063e+00,-4.724155592319999597e-01,8.090706538240000967e+00,9.786866187519995819e+00,-2.942131452159989280e+00
-2.285854571031831206e-01,-2.055908660478263927e-01,6.543572364280854092e-01,1.113958520477313696e+00,-1.330895832587521310e+00,-4.862858786895891683e-01,8.142498317932124863e+00,1.012617745247538714e+01,-2.605323940131949456e+00,-2.247313233476167516e-01,-2.028523704731044486e-01,6.440596363708289696e-01,1.144489879703421753e+00,-1.256865338576702129e+00,-5.044979491609711264e-01,7.795521700609418403e+00,9.862548457994288142e+00,-3.482724688653782152e+00
-2.166611697569270634e-01,-2.178803354680684812e-01,6.491781418236611811e-01,1.192428734625605946e+00,-1.228946942024208289e+00,-5.179094604424258064e-01,7.847021414829229435e+00,1.019488905633129505e+01,-3.162358175283661588e+00,-2.129017379141119326e-01,-2.149274558382291977e-01,6.388309270872543078e-01,1.220912278972333453e+00,-1.158133451967979344e+00,-5.422202744299599031e-01,7.486540669366662293e+00,9.873634812512273484e+00,-4.068364390359954896e+00
-2.039830168280656886e-01,-2.291502150641548941e-01,6.436222112950642504e-01,1.267815292886136147e+00,-1.126987959608641399e+00,-5.555930528596955131e-01,7.538655826053023645e+00,1.019589824155668190e+01,-3.768359241726970676e+00,-2.003236254512767156e-01,-2.260156577512246745e-01,6.331950959474844653e-01,1.294169872532110244e+00,-1.059584630962131513e+00,-5.859793696710557942e-01,7.162310160836182327e+00,9.827138384190208242e+00,-4.688223406460110709e+00
-1.905832771952135074e-01,-2.394064497696757055e-01,6.376250541562021867e-01,1.339973963285219227e+00,-1.025623470552080585e+00,-5.997157138862012626e-01,7.215867039908313352e+00,1.013644890565607426e+01,-4.412266102650574950e+00,-1.870294219468544017e-01,-2.361215639646597197e-01,6.270902523936064954e-01,1.364102486710197848e+00,-9.617579162174020313e-01,-6.360607368928786753e-01,6.821277600515275985e+00,9.730486542022239504e+00,-5.330859691984688453e+00
-1.764958339691532485e-01,-2.486602688784969317e-01,6.311196520248554265e-01,1.408744322606026778e+00,-9.253819108821236261e-01,-6.505402131346761374e-01,6.877035932080744374e+00,1.002415596699569100e+01,-5.082449924847491474e+00,-1.730532444458007801e-01,-2.452547742309570955e-01,6.204522333984374693e-01,1.430533913330077844e+00,-8.651159587402350581e-01,-6.926323164062498927e-01,6.461788169921874214e+00,9.591531638671868976e+00,-5.984200281249993481e+00
-1.617563453927990669e-01,-2.569273856960915814e-01,6.240375808293534554e-01,1.473948857635419163e+00,-8.267116817594628575e-01,-7.082071195502006589e-01,6.520453502939234980e+00,9.867022912266076418e+00,-5.766690641552447261e+00,-1.584310565567413343e-01,-2.534291149775623753e-01,6.132158108956479170e-01,1.493270872505713331e+00,-7.700407163096303353e-01,-7.557380974842385912e-01,6.082081853442321773e+00,9.418561758263352957e+00,-6.635525261295298627e+00
-1.464024252186211794e-01,-2.642271566862813836e-01,6.163102941657214728e-01,1.535392017417789523e+00,-7.299770990189830000e-01,-7.727286663631928176e-01,6.144315978237044895e+00,9.673458274047984418e+00,-6.452154681299210992e+00,-1.432008444781427692e-01,-2.606618104089668542e-01,6.053159639046120644e-01,1.552101945904472480e+00,-6.768290424235781089e-01,-8.252915687565761660e-01,5.680290485179165572e+00,9.220311464173134297e+00,-7.271451745319871485e+00
-1.304738330228406296e-01,-2.705816985557885079e-01,6.078704701341561822e-01,1.592859219578055985e+00,-6.354541869507115415e-01,-8.439824031565322793e-01,5.746720216026645289e+00,9.452291206827140968e+00,-7.125373679333946164e+00,-1.274028038395119689e-01,-2.669726089608039921e-01,5.966892169526432088e-01,1.606796480478527300e+00,-5.856881677675773723e-01,-9.010690083384399474e-01,5.254434795798935021e+00,9.005972546821324087e+00,-7.877917846120030987e+00
-1.140126748898988712e-01,-2.760149617949642087e-01,5.986534237008928061e-01,1.646115813294176000e+00,-5.433263239175687431e-01,-9.217046433263341720e-01,5.325659371611991766e+00,9.212786303314285163e+00,-7.772224016980184835e+00,-1.110795376529392919e-01,-2.723828640312432880e-01,5.872750463972683521e-01,1.657103462664736959e+00,-4.967310742052428729e-01,-9.827026136936113376e-01,4.802421459379930369e+00,8.785204771463059004e+00,-8.440166649526206655e+00
-9.706361487896367213e-02,-2.805517592570801466e-01,5.885985865617610058e-01,1.694906001093519743e+00,-4.536797462115939594e-01,-1.005483713913175592e+00,4.879018779934364503e+00,8.964657770597479924e+00,-8.377907058684140651e+00,-9.427626567029989690e-02,-2.769145679149001005e-01,5.770173562511999865e-01,1.702750363053000537e+00,-4.099717612909998810e-01,-1.069673471232000406e+00,4.322040140259996832e+00,8.568146625979993658e+00,-8.942730187839989853e+00
-7.967409766591038167e-02,-2.842167484125099342e-01,5.776510564249329738e-01,1.738951721305329601e+00,-3.664989155429781431e-01,-1.094753013682807641e+00,4.404572021180993779e+00,8.718083066861581187e+00,-8.926929976963206670e+00,-7.704104544143017264e-02,-2.805893378644816472e-01,5.658660251126605978e-01,1.743441951523089450e+00,-3.253204053048619482e-01,-1.161304365641541825e+00,3.810960539884330700e+00,8.365426068671711235e+00,-9.369413413271210800e+00
-6.189458273877854189e-02,-2.870333659595846743e-01,5.657632175808295916e-01,1.777951492713184312e+00,-2.816617547074740102e-01,-1.188783884410334668e+00,3.899977140785471974e+00,8.483716083550410403e+00,-9.403087072752708053e+00,-5.942500536859171567e-02,-2.834273532053928624e-01,5.537785258037161151e-01,1.778859082849967965e+00,-2.425784108092878810e-01,-1.256752428954467593e+00,3.266729443653224152e+00,8.188171276047155445e+00,-9.703278171375000483e+00
-4.377879051169347724e-02,-2.890227135122104274e-01,5.528964345854058271e-01,1.811579222708506354e+00,-1.989347552625762017e-01,-1.286678299542377779e+00,3.362772999532206430e+00,8.272699944489779966e+00,-9.789441513204305778e+00,-4.148259005254242848e-02,-2.854462424285203470e-01,5.407216193192759812e-01,1.808657452777574282e+00,-1.614333547281399106e-01,-1.355001629347938774e+00,2.686767767769893567e+00,8.048021390616030502e+00,-9.926627174488750427e+00
-2.538396071128004583e-02,-2.902023931166117232e-01,5.390228208478571315e-01,1.839482980041343252e+00,-1.179679604401301651e-01,-1.387361373754873561e+00,2.790375733283681825e+00,8.096679482244603321e+00,-1.006830742124956934e+01,-2.327181822552470969e-02,-2.866599191864159235e-01,5.266731246894126306e-01,1.832466324561093707e+00,-8.145382294771330578e-02,-1.454855099679058128e+00,2.068367606088237665e+00,7.957137268680332554e+00,-1.002098797516931228e+01
-6.771123380357086524e-03,-2.905852913767633661e-01,5.241270838841498581e-01,1.861283733092295778e+00,-3.828982601516674189e-02,-1.489573696370724454e+00,2.180075305095263261e+00,7.967813442496342269e+00,-1.022123226158509723e+01,-4.854553566489894223e-03,-2.870773661181025282e-01,5.116237663576624906e-01,1.849887225977703054e+00,-2.084139439860743792e-03,-1.554927305754249200e+00,1.408689276960625847e+00,7.928212228125628869e+00,-9.967096939629993102e+00
1.199461716408279852e-02,-2.901783109909920055e-01,5.082084489727995980e-01,1.876574054443988615e+00,4.069803857713373552e-02,-1.591863491135022679e+00,1.529032135169275275e+00,7.898786459230048074e+00,-1.022897947642981720e+01,1.370321130612717209e-02,-2.867013654277201229e-01,4.955791006779571295e-01,1.860492616805793809e+00,7.736101209280876745e-02,-1.653636054333000871e+00,7.047583700856829836e-01,7.974482796212631897e+00,-9.744883221177541799e+00
3.084378508816330855e-02,-2.889810485215404956e-01,4.912826629282726620e-01,1.884916792408050989e+00,1.197262469451489952e-01,-1.692578604452692481e+00,8.342737964062320044e-01,7.902820836801525139e+00,-1.007151133176697044e+01,3.233105736876862313e-02,-2.855271751422344684e-01,4.785615231328486097e-01,1.863824526772674073e+00,1.577020740496264395e-01,-1.749194340865994235e+00,-4.653720664392402284e-02,8.109739457368570825e+00,-9.333452733649309607e+00
4.970222218876700626e-02,-2.869844172351627698e-01,4.733840796896519598e-01,1.885843710060369327e+00,1.996631286377718584e-01,-1.789858323862071776e+00,9.269176523183175753e-02,7.993688169262284759e+00,-9.727971940937933937e+00,5.095382795893299566e-02,-2.835411499734302176e-01,4.606123578756806114e-01,1.859393163970749274e+00,2.399002082425001348e-01,-1.839602036967595389e+00,-8.484501802937050030e-01,8.348337400978612877e+00,-8.711072124850272047e+00
6.849076311127072492e-02,-2.841692138665295464e-01,4.545678294072619807e-01,1.878854092250371366e+00,2.815203368633237280e-01,-1.881625028238997022e+00,-6.989617809997874520e-01,8.185720822555186516e+00,-9.176670437692532545e+00,6.949130347785942297e-02,-2.807193057094067301e-01,4.417940311993616698e-01,1.846675493742175878e+00,3.250629966844322816e-01,-1.922637417622703460e+00,-1.704376866039559957e+00,8.705207269177288154e+00,-7.855152749990023331e+00
8.712489632103911918e-02,-2.805046281677809339e-01,4.349120726973544349e-01,1.863413320976839760e+00,3.664585698748616394e-01,-1.965575670990755919e+00,-1.544077127353157275e+00,8.493823301153792471e+00,-8.395064275175890600e+00,8.785800000000000554e-02,-2.770250000000000212e-01,4.221929999999999850e-01,1.825112999999999985e+00,4.144510000000000138e-01,-1.995848999999999984e+00,-2.617859999999999854e+00,9.195866000000000540e+00,-6.742233999999999838e+00
1.055144208044681009e-01,-2.759465889878974787e-01,4.145204182916903957e-01,1.838952448342898505e+00,4.558039179883432990e-01,-2.039165440566404364e+00,-2.446087263394118416e+00,8.934534811348164851e+00,-7.358976957564864918e+00,1.059626768473927311e-01,-2.724117759206454159e-01,4.019178226708732815e-01,1.794282894803597372e+00,5.090399226174833203e-01,-2.057183964582817826e+00,-3.541526915217656057e+00,9.703545523299720088e+00,-5.540721159448192878e+00
1.235649643155814492e-01,-2.704414487476776707e-01,3.935168970078025130e-01,1.805054351111335498e+00,5.505140240219797976e-01,-2.100352128388788486e+00,-3.389809723156300247e+00,9.471010603363648528e+00,-6.118668782238431803e+00,1.237135371568013342e-01,-2.668291118172329557e-01,3.810877783499668769e-01,1.754416921791490447e+00,6.081561120420523325e-01,-2.106981362697144977e+00,-4.424856593209774758e+00,1.010149325037179047e+01,-4.434583675903787103e+00
1.411839885671503370e-01,-2.639406764391402094e-01,3.720245017737484616e-01,1.761902425156888219e+00,6.500772308537462463e-01,-2.149239523405404917e+00,-4.315192595444719892e+00,9.956320683176640429e+00,-4.888739501661660825e+00,1.410222567054971454e-01,-2.602372032394319468e-01,3.598134884629626828e-01,1.705923720839209734e+00,7.107078610907333616e-01,-2.146190505984315600e+00,-5.266799827338864759e+00,1.039087125233717224e+01,-3.422899645642194066e+00
1.582831073625060314e-01,-2.564065335922184885e-01,3.501569480853123917e-01,1.709911879535568335e+00,7.534142846921723091e-01,-2.186755368843605218e+00,-5.199054562131994572e+00,1.033370538384260229e+01,-3.751584543820007944e+00,1.578046496836177370e-01,-2.526071006506350192e-01,3.381961308181502535e-01,1.649222288340546072e+00,8.156163059592758113e-01,-2.175750460694278132e+00,-6.066335193349523536e+00,1.057308865479004112e+01,-2.504539812626848772e+00
1.747786311549014426e-01,-2.478131117356220103e-01,3.280170901918852411e-01,1.649552379239541455e+00,8.593421856596468178e-01,-2.213985789342716171e+00,-6.035950029602687117e+00,1.059279009674744643e+01,-2.723042049911084117e+00,1.739807708029553757e-01,-2.439205683893500842e-01,3.163275526361040146e-01,1.584741679200953657e+00,9.218179723959993854e-01,-2.196587911717952757e+00,-6.822473085923119740e+00,1.064981676362000051e+01,-1.678155079604380262e+00
1.905917013738953891e-01,-2.381462802159458880e-01,3.056968892619663647e-01,1.581307021899395204e+00,9.666831519676120088e-01,-2.232020092991884752e+00,-6.824535734014616217e+00,1.073409663079651644e+01,-1.803430364916835948e+00,1.894750142238495472e-01,-2.341699174125632665e-01,2.942904055634843474e-01,1.512920668465414176e+00,1.028267473133852583e+00,-2.209614901730539316e+00,-7.534259755232387334e+00,1.062300419083427983e+01,-9.421640191998834624e-01
2.056483357098596587e-01,-2.274033805486255777e-01,2.832777301781284618e-01,1.505663433596427847e+00,1.074289966732030255e+00,-2.241915908383792289e+00,-7.564358830296731284e+00,1.076068147644182105e+01,-9.895815391907736291e-01,2.042162088965328026e-01,-2.233578103084892796e-01,2.721583039198478549e-01,1.434207372580746487e+00,1.133940356580705133e+00,-2.215726445445776349e+00,-8.200781343496103659e+00,1.049489198037995052e+01,-2.947403850120773328e-01
2.198794585266642954e-01,-2.155928604138957205e-01,2.608308082429508512e-01,1.423112281680464442e+00,1.181052013472985607e+00,-2.244692193517758838e+00,-8.255115191596345880e+00,1.067620467409554408e+01,-2.776285133966616137e-01,2.181377099132704722e-01,-2.114970370661284904e-01,2.499960074263624932e-01,1.349058830292373834e+00,1.237836106767855160e+00,-2.215798018981154804e+00,-8.821167921533744405e+00,1.026802873396613336e+01,2.661993772914659218e-01
2.332209322195416268e-01,-2.027338884437351885e-01,2.384175255998484122e-01,1.334147369287732365e+00,1.285897197016054205e+00,-2.241328264310244567e+00,-8.896491239273210283e+00,1.048451835430685364e+01,3.363929207514393394e-01,2.311774854676408864e-01,-1.986102600890472247e-01,2.278596296653145614e-01,1.257940543175543491e+00,1.338981294556762514e+00,-2.210682924334082422e+00,-9.394597525320111941e+00,9.945285736886203765e+00,7.430086188791218405e-01
2.456135917180401473e-01,-1.888559554333175683e-01,2.160898882505999929e-01,1.239265949849852166e+00,1.387793301041762684e+00,-2.232763734924842147e+00,-9.488141943788010124e+00,1.018961040257084072e+01,8.564529385402630535e-01,2.432781990172999675e-01,-1.847297269408000320e-01,2.057968735193000387e-01,1.161325975801000165e+00,1.436432880103999832e+00,-2.201209528969000129e+00,-9.920300192539997397e+00,9.529872083840000840e+00,1.138322976659998709e+00
2.570032812981336567e-01,-1.739984596504615399e-01,1.938909060110089178e-01,1.138968958009348498e+00,1.485749578285602723e+00,-2.219898223959107852e+00,-1.002969918405037575e+01,9.795627724384015522e+00,1.286551096573416153e+00,2.543872862465746953e-01,-1.698969493094112937e-01,1.838472948389896222e-01,1.059696015535113611e+00,1.529281666584430877e+00,-2.188178380515450883e+00,-1.039756199914282497e+01,9.025349804756039873e+00,1.455072862188735883e+00
2.673408923122547742e-01,-1.582102724222412826e-01,1.718549999069466649e-01,1.033761101412110195e+00,1.578818722822024290e+00,-2.203590610406225281e+00,-1.052078565972382762e+01,9.306914453642152196e+00,1.630761355288277148e+00,2.644570264252302794e-01,-1.541623466783336172e-01,1.620425955883583180e-01,9.535383919744573333e-01,1.616655905172606822e+00,-2.172359196577099638e+00,-1.082572909589729271e+01,8.435648990613708875e+00,1.696495950570289679e+00
2.765824004534727654e-01,-1.415492801560413183e-01,1.500084215547925204e-01,9.241508141217966710e-01,1.666099226619996099e+00,-2.184657835215414678e+00,-1.096102872903135150e+01,8.728050379797171132e+00,1.893277519081064675e+00,2.734446077597553204e-01,-1.375848531913015649e-01,1.404069477162702140e-01,8.433470560148453865e-01,1.697725051282386044e+00,-2.154487729651708428e+00,-1.120421174494603278e+01,7.765082919265491768e+00,1.866149669364730812e+00
2.846889012891395954e-01,-1.240818992275808108e-01,1.283696886832189910e-01,8.106500835666802240e-01,1.746738092846050527e+00,-2.163873287157352721e+00,-1.135007305551163981e+01,8.063886622605449972e+00,2.078454805806205563e+00,2.813121863335096284e-01,-1.202314861984978278e-01,1.189573490033087877e-01,7.296215185548164950e-01,1.771703672064776747e+00,-2.135262507162058565e+00,-1.153248835636025049e+01,7.018363181259159589e+00,1.967923687492037388e+00
2.916266429264722793e-01,-1.058825604700679435e-01,1.069500405268935112e-01,6.937741637332693889e-01,1.819933875751286401e+00,-2.141964815632547925e+00,-1.168759198334108262e+01,7.319578290523592656e+00,2.190847152480492888e+00,2.880269382320789218e-01,-1.021768749714499769e-01,9.770401213274293450e-02,6.128661488335778174e-01,1.837855505164000203e+00,-2.115341446597827968e+00,-1.181010952469437569e+01,6.200614805659998119e+00,2.006052404136873690e+00
2.973670547860333135e-01,-8.703316026936261385e-02,8.575391643958908683e-02,5.740411859561014296e-01,1.884940020070533073e+00,-2.119612408730441988e+00,-1.197329777771679105e+01,6.500614431924663705e+00,2.235240690210591463e+00,2.935611044501818534e-01,-8.350274807407540023e-02,7.665078823451981771e-02,4.935894324033995861e-01,1.895497668731776830e+00,-2.095338345768423594e+00,-1.203670206554070887e+01,5.317391385873005305e+00,1.985127437653401827e+00
3.018867715562151277e-01,-6.762247550207413360e-02,6.477946074574902902e-02,4.519716770181817500e-01,1.941068476728847747e+00,-2.097445569384005282e+00,-1.220695089379196929e+01,5.612845665831457609e+00,2.216683934643687515e+00,2.978920281764724787e-01,-6.429737787729189469e-02,5.579562615117394930e-02,3.723031887364576242e-01,1.944005022699835994e+00,-2.075819248166757447e+00,-1.221197305208407791e+01,4.374690205465073589e+00,1.910110114470056075e+00
3.051676514840531707e-01,-4.774553974998922701e-02,4.401905657144264405e-02,3.280879927838065702e-01,1.987693575208490326e+00,-2.076040417430637941e+00,-1.238836842343751599e+01,4.662509847964254384e+00,2.140515195336736287e+00,3.010021840525839432e-01,-4.465498070461312863e-02,3.513106867454524052e-02,2.495217484661436114e-01,1.982814681310644644e+00,-2.057298683443984366e+00,-1.233571385165646639e+01,3.378967363987256611e+00,1.786343957994349196e+00
3.071967882270570382e-01,-2.750297839000208355e-02,2.345989116098174884e-02,2.029136743003890075e-01,2.024256135998714345e+00,-2.055916541046089563e+00,-1.251743184834175615e+01,3.656256079022389027e+00,2.012387638454836924e+00,3.028791990027572267e-01,-2.467507109614480720e-02,1.464478700219301599e-02,1.257610902628139016e-01,2.011430676906358794e+00,-2.040235782995183822e+00,-1.240780416229168459e+01,2.337152902796927556e+00,1.619567177517652112e+00
3.079665155492214423e-01,-7.000300298462942827e-03,3.084554987648625846e-03,7.697273221643952112e-02,2.050267809153913934e+00,-2.037533617333312286e+00,-1.259409420839494942e+01,2.601167315519980594e+00,1.838292371277744364e+00,3.035158642304000565e-01,-4.461768678400090948e-03,-5.679845337599909172e-03,1.537937344000539497e-03,2.029428774976000049e+00,-2.025030270656000386e+00,-1.242821604928000134e+01,1.256665930880002335e+00,1.415925157120000222e+00
3.074744041936549599e-01,1.365285597336922743e-02,-1.712832319972462658e-02,-4.921113555664829997e-02,2.065315627183216929e+00,-2.021287818737325104e+00,-1.261838677730878189e+01,1.504781802930311718e+00,1.624579859598709319e+00,3.029101379779194914e-01,1.587694387264715346e-02,-2.586313784334565158e-02,-1.226311863809272928e-01,2.036461440460850536e+00,-2.012018328510230880e+00,-1.239701798172279545e+01,1.454297506731609957e-01,1.181982944574865968e+00
3.057232503057887851e-01,3.434352359684254841e-02,-3.720340339306990596e-02,-1.751153887866199188e-01,2.069066762347332222e+00,-2.007508019334527383e+00,-1.259042532299716122e+01,3.751135164115155796e-01,1.377979940279794313e+00,3.010651386461744017e-01,3.623001328785480091e-02,-4.592842643149935844e-02,-2.462309405316474020e-01,2.032262955318073772e+00,-2.001468337808366638e+00,-1.231437886908721424e+01,-9.881130161139690671e-01,9.247377402539722624e-01
3.027210548161177739e-01,5.495625839684213643e-02,-5.716792152141489392e-02,-3.002195489671017348e-01,2.061273479999958358e+00,-1.996451812834498352e+00,-1.251041601804818093e+01,-7.793282347373698959e-01,1.105620650002914207e+00,2.979891278698902912e-01,5.648416009313167452e-02,-6.590137361234787994e-02,-3.687481928433160583e-01,2.016654687342551266e+00,-1.993576494997088666e+00,-1.218057209776080185e+01,-2.134985302676589924e+00,6.516313860320614992e-01
2.984809932209121497e-01,7.537404120611043701e-02,-7.705093504411224259e-02,-4.240061595205638079e-01,2.041778280926830558e+00,-1.988301352269734368e+00,-1.237866105534620509e+01,-1.949519907312780465e+00,8.150460564763983839e-01,2.936954831453827963e-01,7.652477644216681973e-02,-8.580922420174802445e-02,-4.896730841185443772e-01,1.989550510246948622e+00,-1.988462302859710817e+00,-1.199597956760617024e+01,-3.285660471292519702e+00,3.705628541917178609e-01
2.930213752241830893e-01,9.547923347355352641e-02,-9.688252524190377191e-02,-5.459617996729067002e-01,2.010519226744309051e+00,-1.983159019779153098e+00,-1.219556401523428590e+01,-3.125905418252147072e+00,5.142332490581169591e-01,2.882026596069335866e-01,9.623687890625004515e-02,-1.056800153198242387e-01,-6.085001335449216064e-01,1.950962375000000026e+00,-1.986163936767578297e+00,-1.176109572851562568e+01,-4.430047187500003147e+00,8.990073632812212168e-02
2.863655937251228245e-01,1.151545879070907247e-01,-1.166929545775898802e-01,-6.655781499060282602e-01,1.967535443353719993e+00,-1.981042933568610831e+00,-1.196163502331215867e+01,-4.298378339058899655e+00,2.116086210542356127e-01,2.815341405481630033e-01,1.155061177337665668e-01,-1.255417394277348886e-01,-7.247293843780884259e-01,1.901006032423012915e+00,-1.986633486042419738e+00,-1.147653161696583091e+01,-5.557474294275483118e+00,-1.815042677461198295e-01
2.785420626528812282e-01,1.342843158894406197e-01,-1.365117775577613379e-01,-7.823531072241600715e-01,1.912972798234988892e+00,-1.981882298017144217e+00,-1.167749573181318112e+01,-5.456264511873103018e+00,-8.393644485333418004e-02,2.737183762847443247e-01,1.342198440919484259e-01,-1.454214591536166501e-01,-8.378675899903496038e-01,1.839906907044599027e+00,-1.989732070429645283e+00,-1.114301889257244760e+01,-6.656675686211414700e+00,-4.343068610962141918e-01
2.695841431654079634e-01,1.527552133697062109e-01,-1.563669035773463944e-01,-8.957919487473270381e-01,1.847089748026559342e+00,-1.985512601958504986e+00,-1.134388415231669178e+01,-6.588305020842962989e+00,-3.630303941360812914e-01,2.647887109548046625e-01,1.522682368034629086e-01,-1.653443726588169072e-01,-9.474294402848406627e-01,1.768006122213625630e+00,-1.995224831682605560e+00,-1.076141387464478605e+01,-7.715775183694033146e+00,-6.586546607603729342e-01
2.595300577416157495e-01,1.704578469036822086e-01,-1.762836102711083097e-01,-1.005408542379222281e+00,1.770263353397598660e+00,-1.991670669376191860e+00,-1.096165936318952916e+01,-7.682639462896062810e+00,-6.158067417686985401e-01,2.547832968533557119e-01,1.695454900904230233e-01,-1.853328282955231665e-01,-1.052938828475234345e+00,1.685766676470386471e+00,-2.002775800257791783e+00,-1.033270157874044948e+01,-8.722271407081164440e+00,-8.441757088450154711e-01
2.484227917066768321e-01,1.872878014905785815e-01,-1.962835059319412712e-01,-1.110726603493892739e+00,1.682995458689637625e+00,-1.999989566083295145e+00,-1.053180611146705559e+01,-8.726789470796113335e+00,-8.318896707103240473e-01,2.437449958971000252e-01,1.859510638384000991e-01,-2.054052873069001639e-01,-1.153930158231000203e+00,1.593779771175999560e+00,-2.011942637121000299e+00,-9.857999753219999661e+00,-9.663022650880003894e+00,-9.799659836200049767e-01
2.363099817391596247e-01,2.031469918325956303e-01,-2.163834395859071391e-01,-1.211280996751720407e+00,1.585919034201705324e+00,-2.009993365396586018e+00,-1.005543932578276412e+01,-9.707642448793224688e+00,-1.000379931329085093e+00,2.317212678159571992e-01,2.013909978930213396e-01,-2.255752333208414506e-01,-1.249949691188206202e+00,1.492771289400022461e+00,-2.022171250664437370e+00,-9.338562915801562170e+00,-1.052423175792493204e+01,-1.054576910613803875e+00
2.232437909162082179e-01,2.179450386258710570e-01,-2.365943573393140542e-01,-1.306619082295139789e+00,1.479804679327542560e+00,-2.021091775340692731e+00,-9.533808554341931085e+00,-1.061143548741627285e+01,-1.109840994410662418e+00,2.187640446676543116e-01,2.157792919017355593e-01,-2.458500273884495768e-01,-1.340556934825865465e+00,1.383608426066291752e+00,-2.032790288734786177e+00,-8.775786390115532853e+00,-1.129143099355525770e+01,-1.056002873708749235e+00
2.092807698592833998e-01,2.316007114762246577e-01,-2.569201036345070688e-01,-1.396302105692482698e+00,1.365567285035360623e+00,-2.032574629519302345e+00,-8.968302339734295359e+00,-1.142373942921818752e+01,-1.148285417860976931e+00,2.049295912717240542e-01,2.290393522133272186e-01,-2.662297073183484408e-01,-1.425326070707835679e+00,1.267306469356987986e+00,-2.043005505772216512e+00,-8.171210342259167092e+00,-1.194946691979306941e+01,-9.716687262362055932e-01
1.944817035483060452e-01,2.440434400204056498e-01,-2.773561660690467279e-01,-1.479906631097736458e+00,1.244272854418100094e+00,-2.043606243453966353e+00,-8.360452540525370679e+00,-1.212944306172604314e+01,-1.103161393466400853e+00,1.902783511592582855e-01,2.411055073477624267e-01,-2.867057300579439194e-01,-1.503847423090258317e+00,1.145035733374912379e+00,-2.051894005060354687e+00,-7.526523817351288059e+00,-1.248248526952100157e+01,-7.884173020718039382e-01
1.789114433765292556e-01,2.552148948228287750e-01,-2.978883624481258874e-01,-1.557026017177678412e+00,1.117145480242310196e+00,-2.053219637907915285e+00,-7.711938607994188288e+00,-1.271273741757898534e+01,-9.613394453948775897e-01,1.748747776347569227e-01,2.519245935489499710e-01,-3.072596558727352378e-01,-1.575728967894546972e+00,1.018128642063998335e+00,-2.058398356087204117e+00,-6.843568776086867089e+00,-1.287391582066000417e+01,-4.924969267306300580e-01
1.626387240222439690e-01,2.650706396087533223e-01,-3.184914687528597743e-01,-1.627271935428528105e+00,9.855744785924550611e-01,-2.060310630473389359e+00,-7.024591825084971930e+00,-1.315710016498551305e+01,-7.090992565473897002e-01,1.587871495464220351e-01,2.614576119329976023e-01,-3.278617730747944159e-01,-1.640597882045926159e+00,8.880869643880411335e-01,-2.061320587017007711e+00,-6.124344131291758586e+00,-1.310645727034716224e+01,-6.954892846244664639e-02
1.457359647166079630e-01,2.735818563872484122e-01,-3.391277867178593697e-01,-1.690275930563601481e+00,8.511216778495080959e-01,-2.063631796499961979e+00,-6.300399513507341176e+00,-1.344528007429469341e+01,-3.321166026572819341e-01,1.420873713612349210e-01,2.696814587445464650e-01,-3.484696620515159160e-01,-1.698102133177511686e+00,7.565892007676355835e-01,-2.059316052273080011e+00,-5.371009784477223548e+00,-1.316206210911349395e+01,4.954048506531041340e-01
1.282790544895711371e-01,2.807371450108731570e-01,-3.597456497205762105e-01,-1.745691022703683259e+00,7.155288623624731503e-01,-2.061786300271681860e+00,-5.541509214008188522e+00,-1.355928154870348834e+01,1.845496228280119055e-01,1.248507571411698186e-01,2.765907302337665130e-01,-3.690266973457501654e-01,-1.747912109699933936e+00,6.254981207753600447e-01,-2.050887175231578041e+00,-4.585890662394717765e+00,-1.302192149506171326e+01,1.217974543611298088e+00
1.103471209781321932e-01,2.865443987135975479e-01,-3.802778656925569489e-01,-1.793193351143894443e+00,5.807253702724411992e-01,-2.053221597198075177e+00,-4.750232844021108569e+00,-1.348034920900319378e+01,8.564703073606894090e-01,1.071557980168788005e-01,2.821996036665950780e-01,-3.894604865384300729e-01,-1.789722291236516938e+00,4.968684520891676337e-01,-2.034377066026227698e+00,-3.771480753590434887e+00,-1.266645012804404224e+01,2.114414747387099780e+00
9.202228238306595087e-02,2.910327571639350075e-01,-4.006400957691938491e-01,-1.832483859506623514e+00,4.488358450337486816e-01,-2.036223007663687579e+00,-3.929050836272914182e+00,-1.318895252386925243e+01,1.699858953438759812e+00,8.908391275520020913e-02,2.865437959807997648e-01,-4.096812446847998834e-01,-1.823252959423999453e+00,3.729547207039995982e-01,-2.007963014463999940e+00,-2.930447144960008021e+00,-1.207527112384000922e+01,3.201637011839988389e+00
7.338938216186721708e-02,2.942546385664198683e-01,-4.207291673999875581e-01,-1.863290022119873157e+00,3.221881402484865209e-01,-2.008907163079369784e+00,-3.080616261324966132e+00,-1.266477047852621851e+01,2.731584458431768336e+00,7.071906490019348734e-02,2.896804585753109396e-01,-4.295812329405012675e-01,-1.848335923185364438e+00,2.556808593557358122e-01,-1.970201163782154374e+00,-2.090985800901096425e+00,-1.138936773704689642e+01,4.331104881965536890e+00
5.453476680273469657e-02,2.962816664454591686e-01,-4.404275278524455439e-01,-1.885461535913252051e+00,2.027027879039318969e-01,-1.969836045245796363e+00,-2.217151379337887640e+00,-1.194853523445546273e+01,3.907111783357335444e+00,5.214479940571792316e-02,2.916784844303857427e-01,-4.490493328330797396e-01,-1.865164441345638080e+00,1.449682774519293060e-01,-1.921731862913008237e+00,-1.279342897805737733e+00,-1.076296733293228058e+01,5.343294932457869351e+00
3.554293868352301211e-02,2.971868067257443236e-01,-4.596222384945927164e-01,-1.899182811921168001e+00,9.051402802851643559e-02,-1.919471064214718359e+00,-1.372127600791584134e+00,-1.121887598754154602e+01,5.036498103107803104e+00,3.344236894895231266e-02,2.925997280757903218e-01,-4.679840711844524548e-01,-1.874015049670211042e+00,4.022733364148817214e-02,-1.863722429324659702e+00,-4.953802682955630310e-01,-1.019481374840167653e+01,6.239345700045820564e+00
1.649543049148754700e-02,2.970372558754547643e-01,-4.782119865234021328e-01,-1.904750819203546497e+00,-1.495508502895587233e-02,-1.858974802880942523e+00,-5.568007282378388823e-01,-1.054691130574722990e+01,6.049626133377588033e+00,1.469017100617532601e-02,2.925010170644067320e-01,-4.862958309359785014e-01,-1.875163829937963156e+00,-5.911729811051952277e-02,-1.797327319283652081e+00,2.610476610776952811e-01,-9.683443031304610926e+00,7.020695971132402846e+00
-2.529402448049940938e-03,2.958932242328738971e-01,-4.961084090532310586e-01,-1.902483293953748822e+00,-1.144031642580877889e-01,-1.789642252982894144e+00,2.267525249797716358e-01,-9.944807922913192044e+00,6.933254989804833457e+00,-4.036150349401232407e-03,2.914335024900960858e-01,-5.039064624249255386e-01,-1.868885367594031566e+00,-1.536252180287327462e-01,-1.723685024956798317e+00,9.900944973787377812e-01,-9.227171902760632705e+00,7.689102981121864744e+00
-2.145636077989806004e-02,2.938079778319669377e-01,-5.132360491336434016e-01,-1.892695833184811827e+00,-2.085246400906981268e-01,-1.712764008041229413e+00,9.787460768937045197e-01,-9.412147583261033290e+00,7.687824494166476619e+00,-2.266368909123779585e-02,2.894428274190358752e-01,-5.207491075008361392e-01,-1.855452674000713564e+00,-2.438380451910276969e-01,-1.643914793865333568e+00,1.691921363875239948e+00,-8.824085343325323905e+00,8.246661625586776623e+00
-4.021333402199540885e-02,2.908281652872723444e-01,-5.295319958884557865e-01,-1.875697324209734784e+00,-2.979812544694598886e-01,-1.629594675481238708e+00,1.699850897507702019e+00,-8.945661437876173849e+00,8.316933255999060748e+00,-4.112226113145195372e-02,2.865693184951124683e-01,-5.367679898758774826e-01,-1.835137113862504110e+00,-3.302770380537083383e-01,-1.559113156227396102e+00,2.366696382624398076e+00,-8.472024179156308676e+00,8.695823671435107372e+00
-5.873122987062345118e-02,2.869942046170529948e-01,-5.449454515310137026e-01,-1.851789584862804317e+00,-3.833960670219334621e-01,-1.541345564255789835e+00,2.390773934693039671e+00,-8.541481255247358462e+00,8.824911122544884634e+00,-5.934438751292464564e-02,2.828482019607542752e-01,-5.519181697880578552e-01,-1.808208337825268242e+00,-4.134405908383567141e-01,-1.470350260188837410e+00,3.014594157059471868e+00,-8.168572668179255203e+00,9.039416968077308212e+00
-7.694390871845675772e-02,2.823406817108646272e-01,-5.594372767622004528e-01,-1.821267884783330349e+00,-4.653522906188359842e-01,-1.449182523118680344e+00,3.052170007947400343e+00,-8.195622359690249326e+00,9.216304113710942048e+00,-7.726527695326840250e-02,2.783098453345877465e-01,-5.661652610561918042e-01,-1.774934220249547501e+00,-4.938016057803435999e-01,-1.378666014942363072e+00,3.635795254576329683e+00,-7.911046086253890053e+00,9.280664658593389404e+00
-9.478812448565143711e-02,2.768967534573684164e-01,-5.729795213966697442e-01,-1.784421576719467550e+00,-5.443928253496185254e-01,-1.354224463446929372e+00,3.684630806386286928e+00,-7.904053473078255010e+00,9.495805967175099838e+00,-9.482280779239979362e-02,2.729800259873000901e-01,-5.794851086054998435e-01,-1.735580802158000591e+00,-5.718047412389989370e-01,-1.285066041735001274e+00,4.230485689119992898e+00,-7.696478313340002764e+00,9.423204390899998728e+00
-1.122034711962729830e-01,2.706865577972155656e-01,-5.855549370785941843e-01,-1.741534671062154205e+00,-6.210195660152827424e-01,-1.257541568192448000e+00,4.288690565731328341e+00,-7.662674066566425246e+00,9.668289525448127364e+00,-1.119575093954564837e-01,2.668802278570915898e-01,-5.918634245427233376e-01,-1.690412239356980484e+00,-6.478635356694426584e-01,-1.190517432763900985e+00,4.798856403771175394e+00,-7.521609419663455753e+00,9.471107528917508844e+00
-1.291323344731174494e-01,2.637296346928179602e-01,-5.971564670974965905e-01,-1.692886327684446135e+00,-6.956923104397618740e-01,-1.160153001890242619e+00,4.864834337770814088e+00,-7.467274442447910054e+00,9.738856630220528388e+00,-1.286125430628011213e-01,2.600279675461020235e-01,-6.032953808596392964e-01,-1.639690755732243099e+00,-7.223574074560750180e-01,-1.095944317960459546e+00,5.341102753332831909e+00,-7.382873251882189791e+00,9.428898363737090449e+00
-1.455198471775729918e-01,2.560413620221650977e-01,-6.077867083127804770e-01,-1.638751270445554908e+00,-7.688272670652858132e-01,-1.063024121528391541e+00,5.413505723889119103e+00,-7.313495662552394805e+00,9.712888036185107765e+00,-1.447336824988526560e-01,2.524371510391932860e-01,-6.137851568438585925e-01,-1.583676601718793542e+00,-7.956285306077279795e-01,-1.002223239662778376e+00,5.857423986916707292e+00,-7.276385019252236575e+00,9.301573324787790753e+00
-1.613138485308988346e-01,2.476334100750235689e-01,-6.174573405636210044e-01,-1.579400135332585053e+00,-8.407951947141535376e-01,-9.670632250840506261e-01,5.935113511296982836e+00,-7.196792764886771110e+00,9.596089644434094623e+00,-1.602692938914870580e-01,2.441184622864724374e-01,-6.233454392757897811e-01,-1.522628017944864798e+00,-8.679785863144766633e-01,-9.101783351764500818e-01,6.348022730529864432e+00,-7.197928879793722423e+00,9.094620191003619070e+00
-1.764648461610882069e-01,2.385142179716553679e-01,-6.261885193387509707e-01,-1.515099763018937562e+00,-9.119192103368193303e-01,-8.731178775129918579e-01,6.430037231364739370e+00,-7.112401562266580157e+00,9.394534757105873268e+00,-1.751703156537482986e-01,2.350797848909383647e-01,-6.319968734906522556e-01,-1.456801204050031995e+00,-9.396653903661085216e-01,-8.205763272236730188e-01,6.813104469661245943e+00,-7.142945526456874639e+00,8.814037301990628848e+00
-1.909259806139489424e-01,2.286894950031022611e-01,-6.340082278367745738e-01,-1.446113445286072885e+00,-9.824722968553115665e-01,-7.819708498023615340e-01,6.898631773286459712e+00,-7.055308651849227175e+00,9.114702771063027953e+00,-1.893902378796114561e-01,2.253266581426351944e-01,-6.397674633844235847e-01,-1.386450292677460672e+00,-1.010899396432256570e+00,-7.341213222806948213e-01,7.252877031868207425e+00,-7.106519773288038522e+00,8.466352769193987271e+00
-2.046529919475015835e-01,2.181627496169446512e-01,-6.409515848526508019e-01,-1.372701133355265002e+00,-1.052674538615760325e+00,-6.943357015876223670e-01,7.341231193080782091e+00,-7.020224176044884246e+00,8.763514821473922467e+00,-2.028850815655384165e-01,2.148627686406965609e-01,-6.466919184426008771e-01,-1.311827328640290391e+00,-1.081840075204187901e+00,-6.514494168035864785e-01,7.667550069363064935e+00,-7.083368141595673961e+00,8.058643687065067951e+00
-2.176041880968052344e-01,2.069358485395139113e-01,-6.470601051841781137e-01,-1.295119614930364316e+00,-1.122690107743075094e+00,-6.108520331527295122e-01,7.758151842490075722e+00,-7.001556912731481397e+00,8.348366843489287703e+00,-2.156133776495686161e-01,2.036904787446630338e-01,-6.528109458706630175e-01,-1.233182253262151917e+00,-1.152592169398258592e+00,-5.731231113423451706e-01,8.057334541599640687e+00,-7.067826446116371564e+00,7.598555344228518749e+00
-2.297404147536787899e-01,1.950096083289984128e-01,-6.523809094701582545e-01,-1.213622665687355440e+00,-1.192624021051548855e+00,-5.320804285980124115e-01,8.149694924300897370e+00,-6.993391330847370746e+00,7.877160455471714506e+00,-2.275361459196855174e-01,1.918113930964574221e-01,-6.581704859051153989e-01,-1.150762893891820404e+00,-1.223201824621021672e+00,-4.996255325433256456e-01,8.422442197859796309e+00,-7.053837381180855459e+00,7.094320434649343809e+00
-2.410250265541302728e-01,1.823844214882104076e-01,-6.569658805555492753e-01,-1.128461180045148282e+00,-1.262518684078799858e+00,-4.584971085390994183e-01,8.516148564220708650e+00,-6.989466302725100277e+00,7.358332005891302430e+00,-2.386168738431999614e-01,1.792269644544000617e-01,-6.628208883839999954e-01,-1.064814958592000593e+00,-1.293652596095999696e+00,-4.313544630400003577e-01,8.763085059839998081e+00,-7.034938106880000319e+00,6.554778268800004248e+00
-2.514238594070465349e-01,1.690609191261587818e-01,-6.608707636336735858e-01,-1.039883285291626436e+00,-1.332350236205163796e+00,-3.904883078124288254e-01,8.857789475352188191e+00,-6.983155212636402709e+00,6.800880072667061071e+00,-2.488214953688924203e-01,1.659391400806487782e-01,-6.668160286557550664e-01,-9.755820360022509075e-01,-1.363861331252115283e+00,-3.686161792320530317e-01,9.079474904237834210e+00,-7.004247835230823505e+00,5.989393984827473538e+00
-2.609052038320269218e-01,1.550406720399180316e-01,-6.641542075459563321e-01,-9.481344424980387986e-01,-1.402024708624075799e+00,-3.283443912282784649e-01,9.174884279358764161e+00,-6.967447241891205678e+00,6.214391658415033604e+00,-2.581183697536555410e-01,1.519510499234445200e-01,-6.702123609053077802e-01,-8.833056003760328956e-01,-1.433673928173788914e+00,-3.116190969527907750e-01,9.371822745338590721e+00,-6.954455416342509189e+00,5.408277759720302669e+00
-2.694397792031733019e-01,1.403269319891393141e-01,-6.668767447295601558e-01,-8.534575371146388978e-01,-1.471374005077870972e+00,-2.722537183603853661e-01,9.467690538339986972e+00,-6.934929645379513730e+00,5.609067286789307438e+00,-2.664782604653763154e-01,1.372677378355509903e-01,-6.730679069762817157e-01,-7.882250217919111179e-01,-1.502860969912679368e+00,-2.604672250249020493e-01,9.640338317601765183e+00,-6.877806924582407611e+00,4.822204020475753694e+00
-2.770007088200261980e-01,1.249254148520057145e-01,-6.690997073958819819e-01,-7.560929616852910540e-01,-1.540151713713360015e+00,-2.222962666321816605e-01,9.736457542934783049e+00,-6.877770863548900770e+00,4.995745172820369007e+00,-2.738743142138024833e-01,1.218969370702651656e-01,-6.754411787682046420e-01,-6.905775815388714989e-01,-1.571113234661104086e+00,-2.151534267045283055e-01,9.885229558247624837e+00,-6.766093244742044099e+00,4.242630655266831141e+00
-2.835634957473784357e-01,1.088451272810338766e-01,-6.708840776009086238e-01,-6.562786927352232125e-01,-1.608028757097183847e+00,-1.784370205026640788e-01,9.981426895006784150e+00,-6.787704338382388514e+00,4.385924612951759727e+00,-2.802820401611327283e-01,1.058498912963870553e-01,-6.773900322875976432e-01,-5.905984926757834597e-01,-1.638037081787107496e+00,-1.755524890136725968e-01,1.010670208984374518e+01,-6.610637658203127209e+00,3.681718224609389800e+00
-2.891059993830072394e-01,9.209923841780300047e-02,-6.722892689341799510e-01,-5.542503635628791558e-01,-1.674588886323087777e+00,-1.405191333271297305e-01,1.020283291723440300e+01,-6.656012922590390346e+00,3.791788717553434829e+00,-2.856792893640708320e-01,8.914222237353042200e-02,-6.789704514318311013e-01,-4.885209257649929526e-01,-1.703149713731195281e+00,-1.414139999609367315e-01,1.030495870289156812e+01,-6.402283429103563961e+00,3.152349172529197663e+00
-2.936084127269516508e-01,7.470599817570351686e-02,-6.733718376085146007e-01,-4.502413343944417501e-01,-1.739324024209948361e+00,-1.082568674334599412e-01,1.040090291684374080e+01,-6.473513788686050319e+00,3.226226589366979702e+00,-2.900462344990879515e-01,7.179484612915718045e-02,-6.802352595846283823e-01,-3.845760397800519481e-01,-1.765874313764723258e+00,-1.123550336505825253e-01,1.048019883841292632e+01,-6.131381390503448436e+00,2.668147037729026394e+00
-2.970532403382531994e-01,5.668970355767524033e-02,-6.741841207793425328e-01,-3.444827611301525816e-01,-1.801629461802827681e+00,-8.122831708279436291e-02,1.057585732642891685e+01,-6.230543759287940908e+00,2.702855035066558109e+00,-2.933653499226320238e-01,5.383493737872030449e-02,-6.812327571021030703e-01,-2.789930181875814874e-01,-1.825535059609951105e+00,-8.785264327993380640e-02,1.063261807053660135e+01,-5.787777530551098337e+00,2.243495664755721375e+00
-2.994252769754342514e-01,3.808171444040987785e-02,-6.747727999618312600e-01,-2.372036637181050012e-01,-1.860798911726536664e+00,-5.886791824887664670e-02,1.072790974120475838e+01,-5.916944992370906320e+00,2.236039883391771621e+00,-2.956213921180264603e-01,3.529694543029776588e-02,-6.820052827682104857e-01,-1.719991102032689678e-01,-1.881352012921754913e+00,-6.723616202509363760e-02,1.076240758908485695e+01,-5.360800578649036474e+00,1.893558415167298170e+00
-3.007115869257168117e-01,1.892152022658281918e-02,-6.751773874471436176e-01,-1.286309950282578107e-01,-1.916019421382705756e+00,-4.045874853123365700e-02,1.085726686898471804e+01,-5.522050965616898566e+00,1.840916971764299248e+00,-2.968013805808000227e-01,1.622366131510033505e-02,-6.825876972984999957e-01,-6.381967722200188042e-02,-1.932435884630999023e+00,-4.967931181500051530e-02,1.086975368215999715e+01,-4.839249591620010449e+00,1.634297378700003911e+00
-3.009014840353377296e-01,-7.421412585246825455e-04,-6.754286336471018171e-01,-1.898971096209160769e-02,-1.966366148510750200e+00,-2.512461999582367086e-02,1.096412840661662003e+01,-5.034672712804443506e+00,1.533412853540998544e+00,-2.968945791941882129e-01,-3.332662014761567093e-03,-6.830057869710473017e-01,4.532175557786688458e-02,-1.977782676149567376e+00,-3.419211999380844524e-02,1.095483721873089955e+01,-4.211381539873001678e+00,1.482492584435413985e+00
-2.999865124595137433e-01,-2.085011127088987753e-02,-6.755468533200730263e-01,9.149715758240030417e-02,-2.010797001236519499e+00,-1.182196729712189226e-02,1.104868685444919052e+01,-4.443085272576935196e+00,1.330265269870177791e+00,-2.958924781465482878e-01,-2.330913527987027445e-02,-6.832745854634532101e-01,1.552034424561157255e-01,-2.016268196437057014e+00,-1.961264387160133182e-02,1.101783313121955743e+01,-3.464898893569243299e+00,1.455761211967490087e+00
-2.979604281558319578e-01,-4.133158271487271523e-02,-6.755401686507260806e-01,2.026084303681776611e-01,-2.048147144398283714e+00,6.684669346998534795e-04,1.111112727857773663e+01,-3.735014316176401561e+00,1.249043423182174539e+00,-2.937887764424284009e-01,-4.363100301706862583e-02,-6.833966119747925116e-01,2.656053551581196714e-01,-2.046642454929129329e+00,-4.598503163430134322e-03,1.105890989808763436e+01,-2.586937208788187448e+00,1.572576802569690901e+00
-2.948191811492413272e-01,-6.210281645145371288e-02,-6.754026671730264386e-01,3.141247006590616175e-01,-2.077123373658099403e+00,1.375014776996838148e-02,1.115162702908839343e+01,-2.897622925981560460e+00,1.308168083526852765e+00,-2.905793650590339783e-01,-6.421035703161886987e-02,-6.833600237113913733e-01,3.763091157881794935e-01,-2.067523930327525683e+00,1.238177968331388712e-02,1.107822902642298857e+01,-1.564052713693577346e+00,1.852288470362016159e+00
-2.905608986005286387e-01,-8.306580003814686974e-02,-6.751124725399201276e-01,4.258282548712670756e-01,-2.096298358669316020e+00,2.901946331062758150e-02,1.117035542122054892e+01,-1.917498501121648546e+00,1.526931554065920071e+00,-2.862623107998297778e-01,-8.494479191657078321e-02,-6.831366808153243042e-01,4.870979245087170284e-01,-2.077393715251734108e+00,3.305763127320249239e-02,1.107594453452625238e+01,-3.822098946993914836e-01,2.315140113478118877e+00
-2.851858687132872161e-01,-1.041068476018572331e-01,-6.746297261550269209e-01,5.375029887241395965e-01,-2.104104756371036888e+00,4.827463848931551338e-02,1.116747338528725386e+01,-7.806397701720823035e-01,1.925517517868793327e+00,-2.808378408970226281e-01,-1.057160013979543400e-01,-6.826801218145068795e-01,5.977564820653333832e-01,-2.074589536752328822e+00,5.936547115874191149e-02,1.105220243449733353e+01,9.732309173641056077e-01,2.982289625232381169e+00
-2.786965255170195666e-01,-1.250951395549759482e-01,-6.738944776916636625e-01,6.489343196267670644e-01,-2.098829195311871398e+00,7.352484633632951072e-02,1.114313309026274190e+01,5.275561059165274624e-01,2.525020784701399457e+00,-2.743083284146623502e-01,-1.263883142644141588e-01,-6.819234476732707328e-01,7.080709071377344621e-01,-2.057299652685957270e+00,9.345794784801686461e-02,1.100714021482198923e+01,2.517525961084368546e+00,3.875828105286950098e+00
-2.710974345662330864e-01,-1.458812008726090848e-01,-6.728244825329467993e-01,7.599090950786495657e-01,-2.078606131763314213e+00,1.069995158716814943e-01,1.109747754518824969e+01,2.022306354855714527e+00,3.347466953535198630e+00,-2.666782785041055259e-01,-1.468071686399017306e-01,-6.807771125223058828e-01,8.178286485165271458e-01,-2.023556623951997757e+00,1.377133669239971603e-01,1.094088632295836483e+01,4.266560458300572733e+00,5.018799070818896979e+00
-2.623952795972586682e-01,-1.662953166552438022e-01,-6.713129041738263858e-01,8.702154968974407101e-01,-2.041411578263472304e+00,1.511578359120439308e-01,1.103064018187911444e+01,3.719455349984198911e+00,4.415832004036243319e+00,-2.579543155635808938e-01,-1.667975233580435424e-01,-6.791266191468476876e-01,9.268183921058708030e-01,-1.971230962590867719e+00,1.947453112755312965e-01,1.085355964792352168e+01,6.236861027937576907e+00,6.435217667687227916e+00
-2.525988501860962354e-01,-1.861458837065542715e-01,-6.692259196318837144e-01,9.796429411162416168e-01,-1.985056705131047927e+00,2.086984541942654425e-01,1.094274442188008933e+01,5.635487313242436791e+00,5.754061828222150510e+00,-2.481450000000000045e-01,-1.861619999999999941e-01,-6.768300000000000427e-01,1.034828999999999999e+00,-1.898025000000000073e+00,2.674130000000000118e-01,1.074526999999999965e+01,8.445608000000000004e+00,8.150092000000000780e+00
-2.417190175815321918e-01,-2.052176749920298637e-01,-6.664002074476691462e-01,1.087983260456403034e+00,-1.907179128547558333e+00,2.825712184214571598e-01,1.083403193401614928e+01,7.787757658348962053e+00,7.387276422719171620e+00,-2.372618271899460396e-01,-2.046822103237691814e-01,-6.737182839255052569e-01,1.141527508059947627e+00,-1.802354883186788603e+00,3.578255120029867342e-01,1.057847565042403204e+01,1.064293832963887176e+01,9.887301321979082402e+00
-2.297701833926452386e-01,-2.232801871711316277e-01,-6.626517570789228762e-01,1.194883418888696536e+00,-1.806251217910175511e+00,3.748450368746265582e-01,1.069001584322935194e+01,1.009279106373828405e+01,9.227381845316941167e+00,-2.253215947601006075e-01,-2.221403945975126970e-01,-6.696200846076161284e-01,1.246083352602412209e+00,-1.686073309751405791e+00,4.642603117710211169e-01,1.031714379561223005e+01,1.256816785469183628e+01,1.135492075510018140e+01
-2.167747476601870615e-01,-2.401188192975820257e-01,-6.578106346068975929e-01,1.299543573245816930e+00,-1.683863212645040797e+00,4.841122472025233270e-01,1.046601543571203408e+01,1.223880052651347761e+01,1.092672103278967910e+01,-2.123504142218960999e-01,-2.383440136264562137e-01,-6.643886184200835654e-01,1.347563894286642583e+00,-1.551892102858368538e+00,5.840338885546356718e-01,9.963876312327222706e+00,1.422324805146636351e+01,1.255555490088378967e+01
-2.027645905836840956e-01,-2.555464733846892766e-01,-6.517339415126289781e-01,1.401015707650296260e+00,-1.542765408710726982e+00,6.076693094268653672e-01,1.014721344044792772e+01,1.410978039343138946e+01,1.235570622243420047e+01,-1.983835878303144007e-01,-2.531275372233164900e-01,-6.579037936959499788e-01,1.445064187603095851e+00,-1.402500055774072329e+00,7.144926751334446102e-01,9.521613393082571264e+00,1.561084143666667856e+01,1.349259669391933691e+01
-1.877811092032235507e-01,-2.694056238945718995e-01,-6.443081177877669763e-01,1.498348138046054823e+00,-1.385915050988263175e+00,7.425823724861960740e-01,9.733243039575858901e+00,1.568503577224638512e+01,1.349130630593307245e+01,-1.834653143994835200e-01,-2.663521775559617444e-01,-6.500718709925757954e-01,1.537710463121984894e+00,-1.240555581061202339e+00,8.530211960556413064e-01,8.993653364350622681e+00,1.673436964771812896e+01,1.417028038362687781e+01
-1.718748973120632628e-01,-2.815681413879276285e-01,-6.354487310550902546e-01,1.590621189116029788e+00,-1.216251749335574450e+00,8.859386732676732823e-01,9.227305106997505391e+00,1.696633016526886450e+01,1.433563007814772305e+01,-1.676483593048789800e-01,-2.779055465829998184e-01,-6.408250392251825245e-01,1.624663807923905967e+00,-1.068678878969899548e+00,9.970507456951130942e-01,8.383672504770384393e+00,1.759806152309156602e+01,1.459373451601874727e+01
-1.551053231845301306e-01,-2.919345839265357068e-01,-6.250996673782448498e-01,1.676957412753312449e+00,-1.036644253860809162e+00,1.034906367684536699e+00,8.633622363728273186e+00,1.796074954747652086e+01,1.489676944168633810e+01,-1.509936866903083263e-01,-2.877012327692611282e-01,-6.301209023707372570e-01,1.705124044212543488e+00,-8.894436250256871901e-01,1.144068596126169179e+00,7.695744863355396426e+00,1.820700118262772094e+01,1.476903491546124414e+01
-1.375400621773829879e-01,-3.004333492837635844e-01,-6.132321637238109524e-01,1.756526100714714378e+00,-8.498765357227888728e-01,1.186750365443395072e+00,7.956868796140188493e+00,1.867677181380202356e+01,1.518439977588583290e+01,-1.335700518978565898e-01,-2.956782922731466812e-01,-6.179418714440003679e-01,1.778333806109461346e+00,-7.053681768141362163e-01,1.291627734815901540e+00,6.934362077701541338e+00,1.856717610786160222e+01,1.470325766643630416e+01
-1.192545946727576883e-01,-3.070197691673696161e-01,-5.998437734641552943e-01,1.828546750462530346e+00,-6.586419883606022818e-01,1.338839025965563589e+00,7.202064974781588802e+00,1.912345473621865821e+01,1.520886605221684995e+01,-1.154535521389772335e-01,-3.018006497978031888e-01,-6.042944564475638547e-01,1.843582814630954747e+00,-5.189062999623219596e-01,1.437357132134130300e+00,6.104453192194990052e+00,1.868552522234681845e+01,1.440453209530315704e+01
-1.003316690188093829e-01,-3.116751539672179550e-01,-5.849572749922071768e-01,1.892292565394830373e+00,-4.655384799848341082e-01,1.488649847194817299e+00,6.374581493229997342e+00,1.931035083757682003e+01,1.498108212292537900e+01,-9.672713342490024679e-02,-3.060564042980999933e-01,-5.892084529977001939e-01,1.900212350846999243e+00,-3.324374133170024948e-01,1.578972538680998294e+00,5.211404476220011794e+00,1.856998697198000059e+01,1.388209375206000828e+01
-8.086072676521242897e-02,-3.144057804037097004e-01,-5.686195154115081252e-01,1.947094225359695230e+00,-2.730626436491732645e-01,1.633775958069905831e+00,5.480165996486475066e+00,1.924758363356608371e+01,1.451261108750886031e+01,-7.748005177454253545e-02,-3.084570347353690067e-01,-5.727360183278478178e-01,1.947619927222270730e+00,-1.482563533195695449e-01,1.714287812432164770e+00,4.261079242366853315e+00,1.822954740532516382e+01,1.314633739210572116e+01
-6.093728710541081173e-02,-3.152418115633104923e-01,-5.509001779719506775e-01,1.992343965980161169e+00,-8.360311596007680146e-02,1.771933743955742324e+00,4.524974062046597467e+00,1.894595276890964541e+01,1.381577858858365637e+01,-5.780728671809692854e-02,-3.090365010718797434e-01,-5.549506313715565353e-01,1.985264157139242647e+00,3.143734242224716091e-02,1.841226775701621410e+00,3.259837664639602117e+00,1.767428825393808012e+01,1.220886995800147190e+01
-4.066228749321249003e-02,-3.142361389143416006e-01,-5.318904619867989014e-01,2.027499961219832336e+00,1.005672648968894412e-01,1.900971598515176719e+00,3.515599523967138484e+00,1.841703808569662471e+01,1.290378545594344395e+01,-3.780890511448015134e-02,-3.078502356970135856e-01,-5.359459316267167761e-01,2.012669822603364800e+00,2.045506323659198600e-01,1.957835601922124358e+00,2.214556596664044363e+00,1.691543501269065786e+01,1.108256356123242625e+01
-2.014137753853138466e-02,-3.114631365894142134e-01,-5.117016646955693249e-01,2.052090995468110357e+00,2.773002324927406059e-01,2.018879729122952771e+00,2.459103424827807860e+00,1.767329675958511714e+01,1.179081306077760516e+01,-1.758937330081863926e-02,-3.049740204771079766e-01,-5.158344315028963178e-01,2.029433140130320723e+00,3.691086490689050592e-01,2.062295732243240476e+00,1.132649389895542313e+00,1.596540502009532148e+01,9.781608463969423184e+00
5.158365758718870542e-04,-3.070173189481997800e-01,-4.904636553116170639e-01,2.065721411440327060e+00,4.445817641214423466e-01,2.123800938395228322e+00,1.363041597221677836e+00,1.672815316287017140e+01,1.049212092722756751e+01,2.743184407849041939e-03,-3.005027446209351805e-01,-4.947460968536088188e-01,2.035227224815359115e+00,5.232668580266710556e-01,2.152937321947014926e+00,2.208571182688423562e-02,1.483785553862938400e+01,8.321566060830631884e+00
2.119659979423094143e-02,-3.010118930810855020e-01,-4.683232321836812151e-01,2.068076321835905507e+00,6.005425867114299043e-01,2.214042312793587097e+00,2.354910395578384275e-01,1.559608225899875578e+01,9.024137439835884678e+00,2.307778285047284994e-02,-2.945490385527855803e-01,-4.728267903953370377e-01,2.029807752584712244e+00,6.653236973139673438e-01,2.228253216681249871e+00,-1.108588635803846145e+00,1.354773183505941248e+01,6.719421860643235433e+00
4.178587053897143966e-02,-2.935771984674043211e-01,-4.454423545914363292e-01,2.058927074474049768e+00,7.434694613681183117e-01,2.288087759224490814e+00,-9.149247361855554761e-01,1.429268746566884296e+01,7.404544643090358313e+00,4.330143076531706159e-02,-2.872417789851214875e-01,-4.502365727151353414e-01,2.013018820629083994e+00,7.937336980293423494e-01,2.286913458510406727e+00,-2.250231898805397535e+00,1.211131526076562714e+01,4.993638468205087833e+00
6.216724016112563228e-02,-2.848590264699517594e-01,-4.219962411950659020e-01,2.038136962215419068e+00,8.718171997452571764e-01,2.344611339637040714e+00,-2.079011225863055312e+00,1.283477383771388602e+01,5.652358041254967880e+00,6.330004513053100190e-02,-2.787244603827697120e-01,-4.271478555686356038e-01,1.984799006019223544e+00,9.071210855428981645e-01,2.327780321784117756e+00,-3.393086552325504712e+00,1.054627133206625444e+01,3.164208566046388782e+00
8.222391186451565026e-02,-2.750168127423355258e-01,-3.981713275806867958e-01,2.005667170339001437e+00,9.842213727616208052e-01,2.382491361437912403e+00,-3.246979187641748865e+00,1.124041730163636110e+01,3.788002180087159942e+00,8.295942708178621894e-02,-2.691534280106204768e-01,-4.037434021702792641e-01,1.945187622503574021e+00,1.004293861547296274e+00,2.349923878823318990e+00,-4.526759482643006649e+00,8.871697810541915530e+00,1.252707896191385117e+00
1.018397414164682879e-01,-2.642216959585226843e-01,-3.741630756990135809e-01,1.961582955195263267e+00,1.079511678381283701e+00,2.400825188167319268e+00,-4.408421514373811689e+00,9.529030561966287394e+00,1.833382672940703229e+00,1.021663013887998961e-01,-2.586959677568000382e-01,-3.802141691776000920e-01,1.894331175488000119e+00,1.084258366911999616e+00,2.352638095423999598e+00,-5.640202168959996598e+00,7.108172783360000579e+00,-7.176517580799988139e-01
1.209003419057530088e-01,-2.526544365544238224e-01,-3.501736282942981004e-01,1.906060048928472028e+00,1.156725940409888187e+00,2.398944740471545600e+00,-5.552290626679122099e+00,7.721426202860448562e+00,-1.880447695773868055e-01,1.208094214725668469e-01,-2.475282479232843724e-01,-3.567569850713820379e-01,1.832490015197596023e+00,1.146234325340762528e+00,2.335457456178568592e+00,-6.721690865193947317e+00,5.277802743599056434e+00,-2.721969590470457945e+00
1.392942547645564522e-01,-2.405031894077052090e-01,-3.264093016730812424e-01,1.839391285880343396e+00,1.215124714671860229e+00,2.376432662121686246e+00,-6.666876304812870302e+00,5.839877426197192634e+00,-2.251207834985931022e+00,1.387807419451191349e-01,-2.358331081759220127e-01,-3.335720596335140509e-01,1.760045188020570084e+00,1.189670367832368569e+00,2.298174119614832644e+00,-7.758806781769850502e+00,3.404270670573110280e+00,-4.733602789903658348e+00
1.569141892343315359e-01,-2.279611245811828391e-01,-3.030779103750702030e-01,1.761993446977507149e+00,1.254206482652238330e+00,2.333139129801105938e+00,-7.739783890283630896e+00,3.908176798037814148e+00,-4.329353232058023693e+00,1.559766606536355793e-01,-2.237976908458335357e-01,-3.108603192243683533e-01,1.677505486034209348e+00,1.214260037944601134e+00,2.240855603152598352e+00,-8.738416267412356220e+00,1.512884110156145212e+00,-6.724113558762558895e+00
1.736583324242025883e-01,-2.152238904229780703e-01,-2.803859174877506022e-01,1.674414318987105021e+00,1.273723415820476434e+00,2.269199288731959641e+00,-8.757912799040207474e+00,1.951693316823802871e+00,-6.393984106914643029e+00,1.722993322107209124e-01,-2.116109097741544209e-01,-2.888205625615241079e-01,1.585514694712922168e+00,1.219958277861469043e+00,2.163862997877886940e+00,-9.646650990937908787e+00,-3.693767448936533526e-01,-8.663216131127711606e+00
1.894317320843529884e-01,-2.024869134580354613e-01,-2.585354044974276788e-01,1.577339966015040673e+00,1.273697696494260567e+00,2.185051299032291894e+00,-9.707435297206430391e+00,-2.571932621577488129e-03,-8.414798969966794218e+00,1.876580549926757935e-01,-1.994607518920898936e-01,-2.676464317016602479e-01,1.484859038818359123e+00,1.206998395263671586e+00,2.067869713134765863e+00,-1.046888812304687555e+01,-2.213810974609380366e+00,-1.051872379101563126e+01
2.041477541946982166e-01,-1.899425296247702066e-01,-2.377208546967030378e-01,1.471602211034522156e+00,1.254438383326526907e+00,2.081454980072464434e+00,-1.057377549805184458e+01,-1.925931316773375368e+00,-1.035963189598272827e+01,2.019707335875785548e-01,-1.875314067282493335e-01,-2.475231929274427922e-01,1.376474826471614676e+00,1.175909511002299901e+00,1.953880750934796851e+00,-1.118973051811569697e+01,-3.989948851491156745e+00,-1.225649589061710643e+01
2.177296174505046755e-01,-1.777769415110311557e-01,-2.181257442756746878e-01,1.358186325580644560e+00,1.216558811373904536e+00,1.959511042102836109e+00,-1.134158854538776140e+01,-3.787957195262228183e+00,-1.219439379696282444e+01,2.151654186749993869e-01,-1.760002190352264184e-01,-2.286243222412294718e-01,1.261456291407503372e+00,1.127534487575798661e+00,1.823252510184105724e+00,-1.179298689598899763e+01,-5.665503760181689330e+00,-1.384038486853551575e+01
2.301120067109054812e-01,-1.661669963281822149e-01,-1.999189353145481018e-01,1.238238926040079235e+00,1.160994518284895083e+00,1.820680896112658820e+00,-1.199473995405654136e+01,-5.556429308900954211e+00,-1.388301459901772361e+01,2.271819263191676153e-01,-1.650344597273940006e-01,-2.111078901674148245e-01,1.141063633410919653e+00,1.063048338410156113e+00,1.677713120728058893e+00,-1.226165202377175767e+01,-7.206324117141932106e+00,-1.523218326802516387e+01
2.412427674630267249e-01,-1.552767794334080076e-01,-1.832508649715225701e-01,1.113076075212125371e+00,1.089021689477420507e+00,1.666807034302553170e+00,-1.251628508279538110e+01,-7.197282880747453149e+00,-1.538738618101057298e+01,2.379735386574124978e-01,-1.547879103218815777e-01,-1.951127405652417490e-01,1.016731256935271999e+00,9.839771179423411063e-01,1.519383307213566958e+00,-1.257788689762140599e+01,-8.576345290326614190e+00,-1.639157075522960483e+01
2.510846833432832104e-01,-1.452540182704345206e-01,-1.682495252240075179e-01,9.841915880256505433e-01,1.002276116297347475e+00,1.500133974751504562e+00,-1.288844871864748320e+01,-8.674557318007297013e+00,-1.666730595510486879e+01,2.475087879656999723e-01,-1.453972560747001652e-01,-1.807544581539000106e-01,8.900762079029989060e-01,8.922172925069995486e-01,1.350797782768998534e+00,-1.272299892454000947e+01,-9.737541518860020062e+00,-1.727606113742002591e+01
2.596173387480031347e-01,-1.362262916494842990e-01,-1.550162275753138308e-01,8.532655404719903247e-01,9.027726620950213832e-01,1.323329764869369818e+00,-1.309260475536601831e+01,-9.950345420232608262e+00,-1.768042098821347352e+01,2.557733260830835076e-01,-1.369782830039860955e-01,-1.681211194517397978e-01,7.629068086881601873e-01,7.900555920263601095e-01,1.174927172501713635e+00,-1.267742210416633775e+01,-1.064987783271148203e+01,-1.784094938123344321e+01
2.668390685576203514e-01,-1.282970393299507073e-01,-1.436211471845448284e-01,7.221729809617243312e-01,7.929252319533592885e-01,1.139508039076899681e+00,-1.310925595102659713e+01,-1.098474301416620591e+01,-1.838217257924700121e+01,2.627718811768923746e-01,-1.296218739923292729e-01,-1.572688218314203246e-01,6.372314912811150034e-01,6.801893425034339913e-01,9.952004668132130583e-01,-1.242069721056809506e+01,-1.127126197237105032e+01,-1.803925863091119908e+01
2.727689969919996904e-01,-1.215413669052256562e-01,-1.340986409158194947e-01,5.929928434379330149e-01,6.755672424725052139e-01,9.522506268725332568e-01,-1.291801375237912808e+01,-1.173579894808540658e+01,-1.872574122043664602e+01,2.685303038304765466e-01,-1.233897991601511646e-01,-1.482169853928189118e-01,5.152678286352556647e-01,5.657472793183915272e-01,8.155280045318956672e-01,-1.193145197403395663e+01,-1.155749630852518095e+01,-1.782168722653713289e+01
2.774491676088344794e-01,-1.160016410194098235e-01,-1.264423338353245496e-01,4.680170616834794517e-01,5.539725885815829365e-01,7.656307080494930695e-01,-1.249757817544535676e+01,-1.215946538909222241e+01,-1.866199188230401873e+01,2.730977044353290473e-01,-1.183102957021052587e-01,-1.409434223555251497e-01,3.994517641958601484e-01,4.503108413282590483e-01,6.403249858634634251e-01,-1.118738126286576851e+01,-1.146222976173222463e+01,-1.713655572227604296e+01
2.809467664523190300e-01,-1.116828699711613637e-01,-1.205999687119646835e-01,3.497598843484530651e-01,4.318771048248463695e-01,5.842365123359860579e-01,-1.182571773350263911e+01,-1.220954837567365736e+01,-1.813941957135069671e+01,2.765486838694085070e-01,-1.143734323784633133e-01,-1.353791686727430221e-01,2.924470396109847270e-01,3.379359457697965752e-01,4.745355151588908083e-01,-1.016522726517064079e+01,-1.093690972209814660e+01,-1.592975390461190699e+01
2.833564403553028299e-01,-1.085478647814505093e-01,-1.164680131003611036e-01,2.409673902983814897e-01,3.135005189710849960e-01,4.131955611603578826e-01,-1.087924940500715820e+01,-1.183765858537613802e+01,-1.710409511756281731e+01,2.789856594434790282e-01,-1.115262538534564501e-01,-1.314030725684238732e-01,1.971548206244534418e-01,2.331752439656562537e-01,3.236571735000748906e-01,-8.840759670653158153e+00,-9.930733968952150548e+00,-1.414468781058625524e+01
2.848027123947698414e-01,-1.065121758201133251e-01,-1.138860186043131884e-01,1.446272039467002557e-01,2.035688961337185354e-01,2.581994496047920196e-01,-9.634018635168121847e+00,-1.099316228373664472e+01,-1.549961115555658964e+01,2.805412880972925627e-01,-1.096677000725391760e-01,-1.288361346994557621e-01,1.167235211509247694e-01,1.411008578337638042e-01,1.937661211030299591e-01,-7.188755852407405555e+00,-8.390602590522224347e+00,-1.172222674603652592e+01
2.854424964976493007e-01,-1.054388001013721043e-01,-1.126307269351568413e-01,6.397841028794511165e-02,1.073375718741223228e-01,1.255291669156349821e-01,-8.064879365875514239e+00,-9.623132425959621372e+00,-1.326702826891570375e+01,2.813809888274304005e-01,-1.086432958705418339e-01,-1.274355946447335297e-01,5.455882553303315063e-02,6.732759719995473624e-02,9.154272953877179431e-02,-5.182981048709217831e+00,-6.261069903610909648e+00,-8.600650303834306953e+00
2.854677131915761001e-01,-1.051326543713606981e-01,-1.124099173932029405e-01,2.521669392679525001e-03,3.061457300114059366e-02,2.208095419538982918e-02,-6.145674089526558248e+00,-7.672299887298173360e+00,-1.034482127202451451e+01,2.817055663286274769e-01,-1.082396060026817458e-01,-1.268887584229313470e-01,1.433390898061337460e-02,1.803665791385689054e-02,2.429774377176111000e-02,-2.796168544808230294e+00,-3.484296373270767688e+00,-4.715595382123805024e+00
2.851080084932044456e-01,-1.053348091215387944e-01,-1.128559904120267215e-01,-3.597046983716510604e-02,-2.021547501780970868e-02,-4.460730188237782556e-02,-3.849213922984462855e+00,-5.083004801895030234e+00,-6.668825607776764919e+00,2.817055663286274769e-01,-1.082396060026817458e-01,-1.268887584229313470e-01,1.433390898061337460e-02,1.803665791385689054e-02,2.429774377176111000e-02,-2.796168544808230294e+00,-3.484296373270767688e+00,-4.715595382123805024e+00
