-2.989839999999999720e-01,1.419833199999999962e-01,6.909980000000000011e-01,1.000000000000000000e+00,-1.675680000000000502e-01,-9.000000000000000222e-01,1.000000000000000000e+02,-1.675680000000000547e+01,-9.000000000000000000e+01,-3.089468865912938789e-01,1.437072366516453925e-01,6.999980002276834368e-01,1.106011352162930735e-02,1.431425360251177559e-02,6.797274813500000029e-08,2.182447701034483600e+00,2.800258750234804861e+00,1.346150414100000199e-05
-2.980692410057718678e-01,1.419975706145198968e-01,6.913780007057190868e-01,9.147589942281098008e-02,1.425061451988951511e-03,3.800007057190379900e-02,-9.085241005771889888e+01,1.689930614519889929e+01,9.380000705719038478e+01,-3.086930097158892550e-01,1.440323965459308075e-01,6.999980017948339572e-01,4.305644741608358889e-02,5.476416106403034223e-02,2.665567638400000159e-07,4.187152275095475495e+00,5.228236725892941195e+00,2.612103331200000509e-05
-2.987748183500607002e-01,1.427349955049643515e-01,6.935884033712210739e-01,-7.055773442888413349e-02,7.374248904444592745e-02,2.210402665502035902e-01,-1.620336338516951002e+01,7.231742759245697982e+00,1.830401959782997778e+01,-3.086930097158892550e-01,1.440323965459308075e-01,6.999980017948339572e-01,4.305644741608358889e-02,5.476416106403034223e-02,2.665567638400000159e-07,4.187152275095475495e+00,5.228236725892941195e+00,2.612103331200000509e-05
-2.997197936807382557e-01,1.435285642637403880e-01,6.958996381088194960e-01,-9.449753306775714179e-02,7.935687587760387185e-02,2.311234737598396871e-01,-2.393979863887300663e+00,5.614386833157946066e-01,1.008320720963610251e+00,-3.067509109199858530e-01,1.464483876510362936e-01,6.999980139302224291e-01,1.627361204600053790e-01,1.993907509419991231e-01,1.023270748160000067e-06,7.661961700207207571e+00,8.996058180561306017e+00,4.900683878400000494e-05
-2.993740142349013422e-01,1.457227434113127218e-01,6.979536988311418888e-01,3.457794458368891599e-02,2.194179147572322408e-01,2.054060722322404442e-01,1.290754776514460467e+01,1.400610388796283701e+01,-2.571740152759924847e+00,-3.047152076451108971e-01,1.489161362050797077e-01,6.999980267869414519e-01,2.468547810704062595e-01,2.964188192139688427e-01,1.565097109375000386e-06,9.132118049011250349e+00,1.035212875051375114e+01,5.922119062500000503e-05
-2.978796421259057303e-01,1.490196582172961248e-01,6.997098434432911240e-01,1.494372108995593862e-01,3.296914805983390817e-01,1.756144612149209694e-01,1.148592663158704674e+01,1.102735658411068620e+01,-2.979161101731946371e+00,-3.017677726993516774e-01,1.524162659573310707e-01,6.999980455588982187e-01,3.447864471996207048e-01,4.053007016946397201e-01,2.204942074560000377e-06,1.042467574530447294e+01,1.136843993101501482e+01,6.860982441600000552e-05
-2.951848050378700905e-01,1.534427241201642700e-01,7.011956749452286086e-01,2.694837088035615391e-01,4.423065902868139609e-01,1.485831501937533994e-01,1.200464979040021696e+01,1.126151096884748881e+01,-2.703131102116758111e+00,-2.977793431905091937e-01,1.570504924945912151e-01,6.999980711849228543e-01,4.547591119159196671e-01,5.226887829436702715e-01,2.934527823815000965e-06,1.154049053441286610e+01,1.205512965222975375e+01,7.716875558700000807e-05
-2.912037043979081585e-01,1.590623310657408029e-01,7.024491530422896091e-01,3.981100639961916432e-01,5.619606945576520740e-01,1.253478097060962693e-01,1.286263551926301218e+01,1.196541042708381397e+01,-2.323534048765711901e+00,-2.926383274393560274e-01,1.628875765097055894e-01,6.999981045208826247e-01,5.750111551061360959e-01,6.453411500049859306e-01,3.745541079040000718e-06,1.248078749130260334e+01,1.242320608111698022e+01,8.489488588800001923e-05
-2.858547419191274086e-01,1.659322431689829458e-01,7.035057536524104149e-01,5.348962478780754370e-01,6.869912103242135082e-01,1.056600610120845551e-01,1.367861838818837583e+01,1.250305157665614963e+01,-1.968774869401170857e+00,-2.926383274393560274e-01,1.628875765097055894e-01,6.999981045208826247e-01,5.750111551061360959e-01,6.453411500049859306e-01,3.745541079040000718e-06,1.248078749130260334e+01,1.242320608111698022e+01,8.489488588800001923e-05
-2.808740825700365984e-01,1.722278268513691424e-01,7.043961866919287163e-01,4.980659349090831300e-01,6.295583682386201030e-01,8.904330395183254754e-02,-3.683031296899229368e+00,-5.743284208559336079e+00,-1.661675706025200761e+00,-2.862506822993106659e-01,1.699644248982737083e-01,6.999981463393725178e-01,7.037951404694579027e-01,7.701304627828272631e-01,4.629642231734999383e-06,1.324718176005809767e+01,1.248458122305061835e+01,9.178605630900001620e-05
-2.747603097263750516e-01,1.795012248679680456e-01,7.051465464125240556e-01,6.113772843661522405e-01,7.273398016598912053e-01,7.503597205953382865e-02,1.133113494570691060e+01,9.778143342127114224e+00,-1.400733189229872444e+00,-2.785397514691999588e-01,1.782872822392000123e-01,6.999981973294999715e-01,8.393818199060000262e-01,8.940531604340000715e-01,5.578475000000000829e-06,1.384169929336000138e+01,1.225210452343999989e+01,9.784110000000002111e-05
-2.671376166146001152e-01,1.880851776845420542e-01,7.057788620728911999e-01,7.622693111774916375e-01,8.583952816574018652e-01,6.323156603671775677e-02,1.508920268113393526e+01,1.310554799975107088e+01,-1.180440602281607188e+00,-2.694460627251622498e-01,1.878330160192482889e-01,6.999982580967682999e-01,9.800643453001566252e-01,1.014239003776333359e+00,6.583676614735001235e-06,1.426679759196326636e+01,1.173959646935042400e+01,1.030598951910000126e-04
-2.579069087871916910e-01,1.980030168429257886e-01,7.063117064278418011e-01,9.230707827408413113e-01,9.917839158383723319e-01,5.328443549505572363e-02,1.608014715633496650e+01,1.333886341809704490e+01,-9.947130541662030367e-01,-2.589270819977427252e-01,1.985504989617617455e-01,6.999983291630649251e-01,1.124162687698735175e+00,1.127960953713340597e+00,7.636888535039999557e-06,1.452538644417515457e+01,1.096188219112366369e+01,1.074434181119999999e-04
-2.470446326409445059e-01,2.091855889804808133e-01,7.067607321966011824e-01,1.086227614624719173e+00,1.118257213755502022e+00,4.490257687593476876e-02,1.631568318838778353e+01,1.264732979171297522e+01,-8.381858619120952092e-01,-2.469569222202337988e-01,2.103620918197107170e-01,6.999984109667600762e-01,1.270028263883868913e+00,1.232645385675087635e+00,8.729767692815002347e-06,1.462084866533329475e+01,9.934825063998490080e+00,1.109937959130000162e-04
-2.345552175634854908e-01,2.215237950847400994e-01,7.071391297508515805e-01,1.248941507745900736e+00,1.233820610425927944e+00,3.783975542504385003e-02,1.627138931211815631e+01,1.155633966704258242e+01,-7.062821450890921504e-01,-2.335260048743124650e-01,2.231652299932299632e-01,6.999985038629191747e-01,1.416048770340710083e+00,1.325882640075266128e+00,9.853998266560001722e-06,1.455706083728368583e+01,8.675360309731228625e+00,1.137143595840000161e-04
-2.204598682541944188e-01,2.348822232183101766e-01,7.074580141242795550e-01,1.409534930929108310e+00,1.335842813357008163e+00,3.188843734279273728e-02,1.605934231832074843e+01,1.020222029310801304e+01,-5.951318082251111363e-01,-2.023227477091824045e-01,2.512215304812893124e-01,6.999987239384957149e-01,1.702317214094852371e+00,1.469262457619677331e+00,1.216346095616000021e-05,1.396983463035535422e+01,5.532509649106532201e+00,1.166857052160000290e-04
-2.017061078678723807e-01,2.513240504740301695e-01,7.077267746512158064e-01,1.875376038632203146e+00,1.644182725571999626e+00,2.687605269362260477e-02,4.658411077030947922e+01,3.083399122149914717e+01,-5.012384649170131823e-01,-1.846090437891865776e-01,2.661607371358546970e-01,6.999988514151573860e-01,1.839568352113725380e+00,1.515505184849946563e+00,1.333231103501500151e-05,1.345680490301284138e+01,3.688655833434162812e+00,1.169496446370000246e-04
-1.810525932352257394e-01,2.685537463617270193e-01,7.079532837962607683e-01,2.065351463264663234e+00,1.722969588769685645e+00,2.265091450449614047e-02,1.899754246324602391e+01,7.878686319768604562e+00,-4.225138189126464994e-01,-1.655508128883926289e-01,2.814675315551362633e-01,6.999989905800879653e-01,1.970991941546300641e+00,1.542524515718299849e+00,1.449977570784000060e-05,1.280538390849108588e+01,1.691525775230902529e+00,1.164101906880000227e-04
-1.591656872956211388e-01,2.859064511459741831e-01,7.081441876016365544e-01,2.188690593960461506e+00,1.735270478424718821e+00,1.909038053758255887e-02,1.233391306957983424e+01,1.230088965503319365e+00,-3.560533966913581594e-01,-1.452131416440060607e-01,2.969423907066352508e-01,6.999991413794265371e-01,2.095236845725546360e+00,1.548900632979830494e+00,1.565787051513500215e-05,1.202222815334847361e+01,-4.360820468513594284e-01,1.150774873590000358e-04
-1.362318835821685337e-01,3.030881490934730915e-01,7.083050892297855228e-01,2.293380371345258961e+00,1.718169794749889512e+00,1.609016281489576705e-02,1.046897773847972957e+01,-1.710068367482920904e+00,-3.000217722686793209e-01,-1.236742850175999442e-01,3.123727543936000162e-01,6.999993036799999624e-01,2.211021566783999859e+00,1.533448043456000054e+00,1.679872000000000372e-05,1.111461234751999427e+01,-2.670095697919999012e+00,1.129632000000000233e-04
-1.123388923539825890e-01,3.198795247096569150e-01,7.084407108088330851e-01,2.389299122818594689e+00,1.679137561618381014e+00,1.356215790475243446e-02,9.591875147333578155e+00,-3.903223313150847140e+00,-2.528004910143333284e-01,-1.010249386512919179e-01,3.275354327285294742e-01,6.999994772704899448e-01,2.317140531384921598e+00,1.495228480605157451e+00,1.791457318633499931e-05,1.009045014379524474e+01,-4.985136185221161753e+00,1.100805682410000336e-04
-8.756459091150518848e-02,3.360684852781474219e-01,7.085550315174325986e-01,2.477430144247739552e+00,1.618896056849051801e+00,1.143207085995012577e-02,8.813102142914482684e+00,-6.024150476932930154e+00,-2.130087044802309038e-01,-7.736744732963660165e-02,3.421991443124613452e-01,6.999996618627569722e-01,2.412470583848234540e+00,1.433564143109242961e+00,1.899781958624000185e-05,8.958314877296430723e+00,-7.354483856519216545e+00,1.064444589120000343e-04
-6.199672557362663483e-02,3.514369247822719533e-01,7.086514043475926616e-01,2.556786533787855031e+00,1.536843950412452475e+00,9.637283016010432524e-03,7.935638954011547952e+00,-8.205210643659921033e+00,-1.794787843939693595e-01,-5.281494747328413508e-02,3.561271884802095777e-01,6.999998570933281261e-01,2.495977686671237095e+00,1.348051269476718383e+00,2.004100573661500321e-05,7.727460304956472292e+00,-9.750044798476295682e+00,1.020714189630000544e-04
-3.573624303759036225e-02,3.657603540346783810e-01,7.087326545918730680e-01,2.626048253603627369e+00,1.432342925240640330e+00,8.125024428035931140e-03,6.926171981577212478e+00,-1.045010251718120742e+01,-1.512258587974502078e-01,-2.749044159045821445e-02,3.690802549717118186e-01,7.000000625250517583e-01,2.566723828444101851e+00,1.238574048661684968e+00,2.103685226496000064e-05,6.407841344996968225e+00,-1.214231723503164595e+01,9.697972838400004114e-05
-8.896781315724466843e-03,3.788105972145468514e-01,7.088011628573259726e-01,2.683946172186589596e+00,1.305024317986845706e+00,6.850826545291831618e-03,5.789791858296232441e+00,-1.273186072537946956e+01,-1.274197882744099175e-01,-1.525802612304616446e-03,3.808193743896485239e-01,7.000002776489258061e-01,2.623874139160156105e+00,1.105318866699219527e+00,2.197827148437500141e-05,5.010134816406250025e+00,-1.450035792578124472e+01,9.118945312500001616e-05
1.839672293450440518e-02,3.903592464658686700e-01,7.088589350234749675e-01,2.729350425022887272e+00,1.154864925132183640e+00,5.777216614897006525e-03,4.540425283629766717e+00,-1.501593928546621015e+01,-1.073609930394825440e-01,2.493929396183636182e-02,3.911090128034970248e-01,7.000005018861054085e-01,2.666704212920931738e+00,9.487888893569079718e-01,2.285838551775999888e-05,3.545760178417432407e+00,-1.679174856435714602e+01,8.472249801600005451e-05
4.600962361298164410e-02,4.001813419058601329e-01,7.089076611945295259e-01,2.761290067847723684e+00,9.822095439991462840e-01,4.872617105456921935e-03,3.193964282483649164e+00,-1.726553811330374089e+01,-9.045995094400849368e-02,5.175851218318255897e-02,3.997203138601820305e-01,7.000007345900932654e-01,2.694607638036008890e+00,7.698189808025853731e-01,2.367054495121500481e-05,2.026900269986416703e+00,-1.898256217680701496e+01,7.760265968700000663e-05
7.379920048408913913e-02,4.080591638530296494e-01,7.089487653765943476e-01,2.778957687110749308e+00,7.877821947169533212e-01,4.110418206476906117e-03,1.766761926302555574e+00,-1.944273492821929850e+01,-7.621988989800154712e-02,7.878007411023379980e-02,4.064344917614840513e-01,7.000009750491201777e-01,2.707103734517633864e+00,5.695909582882854316e-01,2.440834801664000227e-05,4.665220492699575505e-01,-2.103732951997358569e+01,6.985567948800003335e-05
1.016163157900817626e-01,4.137861219625846299e-01,7.089834473390512759e-01,2.781711530599262794e+00,5.726958109554982634e-01,3.468196245698139998e-03,2.753843488513530446e-01,-2.150863837614550889e+01,-6.422219607787660323e-02,1.058480566774172571e-01,4.110463784683691113e-01,7.000012224887190992e-01,2.703845498970113503e+00,3.496491828503967558e-01,2.506566030353499881e-05,-1.121602666896341027e+00,-2.291900547987414782e+01,6.150929640900009733e-05
1.293070957228524831e-01,4.171707477731941838e-01,7.090127178898781857e-01,2.769077993277072824e+00,3.384625810609567242e-01,2.927055082692730289e-03,-1.263353732218983838e+00,-2.342332298945415658e+01,-5.411411630054097088e-02,1.328037690496001177e-01,4.133681284924001220e-01,7.000014760745000286e-01,2.684627756874000681e+00,1.119164860260028066e-01,2.563663499999999684e-05,-2.722876463519997792e+00,-2.458893547008000624e+01,5.259330000000001025e-05
1.567146457989731512e-01,4.180408011551280389e-01,7.090374286012112170e-01,2.740755007612066585e+00,8.700533819338485131e-02,2.471071133300650063e-03,-2.832298566500609738e+00,-2.514572428675718641e+01,-4.559839493920803122e-02,1.594872125364168447e-01,4.132330846343931219e-01,7.000017349151290702e-01,2.649395522265045155e+00,-1.412895674145369651e-01,2.611573366293500328e-05,-4.321855587973581159e+00,-2.600682183009595505e+01,4.313958329100007615e-05
1.836808094449311479e-01,4.162475010914093443e-01,7.090582968584131507e-01,2.696616364595800341e+00,-1.793300063718675785e-01,2.086825720188011709e-03,-4.413864301626640341e+00,-2.663353445652523988e+01,-3.842454131126382677e-02,1.857386251403618238e-01,4.104998080304808061e-01,7.000019980655182161e-01,2.598252564807942200e+00,-4.072400807188241711e-01,2.649774751744000048e-05,-5.902229210516688696e+00,-2.713069022373971251e+01,3.318219571200001379e-05
2.100479782839327902e-01,4.116698903633662088e-01,7.090759269685081856e-01,2.636716883900165342e+00,-4.577610728043150501e-01,1.763011009508041148e-03,-5.989948069563508781e+00,-2.784310664324474516e+01,-3.238147106799704744e-02,2.114001128125922446e-01,4.050562758657436646e-01,7.000022645302308444e-01,2.531470184264843049e+00,-6.827778903874484051e-01,2.677781928541500385e-05,-7.446798684817938607e+00,-2.791685603752148737e+01,2.275739601300010487e-05
2.356609616824428266e-01,4.042193427945680595e-01,7.090908279480622189e-01,2.561298339851003192e+00,-7.450547568798138176e-01,1.490097955397872483e-03,-7.541854404916231935e+00,-2.872936840754987031e+01,-2.729130541101687513e-02,2.363173694903897837e-01,3.968242501155730961e-01,7.000025332671081513e-01,2.449496192358662228e+00,-9.643002953928243581e-01,2.695146554335999943e-05,-8.937456808476961001e+00,-2.831989077902333207e+01,1.190370518400000107e-05
2.603689222698830075e-01,3.938442208883962126e-01,7.091034285130198844e-01,2.470796058744016754e+00,-1.037512190617185137e+00,1.260056495770633164e-03,-9.050228110698624207e+00,-2.924574337373713107e+01,-2.300414596272393197e-02,2.603414879902297696e-01,3.857638206749266496e-01,7.000028031911210702e-01,2.352964102031154692e+00,-1.247741450381781636e+00,2.701459960937500546e-05,-1.035516708354626658e+01,-2.829258847527875531e+01,6.619593750000798218e-07
2.840273834192263980e-01,3.805346909937384337e-01,7.091140897108000329e-01,2.365846114934341937e+00,-1.330952989465775893e+00,1.066119778015250236e-03,-1.049499438096747639e+01,-2.934407988485907026e+01,-1.939367177553830146e-02,2.833308638304054550e-01,3.718781262356374295e-01,7.000030731784552263e-01,2.242702524095778749e+00,-1.528554422861989393e+00,2.696355495935999689e-05,-1.167994297705329743e+01,-2.778593207115204677e+01,-1.092463718399993200e-05
3.065003140614322441e-01,3.643277025402273384e-01,7.091231155656679830e-01,2.247293064220586611e+00,-1.620698845351110862e+00,9.025854867956699824e-04,-1.185530507137551659e+01,-2.897458558853348620e+01,-1.635342912195802967e-02,3.051531940571538537e-01,3.552182562719411463e-01,7.000033420708311471e-01,2.119744771285331453e+00,-1.801692914372172050e+00,2.679510917241499461e-05,-1.289082718152240581e+01,-2.674905982771780444e+01,-2.281045926300001239e-05
3.276622956878274540e-01,3.453121373840762343e-01,7.091307620500298947e-01,2.116198162639519431e+00,-1.901556515615111964e+00,7.646484361957688915e-04,-1.310949015810672336e+01,-2.808576702640010581e+01,-1.379370505999011343e-02,3.256875731482319902e-01,3.358883374943839595e-01,7.000036086800672797e-01,1.985338669694374669e+00,-2.061592645636093124e+00,2.650650840544001427e-05,-1.396587087549677797e+01,-2.512923172064045474e+01,-3.494740771199996039e-05
3.474007759571550724e-01,3.236341348837877829e-01,7.091372446450999734e-01,1.973848026932761179e+00,-2.167800250028844466e+00,6.482595070044000398e-04,-1.423501357067581630e+01,-2.662437344137326889e+01,-1.163889291913688950e-02,3.448266880678914625e-01,3.140508081322676004e-01,7.000038717928906973e-01,1.840956577616437828e+00,-2.302152405700355509e+00,2.609549239693499670e-05,-1.488211298406036853e+01,-2.287179583855374432e+01,-4.728485654099997545e-05
3.656184129553998741e-01,2.995025979695593032e-01,7.091427447129394768e-01,1.821763699824478833e+00,-2.413153691422849079e+00,5.500067839505845893e-04,-1.520843271082823733e+01,-2.453534413940047898e+01,-9.825272305381549387e-03,3.624789999999999957e-01,2.899320000000000230e-01,7.000039999999999596e-01,1.688304999999999945e+00,-2.516715000000000035e+00,2.599999999999999840e-05,-1.561556000000000033e+01,-1.992015400000000014e+01,-6.000000000000000152e-05
3.822354952004008433e-01,2.731948972903665007e-01,7.091474027609546704e-01,1.661708224500097142e+00,-2.630770067919281363e+00,4.658048015159005806e-04,-1.600554753243816464e+01,-2.176163764964321246e+01,-8.420198243468401955e-03,3.785710301837448277e-01,2.638234644277879792e-01,7.000042567949755767e-01,1.529108997737941955e+00,-2.699597828856608039e+00,2.533879076827699750e-05,-1.621078153915816955e+01,-1.668357599470971309e+01,-7.212250099380000559e-05
3.971899400139142777e-01,2.450451668202185407e-01,7.091513588437413640e-01,1.495444481351342558e+00,-2.814973047014794894e+00,3.956082786676912285e-04,-1.662637431487544859e+01,-1.842029790955132995e+01,-7.019652284820931953e-03,3.930426255359178445e-01,2.360452148987755572e-01,7.000045063836934922e-01,1.364346693547182632e+00,-2.850929053150894177e+00,2.455994694252800173e-05,-1.672880854358135494e+01,-1.360975216134774968e+01,-8.352594860159995066e-05
4.104306367021990365e-01,2.153916965487951696e-01,7.091547234094089935e-01,1.324069668828476098e+00,-2.965347027142337666e+00,3.364565667645086485e-04,-1.713748125228665131e+01,-1.503739801275429677e+01,-5.915171190318257999e-03,4.058419835957672861e-01,2.069046385791506182e-01,7.000047476258531853e-01,1.194790246729269478e+00,-2.972333491654084892e+00,2.367068634833300109e-05,-1.716961255962967670e+01,-1.069810806683879179e+01,-9.420506909339997059e-05
4.219147635153220333e-01,1.845569065242520790e-01,7.091575876519559118e-01,1.148412681312300121e+00,-3.083479002454308837e+00,2.864242546927847871e-04,-1.756569875161759597e+01,-1.181319753119711891e+01,-5.003231207172387229e-03,4.169250234587509318e-01,1.766929061942921764e-01,7.000049794535769809e-01,1.021211660699017365e+00,-3.065429307141644077e+00,2.267827385139200124e-05,-1.753325424900341645e+01,-7.947885308996410103e+00,-1.041557440511999737e-04
4.316071808142601940e-01,1.528433551695251580e-01,7.091600279012931773e-01,9.692417298938172943e-01,-3.171355135472692321e+00,2.440249337284589384e-04,-1.791709514184828578e+01,-8.787613301838344881e+00,-4.239932096432585951e-03,4.262553796588304245e-01,1.456850479507937890e-01,7.000052008718210539e-01,8.443818609097033523e-01,-3.131826117618874861e+00,2.159000932812499827e-05,-1.781988957302312571e+01,-5.358131699865005260e+00,-1.133751056249999892e-04
4.394803041269436661e-01,1.205334577743823604e-01,7.091621082939475462e-01,7.873123312683457664e-01,-3.230989739514279702e+00,2.080392654370872185e-04,-1.819293986254714923e+01,-5.963460404158746897e+00,-3.598566829137173073e-03,4.338043865208038308e-01,1.141400488370649113e-01,7.000054109586621998e-01,6.650697109354630765e-01,-3.173123009379936743e+00,2.041321468371199945e-05,-1.802977597690970413e+01,-2.927691449061835982e+00,-1.218616317888000051e-04
4.455140786044581858e-01,8.789000823334559842e-02,7.091638827793452782e-01,6.033774477514518564e-01,-3.264344954103676422e+00,1.774485397784570382e-04,-1.839348835168938834e+01,-3.335521458939685768e+00,-3.059072565863019122e-03,4.395510523642475187e-01,8.230096428417446597e-02,7.000056088654483810e-01,4.840409667108882541e-01,-3.190906451900284324e+00,1.915521991757299845e-05,-1.816327857406449198e+01,-6.551953471190579137e-01,-1.296152415966000102e-04
4.496959652990822898e-01,5.515682948256424301e-02,7.091653967523641189e-01,4.181886694624085132e-01,-3.273317875078135319e+00,1.513973018853804098e-04,-1.851887782890433698e+01,-8.972920974458969967e-01,-2.605123789307661752e-03,4.434820229406407077e-01,5.039505716860337436e-02,7.000057938168066096e-01,3.020571689278226390e-01,-3.186748114562527601e+00,1.782334823628800322e-05,-1.822087633034936260e+01,1.460949051174289082e+00,-1.366373904383999538e-04
4.520209181431131817e-01,2.255940562874419325e-02,7.091666884151129890e-01,2.324952844030914734e-01,-3.259742385382005114e+00,1.291662748855499265e-04,-1.856933850593170376e+01,1.357548969613004086e+00,-2.223102699983048325e-03,4.455915334852432186e-01,1.863395713857046720e-02,7.000059651104963976e-01,1.198744735893511049e-01,-3.162202585215707629e+00,1.642490021395700482e-05,-1.820316824836680425e+01,3.422567243430268746e+00,-1.429311652961999903e-04
4.524913466592060951e-01,-9.694527970132024719e-03,7.091677899209988256e-01,4.704285160929277954e-02,-3.225393359887621436e+00,1.101505885838788680e-04,-1.854524327937986783e+01,3.434902549438354491e+00,-1.901568630167105312e-03,4.458813487653000007e-01,-1.278615675439992438e-02,7.000061221171000048e-01,-6.175757927899971911e-02,-3.118804990568000424e+00,1.496713700000000062e-05,-1.811087955174000186e+01,5.231727596319991846e+00,-1.485013799999999927e-04
4.511170631854065638e-01,-4.141443279260022259e-02,7.091687283377903217e-01,-1.374283473799543243e-01,-3.171990482246819454e+00,9.384167915091839009e-05,-1.844711989892471138e+01,5.340287764080200006e+00,-1.630890943296048334e-03,4.443606905061427415e-01,-4.368434913700575128e-02,7.000062642795407131e-01,-2.420973587608727939e-01,-3.058068518412831782e+00,1.345726257439700082e-05,-1.794486786939293665e+01,6.890751162231637750e+00,-1.533546704837999866e-04
4.479152142203540743e-01,-7.242644435410286463e-02,7.091695264587125624e-01,-3.201848965052478957e-01,-3.101201156150263927e+00,7.981209222391821389e-05,-1.827565491252935814e+01,7.078932609655542940e+00,-1.402958692700018162e-03,4.410461515767621354e-01,-7.389469612712312729e-02,7.000063911124183580e-01,-4.204124980234895670e-01,-2.981481841688420342e+00,1.190240505036799777e-05,-1.770612941983047861e+01,8.402221495928419159e+00,-1.574995900415999885e-04
4.429101956317263444e-01,-1.025728693977139006e-01,7.091702034855862369e-01,-5.005018588627749843e-01,-3.014642504361103814e+00,6.770268736457867693e-05,-1.803169623575270819e+01,8.655865178916013036e+00,-1.210940485933953426e-03,4.359615963164213959e-01,-1.032660268965243100e-01,7.000065022011529026e-01,-5.959813111348573056e-01,-2.890506444370735561e+00,1.030959702449300001e-05,-1.739580519541845050e+01,9.768994471206575270e+00,-1.609467045833999795e-04
4.361335514551311632e-01,-1.317116949165471618e-01,7.091707756041381039e-01,-6.776644176595186808e-01,-2.913882551883327565e+00,5.721185518792142570e-05,-1.771625587967437099e+01,1.007599524777762667e+01,-1.049083217665724987e-03,4.291380463838843640e-01,-1.316616380016927823e-01,7.000065972009273940e-01,-7.680942717237810857e-01,-2.786573849199876385e+00,8.685754974271998646e-06,-1.701518714666373810e+01,1.099420809755335782e+01,-1.637086878911999874e-04
4.276238559660056060e-01,-1.597161019031547724e-01,7.091712564684160558e-01,-8.509695489125539414e-01,-2.800440698660760841e+00,4.808642780060827905e-05,-1.733051312530352561e+01,1.134418532225668486e+01,-9.125427387313145289e-04,4.206135515108288536e-01,-1.589589795010687423e-01,7.000066758354195340e-01,-9.360555534826724422e-01,-2.671082747239874600e+00,7.037657703124994919e-06,-1.656572436649437563e+01,1.208129233680499581e+01,-1.658004168750000062e-04
4.174265786620329766e-01,-1.864739776667769244e-01,7.091716576085694834e-01,-1.019727730397264054e+00,-2.675787576362214537e+00,4.011401534749163810e-05,-1.687581814847101924e+01,1.246531222985463572e+01,-7.972412453116639597e-04,4.104330445410183659e-01,-1.850493118770604184e-01,7.000067378953132025e-01,-1.099184632513164006e+00,-2.545396029271912219e+00,5.371923832831990728e-06,-1.604902927453962036e+01,1.303397891980472778e+01,-1.672390668287999970e-04
4.055939317538659883e-01,-2.118874213697126141e-01,7.091719887740094430e-01,-1.183264690816699050e+00,-2.541344370293570076e+00,3.311654399356049724e-05,-1.635369604194348980e+01,1.344432060686446562e+01,-6.997471353931139504e-04,3.986481801368034206e-01,-2.098373327811537403e-01,7.000067832365804987e-01,-1.256817951514520137e+00,-2.410837719020962222e+00,3.694988343412989495e-06,-1.546688380141005936e+01,1.385631116306069899e+01,-1.680442066865999698e-04
3.921846997280548086e-01,-2.358722381202097707e-01,7.091722582220706395e-01,-1.340923202581116858e+00,-2.398481675049716433e+00,2.694480611942167057e-05,-1.576585117644177458e+01,1.428626952438534659e+01,-6.171737874138827351e-04,3.853171565345249183e-01,-2.332407726204562270e-01,7.000068117785236410e-01,-1.408310645814849993e+00,-2.268689808215850867e+00,2.013078160448009086e-06,-1.482124557297768952e+01,1.455265378540405052e+01,-1.682378942783999847e-04
3.772640505174204018e-01,-2.583574175382115645e-01,7.091724729607036259e-01,-1.492064921063439797e+00,-2.248517941800177500e+00,2.147386329398541703e-05,-1.511417184823228688e+01,1.499637332495390218e+01,-5.470942825436253543e-04,3.705045197303908910e-01,-2.551899580040092874e-01,7.000068235015686202e-01,-1.553038331245127912e+00,-2.120188993482733153e+00,3.321867898370051467e-07,-1.411425409465597625e+01,1.512770272464682719e+01,-1.678447715861999898e-04
3.609033277899423853e-01,-2.792845931983230501e-01,7.091726389523805851e-01,-1.636072272747800316e+00,-2.092717566011147667e+00,1.659916769900464435e-05,-1.440073516843606072e+01,1.558003757890296370e+01,-4.874695594980771318e-04,3.542809494784000535e-01,-2.756273420671997987e-01,7.000068184447999498e-01,-1.690398953855999364e+00,-1.966523315072000955e+00,-1.341951999999993619e-06,-1.334823693568000280e+01,1.558649495423999198e+01,-1.668921599999999847e-04
3.431798238468569129e-01,-2.986074797656441682e-01,7.091727612852687379e-01,-1.772350394308547461e+00,-1.932288656732111365e+00,1.223328881219069836e-05,-1.362781215607472340e+01,1.604289092790363824e+01,-4.365878886813945314e-04,3.367230264818823482e-01,-2.945070006926110984e-01,7.000067967032280736e-01,-1.819814701477405317e+00,-1.808828697418599862e+00,-3.003891448482995602e-06,-1.252571591338651125e+01,1.593441829993140502e+01,-1.654101555737999942e-04
3.241765326034897754e-01,-3.162912849866938991e-01,7.091728443167683027e-01,-1.900329124336715081e+00,-1.768380522104973984e+00,8.303149960119979815e-06,-1.279787300281675755e+01,1.639081346271374429e+01,-3.930138852070719224e-04,3.179129801602296745e-01,-3.117940936456414236e-01,7.000067584247787744e-01,-1.940733977120993048e+00,-1.648185391535771371e+00,-4.648500025791995320e-06,-1.164941327749400024e+01,1.617722125642378117e+01,-1.634317242815999877e-04
3.039818821118822623e-01,-3.323120939896994641e-01,7.091728917937120125e-01,-2.019465049160752645e+00,-1.602080900300558497e+00,4.747694372774821485e-06,-1.191359248240375912e+01,1.662996218044155938e+01,-3.555455587345157653e-04,2.979384163723879930e-01,-3.274642896432293226e-01,7.000067038069958114e-01,-2.052633434225340281e+00,-1.485614319242210879e+00,-6.270990608347001865e-06,-1.072225789438282106e+01,1.632102280403273298e+01,-1.609927972733999886e-04
2.826894460720749125e-01,-3.466562235946215043e-01,7.091729069528419638e-01,-2.129243603980736754e+00,-1.434412960492206013e+00,1.515912996174525939e-06,-1.097785548199841443e+01,1.676679398083525285e+01,-3.231781376600295630e-04,2.768920244786843288e-01,-3.415031543740160713e-01,7.000066330934470171e-01,-2.155020073743970421e+00,-1.322073319222653920e+00,-7.866950606848004487e-06,-9.747391431375257653e+00,1.637232222534471404e+01,-1.581323661311999937e-04
2.603976337686410569e-01,-3.593195445406610622e-01,7.091728926046120263e-01,-2.229181230343385778e+00,-1.266332094603954461e+00,-1.434822991730991422e-06,-9.993762636264920118e+00,1.680808658882515871e+01,-2.950735987905517277e-04,2.548712631225585334e-01,-3.539055004882812328e-01,7.000065465698241951e-01,-2.247433403076172453e+00,-1.158453294921875543e+00,-9.432373046875004041e-06,-8.728174541015624399e+00,1.633800892187499798e+01,-1.548925781249999739e-04
2.372093578604048403e-01,-3.703067697137396586e-01,7.091728512028813158e-01,-2.318827590823620888e+00,-1.098722517307858304e+00,-4.140173067957400920e-06,-8.964636048023525206e+00,1.676095772960960772e+01,-2.705350076226409328e-04,2.319780241137727184e-01,-3.646746985759865001e-01,7.000064445597279361e-01,-2.329447656840621939e+00,-9.955742642721125968e-01,-1.096368860204799511e-05,-7.668193045350343517e+00,1.622537223072567869e+01,-1.513188314687999834e-04
2.132316794439832741e-01,-3.796307066036946343e-01,7.091727849026596697e-01,-2.397767841642157727e+00,-9.323936889954981266e-01,-6.630022167253793615e-06,-7.894025081853665249e+00,1.663288283123601730e+01,-2.489849099296392865e-04,2.083182737946716323e-01,-3.738219481512588538e-01,7.000063274201268060e-01,-2.400674079491803781e+00,-8.341813112539042674e-01,-1.245779857974700386e-05,-6.571264120208033077e+00,1.604211124124366350e+01,-1.474598705765999712e-04
1.885754298056450673e-01,-3.873114723450121200e-01,7.091726956077240018e-01,-2.465624963833822125e+00,-7.680765741317500117e-01,-8.929493562193594416e-06,-6.785712219166457615e+00,1.643171148637481238e+01,-2.299471394939800462e-04,1.840016712710641211e-01,-3.813655076616513928e-01,7.000061955364819122e-01,-2.460763269779236317e+00,-6.749404392903559646e-01,-1.391210885939200877e-05,-5.441442479479604799e+00,1.579634461167861659e+01,-1.433678813183999980e-04
1.633548082707990123e-01,-3.933756697994784113e-01,7.091725850096380901e-01,-2.522062153484604607e+00,-6.064197454466273562e-01,-1.105980858633388937e-05,-5.643718965078231342e+00,1.616568286851225977e+01,-2.130315024140294611e-04,1.591411628892975827e-01,-3.873298825405129819e-01,7.000060493175279674e-01,-2.509407587049484967e+00,-5.184343264748199065e-01,-1.532456478328300179e-05,-4.283026559398335209e+00,1.549662038584098767e+01,-1.390985862761999394e-04
1.376869555560597536e-01,-3.978555232272359410e-01,7.091724546194635437e-01,-2.566785271473924546e+00,-4.479853427757552464e-01,-1.303901745164422351e-05,-4.472311798931977833e+00,1.584344026708721032e+01,-1.979208865310333465e-04,1.338525523410999118e-01,-3.917449703207999678e-01,7.000058891896999702e-01,-2.546343619391000068e+00,-3.651579826319992783e-01,-1.669368700000000699e-05,-3.100564702819994523e+00,1.515192580975999093e+01,-1.347113399999999475e-04
1.116915020251605245e-01,-4.007879721669735384e-01,7.091723057932476371e-01,-2.599545353089923072e+00,-2.932448939737588023e-01,-1.488262159321569896e-05,-3.276008161599851753e+00,1.547404488019964397e+01,-1.843604141571475452e-04,1.082540457777579346e-01,-3.946451618286703211e-01,7.000057155911967310e-01,-2.571354713621734511e+00,-2.155143082124735265e-01,-1.801860826036298882e-05,-1.898861343502884935e+00,1.477169714834156267e+01,-1.302692242637999904e-04
8.549009024688346281e-02,-4.022137222085410690e-01,7.091721397522000592e-01,-2.620141177827706169e+00,-1.425750041567503956e-01,-1.660410476207514971e-05,-2.059582473778311495e+00,1.506698898170084000e+01,-1.721483168859450075e-04,8.246577131520521631e-02,-3.960683974751859071e-01,7.000055289656724744e-01,-2.584273567119569570e+00,-6.980955502062435869e-02,-1.929911116595199575e-05,-6.829831903879242105e-01,1.436582950202634024e+01,-1.258391433216000433e-04
5.920587125056622768e-02,-4.021762513939967087e-01,7.091719575983265189e-01,-2.628421899631723679e+00,3.747081454438722092e-03,-1.821538735951085204e-05,-8.280721804017603382e-01,1.463220856111891166e+01,-1.611282597435703678e-04,5.660927231159335049e-02,-3.960551776644632427e-01,7.000053297555449694e-01,-2.584984881495540954e+00,7.175131122397093719e-02,-2.053566687018699698e-05,5.417345881212032310e-01,1.394468662344769072e+01,-1.214919191633999807e-04
3.296297387254291944e-02,-4.007207710275175749e-01,7.091717603261639136e-01,-2.624289737802330880e+00,1.455480366479137977e-01,-1.972721626579739069e-05,4.132161829392857477e-01,1.418009551934750689e+01,-1.511828906286538654e-04,3.080697379891594867e-02,-3.946475263366041042e-01,7.000051183949131950e-01,-2.573428078109872175e+00,2.090693464917854349e-01,-2.172947473196800195e-05,1.769682179878019568e+00,1.351911073408967567e+01,-1.173023867711999428e-04
6.885946585022822281e-03,-3.978931397120369362e-01,7.091715488311596260e-01,-2.607702728752009591e+00,2.827631315480624297e-01,-2.114950043412607090e-05,1.658700905032133299e+00,1.372150949001486353e+01,-1.422284168328680209e-04,5.181621450256856942e-03,-3.918879066637437902e-01,7.000048953020726605e-01,-2.549600075430798363e+00,3.421564622151218593e-01,-2.288250292187500175e-05,2.994968944713120251e+00,1.310043234094499454e+01,-1.133494893749999573e-04
-1.890082880265236617e-02,-3.937387294620152134e-01,7.091713239151500314e-01,-2.578677538767518929e+00,4.154410250021727258e-01,-2.249160095728670956e-05,2.902518998449052479e+00,1.326778934541103006e+01,-1.342100523160638659e-04,-2.014430753576035293e-02,-3.878180879175435192e-01,7.000046608716199437e-01,-2.513558128236192069e+00,4.711403572265040474e-01,-2.399752998092798993e-05,4.211417230154138380e+00,1.270048005317303463e+01,-1.097163737087999806e-04
-4.427375218174835897e-02,-3.883012427683305012e-01,7.091710862893209066e-01,-2.537292337909599294e+00,5.437486693684712158e-01,-2.376258291096940229e-05,4.138520085791978609e+00,1.283076443662984190e+01,-1.270981953682692733e-04,-4.504922225175728157e-02,-3.824779625264712046e-01,7.000044154661382301e-01,-2.465422728658007046e+00,5.962695478636099722e-01,-2.507818733190700180e-05,5.412556187145595388e+00,1.233159039875781460e+01,-1.064904852665999257e-04
-6.911064953336122640e-02,-3.816214795136739779e-01,7.091708365749697096e-01,-2.483689735161286993e+00,6.679763254656515548e-01,-2.497143512509898908e-05,5.360260274831231797e+00,1.242276560971803789e+01,-1.208852214129585434e-04,-6.941306521804047058e-02,-3.759043123411962006e-01,7.000041594074509765e-01,-2.405380569069492047e+00,7.179184962408315940e-01,-2.612900274323200268e-05,6.591615585768872521e+00,1.200661764116598462e+01,-1.037636635583999748e-04
-9.329144728254355756e-02,-3.737360526557070295e-01,7.091705753023386238e-01,-2.418079774918233227e+00,7.885426857966949532e-01,-2.612726310795617041e-05,6.560996024305389973e+00,1.205663603310433629e+01,-1.155827982857182690e-04,-9.311798945713006814e-02,-3.681295231264380408e-01,7.000038929674377020e-01,-2.333687566815237702e+00,8.365928366873864874e-01,-2.715544474540299802e-05,7.741519630962089948e+00,1.173894359600475212e+01,-1.016322373661999025e-04
-1.166988772315426803e-01,-3.646760516111422490e-01,7.091703029077439657e-01,-2.340742994899912777e+00,9.060001044564808259e-01,-2.723945946634438747e-05,7.733678001832037907e+00,1.174574186597858549e+01,-1.112196358388217732e-04,-1.160489999999999994e-01,-3.591799999999999993e-01,7.000039999999999596e-01,-2.250671999999999784e+00,9.529339999999999478e-01,-2.799999999999999958e-05,8.854877999999999361e+00,1.154248600000000025e+01,-1.000000000000000048e-04
-1.392192051735573755e-01,-3.544656283488922255e-01,7.091700670798957162e-01,-2.252032794201470178e+00,1.021042326225003238e+00,-2.358278482135263302e-05,8.871020069844256284e+00,1.150422217685223103e+01,3.656674644991753098e-04,-1.380951492273528036e-01,-3.490764760476989803e-01,7.000037150165926425e-01,-2.156813430167708656e+00,1.067442979464052311e+00,-2.899506163844299948e-05,9.901518343626813490e+00,1.134582796403908489e+01,-9.902784918580000563e-05
-1.607438763063211706e-01,-3.431238433049462189e-01,7.091698247159581303e-01,-2.152467113276379074e+00,1.134178504394600440e+00,-2.423639376107951127e-05,9.956568092509089141e+00,1.131361781695972901e+01,-6.536089397268796120e-05,-1.591519145603481900e-01,-3.378390360137242254e-01,7.000034201296897463e-01,-2.052948801408670310e+00,1.179583885656229070e+00,-2.998084121875199963e-05,1.085601283543400442e+01,1.106917520123313814e+01,-9.814094354560000161e-05
-1.811728054062722026e-01,-3.306739465839482195e-01,7.091695668646792461e-01,-2.042892909995102091e+00,1.244989672099800382e+00,-2.578512789137617103e-05,1.095742032812767874e+01,1.108111677051999600e+01,-1.548734130296658407e-04,-1.791238498050683747e-01,-3.254953290472485383e-01,7.000031154281172174e-01,-1.940001643187153180e+00,1.288566261420447390e+00,-3.095811056814700205e-05,1.171797143629746429e+01,1.071446360633959927e+01,-9.732302934940000223e-05
-2.004155499852521838e-01,-3.171468584079176756e-01,7.091692924839211321e-01,-1.924274457897999557e+00,1.352708817603053726e+00,-2.743807580649677852e-05,1.186184520971025336e+01,1.077191455032533796e+01,-1.652947915120606126e-04,-1.979247610998163265e-01,-3.120808082335551625e-01,7.000028009938085161e-01,-1.818898641108394720e+00,1.393620166110313807e+00,-3.192747506892799095e-05,1.248715493190409731e+01,1.028386272589885841e+01,-9.655706705920000742e-05
-2.183915218143439863e-01,-3.025817147956465503e-01,7.091690022435848118e-01,-1.797597182909181246e+00,1.456514361227110754e+00,-2.902403363489509963e-05,1.266772749888182403e+01,1.038055436240570728e+01,-1.585957828398321112e-04,-2.154777307378100137e-01,-2.976385135324157161e-01,7.000024769035085859e-01,-1.690568069427797582e+00,1.493998576287749236e+00,-3.288936567187499205e-05,1.316348678128937166e+01,9.779788594392503143e+00,-9.582520562500000325e-05
-2.350299709385877678e-01,-2.870257154253587073e-01,7.091686970815309632e-01,-1.663844912424377265e+00,1.555599937028784074e+00,-3.051620538481232428e-05,1.337522704848039723e+01,9.908557580167329348e+00,-1.492171749917226009e-04,-2.317151247225399668e-01,-2.822188300676745087e-01,7.000021432305592040e-01,-1.555938105074764710e+00,1.588979914783186898e+00,-3.384403065260799145e-05,1.374706496537477562e+01,9.204916570401628917e+00,-9.510875678080001180e-05
-2.502699134084551691e-01,-2.705338008244095316e-01,7.091683778836708196e-01,-1.523994246986738910e+00,1.649191460094918238e+00,-3.191978601693230442e-05,1.398506654376384262e+01,9.359152306613427896e+00,-1.403580632119982852e-04,-2.465785828709399774e-01,-2.658792204844220297e-01,7.000018000467683743e-01,-1.415935023191146946e+00,1.677870708117361387e+00,-3.479152711090699186e-05,1.423817383550536597e+01,8.562194172765083877e+00,-9.438816934060000562e-05
-2.640600406851009718e-01,-2.531682806567546740e-01,7.091680454275719470e-01,-1.379012727664577609e+00,1.736552016765487760e+00,-3.324560989079789646e-05,1.449815193221612297e+01,8.736055667056962903e+00,-1.325823873865594749e-04,-2.600189902795146391e-01,-2.486839300901431682e-01,7.000014474243649865e-01,-1.271481274184319332e+00,1.760008372284677769e+00,-3.573171221299199275e-05,1.463729596198727556e+01,7.854853916737743802e+00,-9.364300349440001176e-05
-2.763586173256144529e-01,-2.349984390377855281e-01,7.091677003858395389e-01,-1.229857664051347665e+00,1.816984161896915584e+00,-3.450417323558381018e-05,1.491550636132298990e+01,8.043214513142782351e+00,-1.258563344785912363e-04,-2.719964289685709025e-01,-2.307036634962238431e-01,7.000010854380436243e-01,-1.123493442294885014e+00,1.834764126898162928e+00,-3.666423417676299614e-05,1.494512398262521913e+01,7.086426150148797731e+00,-9.285190510420001265e-05
-2.871333663494047284e-01,-2.161001203723175168e-01,7.091673433413651084e-01,-1.077474902379029764e+00,1.889831866546802575e+00,-3.570444744460716553e-05,1.523827616723179545e+01,7.284770464988689298e+00,-1.200274209023355354e-04,-2.824801085196999573e-01,-2.120152314762000501e-01,7.000007141670999689e-01,-9.728800856790000839e-01,1.901546037695999836e+00,-3.758852299999999722e-05,1.516257245126000086e+01,6.260751889560002503e+00,-9.199258000000000955e-05
-2.963613401755176291e-01,-1.965552941512262175e-01,7.091669748034485909e-01,-9.227973826112887412e-01,1.954482622109130041e+00,-3.685379165059338749e-05,1.546775197677409963e+01,6.465075556232741327e+00,-1.149344205986224665e-04,-2.914482745216550597e-01,-1.927011667571335574e-01,7.000003336976602375e-01,-8.205394580053262388e-01,1.959802187409644736e+00,-3.850378093152300059e-05,1.529078968630604329e+01,5.381995656423967489e+00,-9.104176827580000471e-05
-3.040287748294562276e-01,-1.764515961638754571e-01,7.091665952225055802e-01,-7.667434653938618450e-01,2.010369798735077485e+00,-3.795809430384762014e-05,1.560539172174268785e+01,5.588717662594763880e+00,-1.104302653254229938e-04,-2.988880936397723675e-01,-1.728493074604988966e-01,6.999999441250077670e-01,-6.673571115666063758e-01,2.009023974993526807e+00,-3.940897268531200106e-05,1.533116961928888422e+01,4.454658313242420675e+00,-8.997521858560001058e-05
-3.101309252138218508e-01,-1.558818435389194845e-01,7.091662050030835829e-01,-6.102150384365622182e-01,2.056975262495598145e+00,-3.902194220135652461e-05,1.565284269572995868e+01,4.660546376052060680e+00,-1.063847897508907181e-04,-3.047955141240807908e-01,-1.525523469089650197e-01,6.999995455560080737e-01,-5.142033819058655641e-01,2.048749543216331404e+00,-4.030281539758699683e-05,1.528536364338269316e+01,3.483589899724481853e+00,-8.876766243940000488e-05
-3.146718793787391388e-01,-1.349435211736058626e-01,7.091658045153502732e-01,-4.540954164917294644e-01,2.093832236531362856e+00,-4.004877332688444911e-05,1.561196219448327227e+01,3.685697403576466691e+00,-1.026831125527927213e-04,-3.091751005712465306e-01,-1.319073485154565184e-01,6.999991381116359435e-01,-3.619307539572391708e-01,2.078567334613864226e+00,-4.118376832684800108e-05,1.515529246194778423e+01,2.474002468944934918e+00,-8.739278849920000761e-05
-3.176643498618619277e-01,-1.137382372799648489e-01,7.091653941052834531e-01,-2.992470483122781078e-01,2.120528389364101152e+00,-4.104100668731508521e-05,1.548483681794513167e+01,2.669615283273816253e+00,-9.922333604306388111e-05,-3.120398417554992032e-01,-1.110152244708781100e-01,6.999987219296069929e-01,-2.113711097014214779e-01,2.098119775803500175e+00,-4.205002229687500467e-05,1.494315793706812556e+01,1.431482923502500171e+00,-8.582321687500000899e-05
-3.191294402839636724e-01,-9.237114592848320871e-02,7.091649741037783228e-01,-1.465090422101719692e-01,2.136709135148163519e+00,-4.200015050936972878e-05,1.527380061021061231e+01,1.618074578406258679e+00,-9.591438220546422144e-05,-3.134109303436857785e-01,-8.998017694688692503e-02,6.999982971671157017e-01,-6.333285733574323118e-02,2.107107090160214025e+00,-4.289948888268799144e-05,1.465145493808886101e+01,3.620058516781163860e-01,-8.403047342080001935e-05
-3.190963854848557490e-01,-7.095033460059682606e-02,7.091645448348620207e-01,3.305479910794606457e-03,2.142081132788637543e+00,-4.292689163290003593e-05,1.498145221209665756e+01,5.371997640473925584e-01,-9.267411235303057992e-05,-3.133175133095982834e-01,-6.890910053009574598e-02,6.999978640036829125e-01,8.140205804113120891e-02,2.105291238854193558e+00,-4.372978933946699946e-05,1.428298319015380180e+01,-7.280536364068321831e-01,-8.198496403060001061e-05
-3.176022635677726580e-01,-4.958617487208993868e-02,7.091641066231728630e-01,1.494121917083072737e-01,2.136415972850688405e+00,-4.382116891148474702e-05,1.461067117975126628e+01,-5.665159937949059143e-01,-8.942772785847097339e-05,-3.117964118627213899e-01,-4.791094460409389688e-02,6.999974226441157965e-01,2.220812622298717898e-01,2.092499990250036301e+00,-4.453824327443199778e-05,1.384085912274296248e+01,-1.831907072632171563e+00,-7.965594893440002043e-05
-3.146916782906835075e-01,-2.839063444295506985e-02,7.091636598008425052e-01,2.910585277089170475e-01,2.119554042913486924e+00,-4.468223303557611645e-05,1.416463360006097894e+01,-1.686192993720135203e+00,-8.610641240913707861e-05,-3.088918097065467827e-01,-2.709603439566682370e-02,6.999969733215818390e-01,3.579851782165381913e-01,2.068631117667527164e+00,-4.532185706168299878e-05,1.332852771821005078e+01,-2.942339794720719937e+00,-7.701151699420001238e-05
-3.104164103022548638e-01,-7.476548808060496515e-03,7.091632047138934913e-01,4.275267988428647081e-01,2.091408563489457251e+00,-4.550869490145321197e-05,1.364682711339476562e+01,-2.814547942402958025e+00,-8.264618658770928050e-05,-3.046549084415999253e-01,-6.575349401600094623e-03,6.999965163007999536e-01,4.884303709439996588e-01,2.033656725504000562e+00,-4.607731199999999961e-05,1.274977436032000533e+01,-4.051698110079993143e+00,-7.401856000000002066e-05
-3.048350357701353208e-01,1.304314907062487094e-02,7.091627417282508894e-01,5.581374532119519616e-01,2.051969787868536788e+00,-4.629856426274831823e-05,1.306106543690872357e+01,-3.943877562092051647e+00,-7.898693612951035448e-05,-2.991435489283258975e-01,1.354024208754750491e-02,6.999960518813520549e-01,6.127730105687394513e-01,1.987627703718285455e+00,-4.680095221360299667e-05,1.210873668278647663e+01,-5.151876459643947470e+00,-7.064274696580002391e-05
-2.980125109913164816e-01,3.305624267354250606e-02,7.091622712354492819e-01,6.822524778818814806e-01,2.001309360291763539e+00,-4.704928015641980128e-05,1.241150246699295323e+01,-5.066042757677340802e+00,-7.507158936714830588e-05,-2.924217974249797569e-01,3.314079365031863400e-02,6.999955804011158689e-01,7.304124542030256961e-01,1.930678310676233078e+00,-4.748877229587199846e-05,1.140991641780936661e+01,-6.234304581714695814e+00,-6.684849842560000859e-05
-2.900197216097900044e-01,5.245209095093188167e-02,7.091617936581056103e-01,7.992789381526469450e-01,1.939584827738938033e+00,-4.775773436736014570e-05,1.170264602707654333e+01,-6.172453255282553286e+00,-7.084542109403457744e-05,-2.845594953156693752e-01,5.211813786749530664e-02,6.999951022398234191e-01,8.407949461424650828e-01,1.863030884357823380e+00,-4.813640469602700311e-05,1.065819124461232903e+01,-7.289934675804236264e+00,-6.259896072940000539e-05
-2.809329950966044098e-01,7.112253396450191056e-02,7.091613094552158270e-01,9.086726513185613419e-01,1.867044301357003278e+00,-4.842028897733603206e-05,1.093937131659144057e+01,-7.254052638193485336e+00,-6.625546099758850005e-05,-2.756317712436948120e-01,7.036679120911532026e-02,6.999946178227463012e-01,9.434174365789229633e-01,1.785000681925861699e+00,-4.873910684876800144e-05,9.858826637980266483e+00,-8.309228566476182465e+00,-5.785598033920000358e-05
-2.708335751726069218e-01,8.896284660631165186e-02,7.091608191273269801e-01,1.009941992399746136e+00,1.784031264180974796e+00,-4.903278888912560892e-05,1.012693410811847272e+01,-8.301303717602852572e+00,-6.124999117895768563e-05,-2.657185144653319564e-01,8.778490795898435950e-02,6.999941276245116306e-01,1.037831518798828512e+00,1.697000847656250144e+00,-4.929174804687499881e-05,9.017487716796878772e+00,-9.282144867187497539e+00,-5.258007812500000095e-05
-2.598070568753758636e-01,1.058727418295724587e-01,7.091603232216262542e-01,1.102651829723108490e+00,1.690989522326080019e+00,-4.959057007765161376e-05,9.270983732336237182e+00,-9.304174185489472393e+00,-5.577811885260075542e-05,-2.549038082392069415e-01,1.042752844602980455e-01,6.999936321730498845e-01,1.123647484866848512e+00,1.599547509229848563e+00,-4.978879605676800156e-05,8.140251092582138526e+00,-1.019812614413021379e+01,-4.673042366079999268e-05
-2.479427809897287727e-01,1.217574248023091804e-01,7.091598223369842691e-01,1.186427588564709756e+00,1.588468297273671670e+00,-5.008846420102625632e-05,8.377575884160123110e+00,-1.025212250524083224e+01,-4.978941233746425610e-05,-2.432753220664054528e-01,1.197464149659904775e-01,6.999931320536781909e-01,1.200538499794933767e+00,1.493265002385913753e+00,-5.022430347702700192e-05,7.233616718029833415e+00,-1.104608608007315596e+01,-4.026480952059999420e-05
-2.353331865762607888e-01,1.365286993747848454e-01,7.091593171289832798e-01,1.260959441346798604e+00,1.477127457247567666e+00,-5.052080010428167443e-05,7.453185278208888320e+00,-1.113408400261039333e+01,-4.323359032554208170e-05,-2.309236615964664341e-01,1.341136003774258123e-01,6.999926279133212859e-01,1.268244894196752792e+00,1.378891223937121602e+00,-5.059189383987200205e-05,6.304519735545039083e+00,-1.181439663820369645e+01,-3.313962557439998941e-05
-2.220731203450624081e-01,1.501061282347118386e-01,7.091588083149567012e-01,1.326006623119839301e+00,1.357742885992698767e+00,-5.088140266225111321e-05,6.504718177304065208e+00,-1.193845712548689519e+01,-3.606025579694360772e-05,-2.179416750144030634e-01,1.473001111550472086e-01,6.999921204648730244e-01,1.326578575427486140e+00,1.257283113146177911e+00,-5.088474745560300267e-05,5.360342325781678241e+00,-1.249087522596944666e+01,-2.530983328419996706e-05
-2.082591016324659150e-01,1.624182481100472086e-01,7.091582966790633824e-01,1.381401871259650527e+00,1.231211987533537000e+00,-5.116358933434700704e-05,5.539524813981127949e+00,-1.265308984591617047e+01,-2.821866720958965402e-05,-2.044237147238999741e-01,1.592384056846000706e-01,6.999916104917000004e-01,1.375427557209000895e+00,1.129422261463999488e+00,-5.109558699999999689e-05,4.408925556180003369e+00,-1.306277185891999792e+01,-1.672893999999997743e-05
-1.939885417476849006e-01,1.734038413671834256e-01,7.091577830774157265e-01,1.427055988478102222e+00,1.098559325713621249e+00,-5.136016476745602959e-05,4.565411721845158866e+00,-1.326526618199156715e+01,-1.965754331090252549e-05,-1.904648531418308421e-01,1.698714053825452486e-01,6.999910988522912714e-01,1.414760607740409348e+00,9.964206506294930321e-01,-5.121666284468299644e-05,3.458581229504103405e+00,-1.351675632454867326e+01,-7.348973255799938270e-06
-1.793589164638078881e-01,1.830132653422445466e-01,7.091572684432787543e-01,1.462962528387700800e+00,9.609423975061118783e-01,-5.146341369597401454e-05,3.590653990959850717e+00,-1.376169282075093747e+01,-1.032489285179849503e-05,-1.761600514192454559e-01,1.791538278242774118e-01,6.999905864850557435e-01,1.444632016293986965e+00,8.595265191309059416e-01,-5.123973813043199534e-05,2.518103732379439741e+00,-1.383890534613421508e+01,2.879544934400078086e-06
-1.644668904340093052e-01,1.912098407346866091e-01,7.091567537923549880e-01,1.489202602979858403e+00,8.196575392442072561e-01,-5.146509237472557445e-05,2.624007459215755844e+00,-1.412848582619045779e+01,-1.678678751559914417e-07,-1.616032799039676948e-01,1.870535791787653612e-01,6.999900744132705466e-01,1.465186478296478967e+00,7.201303570287623801e-01,-5.115607358346699985e-05,1.596781883830350246e+00,-1.401468974658255462e+01,1.400762378060007945e-05
-1.494073923192344722e-01,1.979713003852287545e-01,7.091562402281677002e-01,1.505949811477484523e+00,6.761459650542138711e-01,-5.135641873124147425e-05,1.674720849762612485e+00,-1.435115741899934250e+01,1.086736434841029109e-05,-1.468865891599563378e-01,1.935532072332293851e-01,6.999895637501813983e-01,1.476664098895773769e+00,5.797710291403863625e-01,-5.095641207468799583e-05,7.044107838175452940e-01,-1.402896161226850325e+01,2.608782942080009029e-05
-1.342726394181617544e-01,2.032912997540976541e-01,7.091557289475536319e-01,1.513475290107270999e+00,5.319999368868909562e-01,-5.112806141220944023e-05,7.525478629786553908e-01,-1.441460281673229460e+01,2.283573190320353774e-05,-1.320991303585708210e-01,1.986514162914720383e-01,6.999890557042600658e-01,1.479405515012954364e+00,4.401420265859986580e-01,-5.063096292187500272e-05,-1.486963382243793319e-01,-1.386594145687749702e+01,3.917431062500012896e-05
-1.191511105940749049e-01,2.071809904104755795e-01,7.091552212462752802e-01,1.512152882408684507e+00,3.889690656377922107e-01,-5.077012783210094649e-05,-1.322407698586485769e-01,-1.430308712490987233e+01,3.579335801084937430e-05,-1.173261238568907988e-01,2.023646452294765585e-01,6.999885515846194783e-01,1.473857135879725888e+00,3.030978466964129314e-01,-5.016938593484800396e-05,-9.516962748493700275e-01,-1.350920538524734127e+01,5.332282449919981896e-05
-1.041264662965061261e-01,2.096706578397501131e-01,7.091547185247616403e-01,1.502464429756877440e+00,2.489667429274531885e-01,-5.027215135942115392e-05,-9.688452651806991334e-01,-1.400023227103390155e+01,4.979764726797952790e-05,-1.026477747782315458e-01,2.047287099918929099e-01,6.999880528065892671e-01,1.460576502061218918e+00,1.706605012822834944e-01,-4.956077520358701145e-05,-1.693203992062525032e+00,-1.294167225720988412e+01,6.859076218939981625e-05
-8.927641447823028709e-02,2.108114248715483308e-01,7.091542222939842821e-01,1.485005181827583121e+00,1.140767031798211040e-01,-4.962307774103497966e-05,-1.745924792929438141e+00,-1.348900397476320734e+01,6.490736183861756103e-05,-8.813813441000932503e-02,2.058005118130203370e-01,6.999875608974550634e-01,1.440237762964161838e+00,4.502615326497705350e-02,-4.879364262931200650e-05,-2.361280780782465172e+00,-1.214559085143282147e+01,8.503717458559980778e-05
-7.467152121048313551e-02,2.106770220284900907e-01,7.091537341814759809e-01,1.460489326774715213e+00,-1.344028430582289158e-02,-4.881125082768550985e-05,-2.451585505286794753e+00,-1.275169874856439911e+01,8.118269133494671053e-05,-7.386390623409370970e-02,2.056598124459106391e-01,6.999870775023644409e-01,1.413637272830436498e+00,-7.142811833100126684e-02,-4.785590119852300793e-05,-2.943422408303883131e+00,-1.110252702926137047e+01,1.027227980257998304e-04
-6.037396480120651998e-02,2.093656260930282786e-01,7.091532559374993383e-01,1.429755640927661497e+00,-1.311395935461803774e-01,-4.782439766480900867e-05,-3.073368584705374218e+00,-1.176993092403574970e+01,9.868531628764998231e-05,-5.988319540479992292e-02,2.044110776832001597e-01,6.999866043903999469e-01,1.381699305216002482e+00,-1.761374250239990946e-01,-4.673484800000001676e-05,-3.426547269759993242e+00,-9.793350898560007067e+00,1.217100799999998550e-04
-4.643623222275198442e-02,2.070017681875789550e-01,7.091527894413688360e-01,1.393773257845453362e+00,-2.363857905449328056e-01,-4.664961304566889633e-05,-3.598238308220804260e+00,-1.052461969987524171e+01,1.174784619140112341e-04,-4.624426234696840665e-02,2.021836341810807069e-01,6.999855263286056672e-01,1.345375592527817021e+00,-2.670164267896583121e-01,-4.670136017626402966e-05,-3.829731268613553397e+00,-8.401504483388134048e+00,1.397507066215995667e-04
-3.290094189443064365e-02,2.037306740665581484e-01,7.091522523552368229e-01,1.353529032832133661e+00,-3.271094121020803325e-01,-5.370861320156456625e-05,-4.024422501331969215e+00,-9.072362155714751353e+00,-7.059000155895667206e-04,-3.298807333000378095e-02,1.991151709756519839e-01,6.999850666332908533e-01,1.305275165122379288e+00,-3.445458502172982218e-01,-4.520458251929603357e-05,-4.181982882619564634e+00,-7.123276300422578977e+00,1.596223222911995849e-04
-1.980395810888231634e-02,1.996949953067026495e-01,7.091517226109399497e-01,1.309698378554832843e+00,-4.035678759855512165e-01,-5.297442968510474888e-05,-4.383065427730071129e+00,-7.645846388347086631e+00,7.341835164598187191e-05,-2.014967019669026277e-02,1.953334380792965397e-01,6.999846229009426546e-01,1.261900890663722130e+00,-4.098587613319319978e-01,-4.350862012965603815e-05,-4.484751393764662808e+00,-5.958081185621889375e+00,1.795819168487996272e-04
-7.175687190937474202e-03,1.950260217849311417e-01,7.091512184237390715e-01,1.262827091794484158e+00,-4.668973521771510593e-01,-5.041872009145016318e-05,-4.687128676034858721e+00,-6.332947619159982722e+00,2.555709593654587053e-04,-7.759342792732569494e-03,1.909549622537759228e-01,6.999841971272209307e-01,1.215739894966227697e+00,-4.640813812496702995e-01,-4.161277046374404055e-05,-4.739596362635873916e+00,-4.905048114052934061e+00,1.995935197183996350e-04
4.958451516539546383e-03,1.898419984057003185e-01,7.091507441244881971e-01,1.213413870747702017e+00,-5.184023379230819906e-01,-4.742992508725058680e-05,-4.941322104678218530e+00,-5.150498574593095569e+00,2.988795004199573668e-04,4.157410447024799394e-03,1.860850565947157198e-01,6.999837913129594025e-01,1.167263145714125816e+00,-5.083297144441868420e-01,-3.951670662500004192e-05,-4.948190553879996401e+00,-3.963001478327516480e+00,2.196179424999996710e-04
1.657777758986738598e-02,1.842480929821992408e-01,7.091503009897810461e-01,1.161932607332784029e+00,-5.593905423501085439e-01,-4.431347072049224880e-05,-5.148126341491792601e+00,-4.098820442702658440e+00,3.116454366758336647e-04,1.557971518717270881e-02,1.808179382575359484e-01,6.999834074602455658e-01,1.116924299444797875e+00,-5.437064038071504068e-01,-3.722051042918404003e-05,-5.112324131422999685e+00,-3.130441265598939538e+00,2.396126015615996827e-04
2.766614647045374450e-02,1.783367376874262222e-01,7.091498897713379712e-01,1.108836888058635894e+00,-5.911355294773005253e-01,-4.112184431165395200e-05,-5.309571927414804549e+00,-3.174498712719193705e+00,3.191626408838299511e-04,2.649114214038466447e-02,1.752368786239273946e-01,6.999830475681607656e-01,1.065158506579889641e+00,-5.712973874786224648e-01,-3.472470724373604356e-05,-5.233908853689409391e+00,-2.405523234558585521e+00,2.595313406311996985e-04
3.821174869106495203e-02,1.721880492086771963e-01,7.091495112609235152e-01,1.054560222061120545e+00,-6.148688478749025910e-01,-3.785104144314928055e-05,-5.427666599751537646e+00,-2.373331839760207007e+00,3.270802868504674166e-04,3.687951585661420478e-02,1.694143878911743839e-01,6.999827136281631113e-01,1.012381174504227488e+00,-5.921683574474216893e-01,-3.203030260121604019e-05,-5.314982268821707656e+00,-1.786039092432496034e+00,2.793242533887996997e-04
4.820690076839870275e-02,1.658702649043233557e-01,7.091491663937311563e-01,9.995152077333754326e-01,-6.317784304353840641e-01,-3.448671924106745548e-05,-5.504501432774512537e+00,-1.690958256048152197e+00,3.364322202081826418e-04,4.673671093332041476e-02,1.634124360666235343e-01,6.999824076190953592e-01,9.589866886925426659e-01,-6.073610199214523053e-01,-2.913882058682404060e-05,-5.357711909899717462e+00,-1.269396671977942148e+00,2.989375060583997624e-04
5.764782479409739924e-02,1.594401864568372185e-01,7.091488562461467637e-01,9.440924025698700373e-01,-6.430078447486144988e-01,-3.101475844117292118e-05,-5.542280516350538200e+00,-1.122941431323039252e+00,3.471960799894535654e-04,5.605843522719986677e-02,1.572827123496000901e-01,6.999821315017999979e-01,9.053470918840007542e-01,-6.178891574679998833e-01,-2.605234400000004230e-05,-5.364399490159999395e+00,-8.526001084800061136e-01,3.183131599999997671e-04
6.653441559137984740e-02,1.529436346136427427e-01,7.091485820116878447e-01,8.886590797282442056e-01,-6.496551843194483533e-01,-2.742344588943008925e-05,-5.543332284162581836e+00,-6.647339570833854516e-01,3.591312551742831261e-04,6.484399964790280024e-02,1.510669248830708022e-01,6.999818872133239944e-01,8.518107213045367221e-01,-6.247344929239926348e-01,-2.277355629010404233e-05,-5.337485098215242196e+00,-5.322300167481497368e-01,3.373889943015997571e-04
7.486999475707323271e-02,1.464159208337758034e-01,7.091483449744320211e-01,8.335579165693384196e-01,-6.527713779866952670e-01,-2.370372558185891522e-05,-5.510116315890579486e+00,-3.116193667246860421e-01,3.719720307571172668e-04,7.309607411421159551e-02,1.447971428573548436e-01,6.999816766606952179e-01,7.987008039369978274e-01,-6.288423550762270997e-01,-1.930578526617603759e-05,-5.279551393273651527e+00,-3.044236681127969746e-01,3.560983283711998109e-04
8.266105103063176029e-02,1.398823416433409572e-01,7.091481464840335702e-01,7.791056273558526479e-01,-6.533579190434850581e-01,-1.984903984259041112e-05,-5.445228921348577167e+00,-5.865410567897803851e-02,3.854685739268504108e-04,8.082042925315988113e-02,1.384961829481824447e-01,6.999815017142527740e-01,7.463140098390909083e-01,-6.311171461115618886e-01,-1.565304858077604008e-05,-5.193327800358349400e+00,-1.648551674219067564e-01,3.743698445287998045e-04
8.991696647275598808e-02,1.333587010412682627e-01,7.091479879328900227e-01,7.255915442124223347e-01,-6.523640602072705574e-01,-1.585511435816584378e-05,-5.351408314343029105e+00,9.938588362144784583e-02,3.993925484424565298e-04,8.802566342257009402e-02,1.321780420714018245e-01,6.999813642005139336e-01,6.949189635091355122e-01,-6.324176108370747063e-01,-1.182010098790403912e-05,-5.081694705526759392e+00,-1.087156300375564655e-01,3.921274105983998254e-04
9.664972795617633727e-02,1.268518658014727851e-01,7.091478707352423250e-01,6.732761483420354187e-01,-6.506835239795486503e-01,-1.171976476442899560e-05,-5.231539587038694705e+00,1.680536227721865505e-01,4.135349593736847851e-04,9.472291463748747087e-02,1.258483784366344338e-01,6.999812658945593347e-01,6.447547132996253039e-01,-6.335519076701876529e-01,-7.812483375000039488e-06,-4.947687651089999861e+00,-1.306933588325005502e-01,4.092899024999998811e-04
1.028736234845038511e-01,1.203603580747832635e-01,7.091477963078628433e-01,6.223895528327508808e-01,-6.491507726689526026e-01,-7.442737946262111084e-06,-5.088659550928449349e+00,1.532751310596081329e-01,4.277026818166884681e-04,1.009255569809887620e-01,1.195050428821797794e-01,6.999812085119192506e-01,5.960291588785934236e-01,-6.352724813987554731e-01,-3.636573569024033066e-06,-4.794501530832281588e+00,-2.249540211867646633e-01,4.257710268415998791e-04
1.086049228654679677e-01,1.138749893149310355e-01,7.091477660519954762e-01,5.731299380964115509e-01,-6.485368759852234710e-01,-3.025586740746331803e-06,-4.925961473633932108e+00,6.138966837291297968e-02,4.417151205515779111e-04,1.066488810798438547e-01,1.131386624734687929e-01,6.999811936999423834e-01,5.489174367387842368e-01,-6.382707377111223046e-01,7.003610833839673047e-07,-4.625494785230291228e+00,-3.851208259842149317e-01,4.414791435111999323e-04
1.138615422734438748e-01,1.073795392320363029e-01,7.091477813362557781e-01,5.256619407975900993e-01,-6.495450082894737021e-01,1.528426024954334246e-06,-4.746799729882149599e+00,-1.008132304250192873e-01,4.554012765700665710e-04,1.119097582255076662e-01,1.067332783473672747e-01,6.999812230286307502e-01,5.035602637546321425e-01,-6.431715194961427073e-01,5.190109361663980706e-06,-4.444193596672588953e+00,-6.042547006091236739e-01,4.563170882687999047e-04
1.186626922433570430e-01,1.008514832063218403e-01,7.091478434802386266e-01,4.801149969913166560e-01,-6.528056025714463750e-01,6.214398282255497823e-06,-4.554694380627346106e+00,-3.260594281972666320e-01,4.685972257301163069e-04,1.167262877209213345e-01,1.002670397846291694e-01,6.999812979809217905e-01,4.600622387870464403e-01,-6.505273849131680830e-01,9.823460043015974251e-06,-4.254296084678998113e+00,-8.748344679427741966e-01,4.701819953383999879e-04
1.230285086440969788e-01,9.426277136659105826e-02,7.091479537386174981e-01,4.365816400739929715e-01,-6.588711839730785336e-01,1.102583788415938720e-05,-4.353335691732366897e+00,-6.065581401632190728e-01,4.811439601903888530e-04,1.211174270335999559e-01,9.371295649280002305e-02,6.999814199424000405e-01,4.184901023360001471e-01,-6.608126872320002620e-01,1.459014399999998795e-05,-4.059676501120000225e+00,-1.188737023359999867e+00,4.829651199999999219e-04
1.269796661846621100e-01,8.758066234570037467e-02,7.091481132855503855e-01,3.951157540565144455e-01,-6.682109020890683038e-01,1.595469328733394761e-05,-4.146588601747853708e+00,-9.339718115989804614e-01,4.928855403174559058e-04,1.251026043354853956e-01,8.703971108187151529e-02,6.999815901904212767e-01,3.788709542409289810e-01,-6.744174564428090379e-01,1.947877452405587207e-05,-3.864389425436124625e+00,-1.537217511725774699e+00,4.945516611815997882e-04
1.305369740105470078e-01,8.076861456320304222e-02,7.091483231992342651e-01,3.557307825884893915e-01,-6.812047782497330228e-01,2.099136838858933036e-05,-3.938497146802506954e+00,-1.299387616066467466e+00,5.036675101255383424e-04,1.287013130100422564e-01,8.021253371498585083e-02,6.999818098826312562e-01,3.411904294289291872e-01,-6.916410826360183117e-01,2.447678587494388376e-05,-3.672673959857334136e+00,-1.910889504391825255e+00,5.048205840511997729e-04
1.337209529514962747e-01,7.378723774878545583e-02,7.091485844464715527e-01,3.183978940949268588e-01,-6.981376814417593613e-01,2.612472372561740858e-05,-3.733288849356251493e+00,-1.693290319202635175e+00,5.133355337028078225e-04,1.319326877070743642e-01,7.319414091649345533e-02,6.999820800448601776e-01,3.053908317107725257e-01,-7.126858011521539638e-01,2.957037005610387297e-05,-3.488957924622431594e+00,-2.299705176193136857e+00,5.136444426087998210e-04
1.365513939847954605e-01,6.659530730504772955e-02,7.091488978671305343e-01,2.830441033299180287e-01,-7.191930443737721834e-01,3.134206589611115116e-05,-3.535379076500882345e+00,-2.105536293201282660e+00,5.217342170493743936e-04,1.348150615257410201e-01,6.594574051966023420e-02,6.999824015583769876e-01,2.713692256247162149e-01,-7.376499795016615568e-01,3.474441181593589003e-05,-3.317862053198440631e+00,-2.692935482444587691e+00,5.208892022783999419e-04
1.390468974808345137e-01,5.915084401121594587e-02,7.091492641583984069e-01,2.495503496039048474e-01,-7.444463293831782291e-01,3.662912679169798817e-05,-3.349375372601317569e+00,-2.525328500940602794e+00,5.287060895586837006e-04,1.373655039062499361e-01,5.842810473632828461e-02,6.999827751464843262e-01,2.389754863281259301e-01,-7.665212060546874318e-01,3.998242187499988405e-05,-3.164204187499999321e+00,-3.079150335937495875e+00,5.264140624999999723e-04
1.412243927998421689e-01,5.141226148766619292e-02,7.091496838587378893e-01,2.177495319007667907e-01,-7.738582523549750736e-01,4.197003395187641874e-05,-3.180081770313806011e+00,-2.941192297179679560e+00,5.340907160178431923e-04,1.395993388107058808e-01,5.060271333082813627e-02,6.999832013604373460e-01,2.080103075369015286e-01,-7.991691805008235283e-01,4.526646837913588775e-05,-3.033003473108761838e+00,-3.446198783936196719e+00,5.300712793215999353e-04
1.430986378105114643e-01,4.333958377228972619e-02,7.091501573314695772e-01,1.874245010669303713e-01,-8.072677715376467278e-01,4.734727316648650703e-05,-3.032503083383643272e+00,-3.340951918267164089e+00,5.377239214610085583e-04,1.415296427735919516e-01,4.243296888044420512e-02,6.999836805646669768e-01,1.782231675127112780e-01,-8.353384060788250354e-01,5.057710657850390302e-05,-2.929484554492769455e+00,-3.781189185174647527e+00,5.317059879912000749e-04
1.446816979027717442e-01,3.489573530171062588e-02,7.091506847479120967e-01,1.583060092260281659e-01,-8.443848470579102816e-01,5.274164425289556117e-05,-2.911849184090219644e+00,-3.711707552026354939e+00,5.394371086409055494e-04,1.431667224023631113e-01,3.388548610473307576e-02,6.999842129212930919e-01,1.493102530980294773e-01,-8.746406835762868814e-01,5.589330673254389351e-05,-2.859081770225867736e+00,-4.070469386852959559e+00,5.311560255488001307e-04
1.459824040682567436e-01,2.604790554147867407e-02,7.091512660700204362e-01,1.300706165484997456e-01,-8.847829760231951113e-01,5.813221083411595184e-05,-2.823539267752841475e+00,-4.039812896528483854e+00,5.390566581220390674e-04,1.445175709086281568e-01,2.493145724599515889e-02,6.999847983739055923e-01,1.209123417989832472e-01,-9.165474070992869482e-01,6.119238024085589794e-05,-2.827443348207076212e+00,-4.299606901634010825e+00,5.282517534184001315e-04
1.470057896231081185e-01,1.676899046816362343e-02,7.091519010324678352e-01,1.023385554851364287e-01,-9.278915073315048279e-01,6.349624473479481101e-05,-2.773206106336331800e+00,-4.310853130830966329e+00,5.364033900678855105e-04,1.455853032504000055e-01,1.554809548320013057e-02,6.999854366305999775e-01,9.261264191600071527e-02,-9.603816616119993377e-01,6.644990399999991170e-05,-2.840435600879998024e+00,-4.453369084639994036e+00,5.228158800000001034e-04
1.477525051486726360e-01,7.039113071562599216e-03,7.091525891241239332e-01,7.467155255645049894e-02,-9.729877396601023243e-01,6.880916561265942139e-05,-2.766700292868592648e+00,-4.509623232859752306e+00,5.312920877864613090e-04,1.463685694658908854e-01,5.720158361666227709e-03,6.999861271462464174e-01,6.393459072227236639e-02,-1.005310122246269255e+00,7.163964298621591635e-05,-2.904147120452198028e+00,-4.515703310449026731e+00,5.146632832616002129e-04
1.482182112264253948e-01,-3.152774984019815832e-03,7.091533295688865479e-01,4.657060777527478879e-02,-1.019188805558241429e+00,7.404447626458926057e-05,-2.810094478117571182e+00,-4.620106589813902431e+00,5.235310651929836467e-04,1.468609457793317585e-01,-4.558446779205610477e-03,6.999868691039757840e-01,3.433961069001179034e-02,-1.050334755381153062e+00,7.673347106406392120e-05,-3.024892974114606670e+00,-4.469717150091672586e+00,5.036008333312002585e-04
1.483929485441036478e-01,-1.380720842510873604e-02,7.091541213058266679e-01,1.747373176782614917e-02,-1.065443344108891965e+00,7.917369400832713431e-05,-2.909687600744863989e+00,-4.625453855065051911e+00,5.129217743737868318e-04,1.470503030592926474e-01,-1.528297339784312481e-02,6.999876613958655458e-01,3.224823764525153180e-03,-1.094284321492430267e+00,8.170129002098392248e-05,-3.209218899260902980e+00,-4.297658548047595062e+00,4.894272150888003556e-04
1.482604849505855804e-01,-2.491243806747456269e-02,7.091549629686116907e-01,-1.324635935180755106e-02,-1.110522964236582810e+00,8.416627850007469343e-05,-3.072009111963370120e+00,-4.507962012769089810e+00,4.992584491747553699e-04,1.469181522099836101e-01,-2.643606037975937406e-02,6.999885026028067614e-01,-3.007927631391149603e-02,-1.135805679772073695e+00,8.651094682777591533e-05,-3.463905498706910890e+00,-3.980895999242031635e+00,4.719327507584003198e-04
1.477976390375113636e-01,-3.644257307159091963e-02,7.091558528641742631e-01,-4.628459130742125505e-02,-1.153013500411635306e+00,8.898955625384846833e-05,-3.303823195561370607e+00,-4.249053617505246905e+00,4.823277753773780319e-04,1.464389660760125333e-01,-3.798586872185313879e-02,6.999893909735344089e-01,-6.631119364037463271e-02,-1.173354894517687708e+00,9.112814912499991806e-05,-3.795972435909991560e+00,-3.499898726042504293e+00,4.508992225000002974e-04
1.469735798260345672e-01,-4.835563369384758559e-02,7.091567889505951960e-01,-8.240592114767991694e-02,-1.191306062225666373e+00,9.360864209502167232e-05,-3.612132984025865134e+00,-3.829256181403105863e+00,4.619085841173209417e-04,1.455794774410794634e-01,-4.988412828945371080e-02,6.999903244028046201e-01,-1.062808417277985029e-01,-1.205188143291916703e+00,9.551637893529595449e-05,-4.212682630188433919e+00,-2.834216855255253797e+00,4.260996950016003658e-04
1.457491021374203166e-01,-6.059151248465954182e-02,7.091577688141729174e-01,-1.224477688614244719e-01,-1.223587879081195373e+00,9.798635777533653115e-05,-4.004184771374454499e+00,-3.228181685552902191e+00,4.377715680314864244e-04,1.442979527010844476e-01,-6.206409266381118783e-02,6.999913004086996127e-01,-1.508719970416894096e-01,-1.229352426851813895e+00,9.963680460162396726e-05,-4.721546451940844769e+00,-1.962461595121897773e+00,3.972983380712002423e-04
1.440758772264842391e-01,-7.306984189508586303e-02,7.091587896456518214e-01,-1.673224910936076948e-01,-1.247832941042631871e+00,1.020831478947820516e-04,-4.487472223218322398e+00,-2.424506196143646708e+00,4.096790119445525846e-04,1.425434407921279678e-01,-7.443840009772689781e-02,6.999923161090428891e-01,-2.010447944870208392e-01,-1.243676080848177268e+00,1.034481909514239602e-04,-5.330325917865537555e+00,-8.622854123160159645e-01,3.642502492288003484e-04
1.418956782570994501e-01,-8.568776626239663075e-02,7.091598482155846428e-01,-2.180198969384790075e-01,-1.261792436731076661e+00,1.058569932821379746e-04,-5.069740584487131052e+00,-1.395949568844474964e+00,3.773845387355923009e-04,1.402549969538803010e-01,-8.689683859703117852e-02,6.999933681969074950e-01,-2.578382648473285244e-01,-1.245759089294852240e+00,1.069068076866959904e-04,-6.047038886179946893e+00,4.896377910603337824e-01,3.267012762984002712e-04
1.391395801991957559e-01,-9.831761615246314978e-02,7.091609408488042110e-01,-2.756098057903683674e-01,-1.262984989006651348e+00,1.092633219562983327e-04,-5.758990885188934428e+00,-1.192552275574702697e-01,3.406328674160352676e-04,1.373600000000000099e-01,-9.930400000000000338e-02,6.999950000000000339e-01,-3.223739999999999939e-01,-1.232963999999999949e+00,1.100000000000000039e-04,-6.879964000000000190e+00,2.117631999999999959e+00,2.840000000000000185e-04
1.357270193237115341e-01,-1.108044878721808763e-01,7.091621293135915716e-01,-3.412560875484226264e-01,-1.248687171971772480e+00,1.188464787411408941e-04,-6.564628175805426125e+00,1.429781703487887690e+00,9.583156784842561393e-04,1.337780359783190265e-01,-1.114989121778532100e-01,6.999961134531231810e-01,-3.953743780792792761e-01,-1.203206548923823060e+00,1.126159556396970059e-04,-7.693343008560531437e+00,3.804757669384322583e+00,2.391998951781999837e-04
1.315707006924477507e-01,-1.229727979475018496e-01,7.091633484229369344e-01,-4.156318631263785646e-01,-1.216831007532096720e+00,1.219109345344743727e-04,-7.437577557795593819e+00,3.185616443967585365e+00,3.064455793333475953e-04,1.294280669299914532e-01,-1.233148047215362753e-01,6.999972508270018157e-01,-4.757091742084300634e-01,-1.157451275455651851e+00,1.147843045758080059e-04,-8.347230460896986060e+00,5.317169244155893537e+00,1.944919545023999488e-04
1.265931752164238255e-01,-1.346539392866538398e-01,7.091645807526499867e-01,-4.977525476023922923e-01,-1.168114133915198138e+00,1.232329713006236462e-04,-8.212068447601374999e+00,4.871687361689867934e+00,1.322036766149281561e-04,1.242446831568605609e-01,-1.346004359767088987e-01,6.999984076515273212e-01,-5.617956840687301501e-01,-1.097445392199937197e+00,1.165063755487130031e-04,-8.844142116318984392e+00,6.654928092848351184e+00,1.499584299025999044e-04
1.207330441803584203e-01,-1.456967610139618674e-01,7.091658199970465315e-01,-5.860131036065407972e-01,-1.104282172730801648e+00,1.239244396570188549e-04,-8.826055600414845159e+00,6.383196118439640188e+00,6.914683563952195300e-05,1.181781687475529224e-01,-1.452220256312159730e-01,6.999995794740749844e-01,-6.520786132038371985e-01,-1.024933168904760938e+00,1.177843451781120142e-04,-9.187048883103539509e+00,7.818567234710121383e+00,1.056866848767998757e-04
1.139459335267469509e-01,-1.559696367923849580e-01,7.091670623147975361e-01,-6.787110653611474476e-01,-1.027287577842308286e+00,1.242317751002025919e-04,-9.269796175460664145e+00,7.699459488849342392e+00,3.073354431837316270e-05,1.111942042518952872e-01,-1.550632011223375406e-01,7.000007618682430044e-01,-7.450347693627816792e-01,-9.416510414594370104e-01,1.186212902656250140e-04,-9.379404989158750539e+00,8.809126238755004223e+00,6.176943187499983048e-05
1.062042316782486201e-01,-1.653605567369518248e-01,7.091683043127776642e-01,-7.741701848498335758e-01,-9.390919944566872291e-01,1.241997980100268144e-04,-9.545911948868608832e+00,8.819558338562103472e+00,-3.197709017577210489e-06,1.032735210233682310e-01,-1.640248933890617877e-01,7.000019504431249651e-01,-8.391780365495955518e-01,-8.493223719016029793e-01,1.190212424712320009e-04,-9.425176152687500419e+00,9.628186122812763870e+00,1.830496968319980438e-05
9.749652997603966420e-02,-1.737767582381030962e-01,7.091695426010048431e-01,-8.707701702208953121e-01,-8.416201501151265862e-01,1.238288227162759726e-04,-9.659998537106174510e+00,9.747184434156061172e+00,-3.709752937508525861e-05,9.441150441253051695e-02,-1.720251784794765426e-01,7.000031408531424137e-01,-9.330646307795769090e-01,-7.496518594338106301e-01,1.189892453635530112e-04,-9.328867752851158102e+00,1.027790425257972196e+01,-2.460257919259929661e-05
8.782698084421164397e-02,-1.811442448002428540e-01,7.091707737168438941e-01,-9.669549131828014676e-01,-7.367486562139754502e-01,1.231115839057545251e-04,-9.618474296190619555e+00,1.048714939011511404e+01,-7.172388105214366760e-05,8.461774299434662860e-02,-1.789990615233749693e-01,7.000043288084583093e-01,-1.025298637542201963e+00,-6.443196024495979612e-01,1.185314138439680132e-04,-9.095553000433259427e+00,1.076104924066938295e+01,-6.684303114239933865e-05
7.721461784552029195e-02,-1.874072664466367444e-01,7.091719941338858746e-01,-1.061236299869135369e+00,-6.263021646393894803e-01,1.220417041981719758e-04,-9.428138668633383901e+00,1.104464915745859876e+01,-1.069879707582543915e-04,7.391552101235410177e-02,-1.848981995801676770e-01,7.000055100859983170e-01,-1.114537830970651955e+00,-5.349748115690784456e-01,1.176549959445770215e-04,-8.730901108503214658e+00,1.108103584566295474e+01,-1.082999040681994411e-04
6.569264196695183411e-02,-1.925277708860352321e-01,7.091732002885162700e-01,-1.152197587856846228e+00,-5.120504439398488872e-01,1.206154630405515088e-04,-9.096128798771076163e+00,1.142517206995405843e+01,-1.426241157620466993e-04,6.234125122260017471e-02,-1.896905598721999597e-01,7.000066805411000459e-01,-1.199499774717998957e+00,-4.232291736840014806e-01,1.163684370000000237e-04,-8.241205463080007121e+00,1.124195987115999884e+01,-1.488501799999994565e-04
5.330766964954115200e-02,-1.964848202430151125e-01,7.091743886087465976e-01,-1.238497231741068294e+00,-3.957049356979877031e-01,1.188320230334322341e-04,-8.629964388422209254e+00,1.163455082418611752e+01,-1.783440007119274640e-04,4.994384532028468826e-02,-1.933600099135660555e-01,7.000078361198174282e-01,-1.278968204540018361e+00,-3.106498670123183370e-01,1.146814461930170318e-04,-7.633411793795879419e+00,1.124863306482900072e+01,-1.883640677117994931e-04
4.011893651229013480e-02,-1.992739654803274696e-01,7.091755555420500290e-01,-1.318873313725101859e+00,-2.789145237312345427e-01,1.166933303433531925e-04,-8.037608198403349391e+00,1.167904119667531759e+01,-2.138692690079047054e-04,3.678401913204130957e-02,-1.959058360445171676e-01,7.000089728719015580e-01,-1.351799692584639612e+00,-1.987522271622403913e-01,1.126050654740480279e-04,-6.915146344560032965e+00,1.110661801745797383e+01,-2.267047653375995459e-04
2.619745079508735419e-02,-2.009065706326160494e-01,7.091766975817690444e-01,-1.392148571720277950e+00,-1.632605152288576222e-01,1.142039719009274855e-04,-7.327525799517613514e+00,1.156540085023769215e+01,-2.489358442425704254e-04,2.293352975679091577e-02,-1.973421868815570246e-01,7.000100869644830803e-01,-1.416930593388034731e+00,-8.899206420578975596e-02,1.101517408544730345e-04,-6.094744044222332846e+00,1.082226306200502997e+01,-2.637282229873995072e-04
1.162509093950472340e-02,-2.014090794959729480e-01,7.091778112922831889e-01,-1.457235985558263058e+00,-5.025088633569001206e-02,1.113710514092031357e-04,-6.508741383798501978e+00,1.130096288931676085e+01,-2.832920491724344458e-04,8.474341838101306923e-03,-1.976974381933206959e-01,7.000111746964787773e-01,-1.473384271577342197e+00,1.724236923815336553e-02,1.073353960737920379e-04,-5.181276677236988704e+00,1.040273717264900100e+01,-2.992829053631996107e-04
-3.506357863171320755e-03,-2.008222179866943347e-01,7.091788933332290323e-01,-1.513144880267604409e+00,5.868615092786071130e-02,1.082040945825752071e-04,-5.590889470934129690e+00,1.089370372635507245e+01,-3.166956826627931321e-04,-6.502279849013914426e-03,-1.970134757123312430e-01,7.000122325137476675e-01,-1.520278611280030834e+00,1.186387589113115926e-01,1.041715086406250370e-04,-4.184581054326256933e+00,9.856064863840002133e+00,-3.332095543749996288e-04
-1.909623296279115007e-02,-1.992001258919861573e-01,7.091799404830539943e-01,-1.558987509961982987e+00,1.622092094708185162e-01,1.047149824982546428e-04,-4.584262969437852497e+00,1.035230585429578021e+01,-3.489112084320566964e-04,-2.189675431392298921e-02,-1.953448923927295078e-01,7.000132570250181541e-01,-1.556833807239896617e+00,2.139694588139757769e-01,1.006771882475520393e-04,-3.115287183144148209e+00,9.191161089350041280e+00,-3.653409517567997506e-04
-3.503609387460154823e-02,-1.966094121717284204e-01,7.091809496621511721e-01,-1.593986091181040177e+00,2.590713720257741270e-01,1.009179097158580330e-04,-3.499858121905712327e+00,9.686216255495564198e+00,-3.797072782396604396e-04,-3.760224758589703065e-02,-1.927580966240711180e-01,7.000142450186120913e-01,-1.582380437639700821e+00,3.021005700934775717e-01,9.687125755979304753e-05,-1.984846438940102153e+00,8.417866141323610663e+00,-3.955016816825997791e-04
-5.121089646782609611e-02,-1.931281283397969506e-01,7.091819179557895536e-01,-1.617480259322454650e+00,3.481283831931481498e-01,9.682936384035558026e-05,-2.349416814141440657e+00,8.905701116737400724e+00,-4.088545875502447302e-04,-5.350581808639043313e-02,-1.893303279112869830e-01,7.000151934799886400e-01,-1.596367818630440860e+00,3.820013689231658294e-01,9.277433537772803362e-05,-8.055597352227010788e-01,7.546980549328269561e+00,-4.235078933823997380e-04
-6.750024572709448223e-02,-1.888446547651108365e-01,7.091828426370252458e-01,-1.628934925926838417e+00,4.283473574686101903e-01,9.246812356590251500e-05,-1.145466660438371420e+00,8.021897427546203829e+00,-4.361240274453059840e-04,-6.948964695514722734e-02,-1.851485765309008880e-01,7.000160996101307820e-01,-1.598372640567260916e+00,4.527540833718926017e-01,8.840892217325705218e-05,4.093943055766455785e-01,6.590299979405241260e+00,-4.491670637581998281e-04
-8.377973090779680665e-02,-1.838564949952992411e-01,7.091837211897518145e-01,-1.627948518070232664e+00,4.988159769811607580e-01,8.785527265445736633e-05,9.864078566057053743e-02,7.046861951255055878e+00,-4.612850911445143254e-04,-8.543235614719990600e-02,-1.803084036736000151e-01,7.000169608448000291e-01,-1.588107885951999698e+00,5.135640192639994162e-01,8.379948800000003057e-05,1.645931181439995505e+00,5.560650133119999339e+00,-4.722777599999998413e-04
-9.992234674846724174e-02,-1.782689734272898119e-01,7.091845513320292893e-01,-1.614261584067043565e+00,5.587521568009423678e-01,8.301422774946665356e-05,1.368693400318917730e+00,5.993617981978164089e+00,-4.841044904990710052e-04,-1.012104171178266065e-01,-1.749126585832530001e-01,7.000177748746815309e-01,-1.565432029082373555e+00,5.637700350298167074e-01,7.897256277733703616e-05,2.889032340099183749e+00,4.471921646612880608e+00,-4.926294022017999302e-04
-1.158000042701824439e-01,-1.721938318356988351e-01,7.091853310398112953e-01,-1.587765752171520717e+00,6.075141591590964563e-01,7.797077819645615508e-05,2.649583189552281226e+00,4.876200235815409734e+00,-5.043449553010503905e-04,-1.166996529125333970e-01,-1.690700892024704638e-01,7.000185396664438953e-01,-1.530358517407794938e+00,6.028553655466621919e-01,7.395682894828804472e-05,4.122717008372133840e+00,3.339104989649650967e+00,-5.100020259775999137e-04
-1.312851345807862502e-01,-1.657477204271234350e-01,7.091860585711748932e-01,-1.548513031060379408e+00,6.446111408575391222e-01,7.275313636313452878e-05,3.925272111114131768e+00,3.709698169844269255e+00,-5.217641833321629008e-04,-1.317768364791282176e-01,-1.628938428348029599e-01,7.000192534847379244e-01,-1.483065534591834655e+00,6.304587949703481797e-01,6.878321651123300959e-05,5.330014021499139609e+00,2.178325364672102804e+00,-5.241660450773998840e-04
-1.462523890072277288e-01,-1.590505792209203906e-01,7.091867324911468318e-01,-1.496725442644148085e+00,6.697141206203042207e-01,6.739199719291101478e-05,5.178758841623133158e+00,2.510297976276504972e+00,-5.361139170223516714e-04,-1.463213880189524196e-01,-1.564998533336714182e-01,7.000199149151570266e-01,-1.423906045281312815e+00,6.463861785571978213e-01,6.348500042547201470e-05,6.492933652479179862e+00,1.006877605848677693e+00,-5.348820140032000542e-04
-1.605804387996487004e-01,-1.522239056686938430e-01,7.091873516972057034e-01,-1.432804979242096932e+00,6.826673552226554254e-01,6.192060588728843715e-05,6.392046340205110866e+00,1.295323460235122681e+00,-5.471391305622574919e-04,-1.602171741943359262e-01,-1.500051113281249959e-01,7.000205228881836161e-01,-1.353418121582030897e+00,6.506223134765622973e-01,5.809790039062502371e-05,7.592439441406253486e+00,-1.567389218750112612e-01,-5.419003906249999017e-04
-1.741538775837375430e-01,-1.453889045187865270e-01,7.091879154455340561e-01,-1.357343878408884486e+00,6.835001149907320439e-01,5.637483283428225053e-05,7.546110083321236672e+00,8.327597680766510302e-02,-5.545773053006186615e-04,-1.733544120093439000e-01,-1.435258139955208068e-01,7.000210767041457061e-01,-1.272335551241142948e+00,6.433431586138442793e-01,5.266018299987201118e-05,8.608420024805624848e+00,-1.292785423725492322e+00,-5.449612987967998590e-04
-1.868652296813091696e-01,-1.386645160113396669e-01,7.091884233780841873e-01,-1.271135209757161988e+00,6.724388507446850127e-01,5.079325500777443831e-05,8.620866865172256865e+00,-1.106126424604706227e+00,-5.581577826507810869e-04,-1.856316801808796380e-01,-1.371753908912214659e-01,7.000215760592060077e-01,-1.181598727536157023e+00,6.249284033640323255e-01,4.721276626703301504e-05,9.519660964970164230e+00,-2.380248776050923443e+00,-5.437942909725997521e-04
-1.986170673714114931e-01,-1.321653185562843558e-01,7.091888755505160180e-01,-1.175183769010233359e+00,6.499197455055303330e-01,4.521724318605703014e-05,9.595144074692852243e+00,-2.251910523915466200e+00,-5.576011821717408168e-04,-1.969580408172105501e-01,-1.310624023454041720e-01,7.000220210724090730e-01,-1.082365820870581308e+00,5.959743854157364407e-01,4.179932652748798833e-05,1.030381657929666517e+01,-3.396806627270470447e+00,-5.381181108223998411e-04
-2.093242401240995310e-01,-1.259993021029144900e-01,7.091892724610606713e-01,-1.070717275268803670e+00,6.166016453369869144e-01,3.969105446505139591e-05,1.044664937414296269e+01,-3.331810016854337864e+00,-5.526188721005631521e-04,-2.072552742209841370e-01,-1.252883069370775426e-01,7.000224123138086840e-01,-9.760242320762020363e-01,5.573073575257303514e-01,3.646640771293701959e-05,1.093738176962211739e+01,-4.318792498823691872e+00,-5.276404558481999092e-04
-2.189162188051766988e-01,-1.202655084571224720e-01,7.091896150803564947e-01,-9.591978681077155677e-01,5.733793645792013560e-01,3.426192958365604564e-05,1.115194071610881466e+01,-4.322228075778557610e+00,-5.429124881395352986e-04,-2.164602296338000442e-01,-1.199450945554000475e-01,7.000227508337000248e-01,-8.642023274219998719e-01,5.099971032839998308e-01,3.126353300000001359e-05,1.139566385156000550e+01,-5.121160886120007305e+00,-5.120577399999996521e-04
-2.273395578216873270e-01,-1.150515348423465783e-01,7.091899048823034901e-01,-8.423339016510631438e-01,5.213973614775891940e-01,2.898019469909030927e-05,1.168639664566524239e+01,-5.198200310161213977e+00,-5.281734884565736365e-04,-2.245272947394039986e-01,-1.151127815583950775e-01,7.000230381929805068e-01,-7.487814553297005293e-01,4.553709018692979615e-01,2.624331883265699822e-05,1.165275438383664763e+01,-5.777452359488053801e+00,-4.910548562917999363e-04
-2.345604781539147032e-01,-1.104308970339577117e-01,7.091901438759762311e-01,-7.220920332227365179e-01,4.620637808388861623e-01,2.389936727386022592e-05,1.202418684283266614e+01,-5.933358063870302956e+00,-5.080827425230083350e-04,-2.314309867425705936e-01,-1.108567645391593109e-01,7.000232764946624497e-01,-6.319082447959747384e-01,3.950278417952117760e-01,2.146159131852808154e-05,1.168150099762750216e+01,-6.259758665125071175e+00,-4.643049394176003149e-04
-2.405675741993903993e-01,-1.064602484251936931e-01,7.091903346386342344e-01,-6.007096045475702750e-01,3.970648608764023590e-01,1.907626580480659966e-05,1.213824286751662385e+01,-6.499891996248376991e+00,-4.823101469053625578e-04,-2.371686678407420035e-01,-1.072250292096558755e-01,7.000234684165610455e-01,-5.160071855212491343e-01,3.308534836467127427e-01,1.697750499899307265e-05,1.145347922589341039e+01,-6.538687826046425400e+00,-4.314691283674005023e-04
-2.453746473373587811e-01,-1.031764514066631083e-01,7.091904803498657595e-01,-4.807073137968391752e-01,3.283797018530580369e-01,1.457112315351672541e-05,1.200022907507310777e+01,-6.868515902334431544e+00,-4.505142651289872902e-04,-2.417633879054861545e-01,-1.042452109121914106e-01,7.000236172451831385e-01,-4.037934897451875282e-01,2.650348718072497167e-01,1.285366399315209451e-05,1.093896433271695656e+01,-6.583329243034850009e+00,-3.921963290432005475e-04
-2.490236691077620801e-01,-1.005934974615927402e-01,7.091905848268987844e-01,-3.649021770403294007e-01,2.582953945070369239e-01,1.044770330472733624e-05,1.158051367565097856e+01,-7.008430734602113077e+00,-4.123419848789389164e-04,-2.452668571908452610e-01,-1.019215032686689032e-01,7.000237269108383620e-01,-2.982862357887821059e-01,2.000758951763115245e-01,9.156245515625047356e-06,1.010690314263876743e+01,-6.361218795590028563e+00,-3.461229768750004646e-04
-2.515878768866965931e-01,-9.869927239597321711e-02,7.091906525611124668e-01,-2.564207778934509685e-01,1.894225065619526138e-01,6.773421371508165495e-06,1.084813991468784522e+01,-6.887288794508430456e+00,-3.674281933219170071e-04,-2.477625518856366449e-01,-1.002314114777109466e-01,7.000238020239972769e-01,-2.028217933030941889e-01,1.388129968775206891e-01,5.955125768192050576e-06,8.924885869993794074e+00,-5.838303942877830721e+00,-2.928727994368007857e-04
-2.531750049300811045e-01,-9.745216313706644984e-02,7.091906887557795081e-01,-1.587128043384523624e-01,1.247109258906764911e-01,3.619466707138203024e-06,9.770797355499858838e+00,-6.471158067127612767e+00,-3.153954664369962302e-04,-2.493689553267744718e-01,-9.912234676975285874e-02,7.000238479129212710e-01,-1.210675302246282670e-01,8.443123295721521870e-02,3.324008205273046865e-06,7.359117948247646090e+00,-4.978908824679848522e+00,-2.320565790626007824e-04
-2.539306536486757859e-01,-9.677750254579654821e-02,7.091906993650697322e-01,-7.556487185946583751e-02,6.746605912699071839e-02,1.060929027751351075e-06,8.314793247898652595e+00,-5.724486676368577776e+00,-2.558537679386851948e-04,-2.502429376906797343e-01,-9.850805853019407865e-02,7.000238706625853125e-01,-5.703580143734743313e-02,4.048068007355398734e-02,1.340554173248045995e-06,5.374391859332855681e+00,-3.745699362342809646e+00,-1.632719154624006448e-04
-2.540417999703406537e-01,-9.656384869870526799e-02,7.091906911343438535e-01,-1.111463216648563013e-02,2.136538470912816012e-02,-8.230725843666404090e-07,6.445023969298020461e+00,-4.610067441786255493e+00,-1.884001612117991442e-04,-2.505832769798419513e-01,-9.826490060070729171e-02,7.000238771549210925e-01,-1.509821914131753706e-02,1.089319217611750545e-02,8.651592361705946928e-08,2.934058962985212737e+00,-2.099648359727841029e+00,-8.610298833820067849e-05
-2.537404516393144682e-01,-9.665909510371559210e-02,7.091906716417654133e-01,3.013483310261848985e-02,-9.524640501032487216e-03,-1.949257839440326870e-06,4.124946526910411748e+00,-3.089002521016064762e+00,-1.126185255073686164e-04,-2.505832769798419513e-01,-9.826490060070729171e-02,7.000238771549210925e-01,-1.509821914131753706e-02,1.089319217611750545e-02,8.651592361705946928e-08,2.934058962985212737e+00,-2.099648359727841029e+00,-8.610298833820067849e-05
