-3.074350409832000697e-01,1.408964477386474567e-01,6.986554971675872361e-01,1.548959016799926758e-01,-2.762552261352539396e-01,-1.342502832412719727e-01,1.548959016799926758e+01,-2.762552261352539062e+01,-1.342502832412719727e+01,-3.089468865912938789e-01,1.437072366516453925e-01,6.999980002276834368e-01,1.106011352162930735e-02,1.431425360251177559e-02,6.797274813500000029e-08,2.182447701034483600e+00,2.800258750234804861e+00,1.346150414100000199e-05
-3.079656722869872909e-01,1.406156404819488559e-01,6.990823205451964784e-01,-5.306313037872315008e-02,-2.808072566986086205e-02,4.268233776092530962e-02,-2.079590320587158203e+01,2.481745004653930664e+01,1.769326210021972656e+01,-3.086930097158892550e-01,1.440323965459308075e-01,6.999980017948339572e-01,4.305644741608358889e-02,5.476416106403034223e-02,2.665567638400000159e-07,4.187152275095475495e+00,5.228236725892941195e+00,2.612103331200000509e-05
-3.078917000617980571e-01,1.412295146789550870e-01,6.993717115859985345e-01,7.397222518920894274e-03,6.138741970062254472e-02,2.893910408020021127e-02,6.046035289764404297e+00,8.946814537048339844e+00,-1.374323368072509766e+00,-3.086930097158892550e-01,1.440323965459308075e-01,6.999980017948339572e-01,4.305644741608358889e-02,5.476416106403034223e-02,2.665567638400000159e-07,4.187152275095475495e+00,5.228236725892941195e+00,2.612103331200000509e-05
-3.076182699378728347e-01,1.421545036640167459e-01,6.996628836135864171e-01,2.734301239252090107e-02,9.249889850616453690e-02,2.911720275878907846e-02,1.994578987360000610e+00,3.111147880554199219e+00,1.780986785888671875e-02,-3.067509109199858530e-01,1.464483876510362936e-01,6.999980139302224291e-01,1.627361204600053790e-01,1.993907509419991231e-01,1.023270748160000067e-06,7.661961700207207571e+00,8.996058180561306017e+00,4.900683878400000494e-05
-3.060242227342128141e-01,1.445385428276062256e-01,6.998112503032684062e-01,1.594047203660011180e-01,2.384039163589477539e-01,1.483666896820069921e-02,1.320617079734802246e+01,1.459050178527832031e+01,-1.428053379058837891e+00,-3.047152076451108971e-01,1.489161362050797077e-01,6.999980267869414519e-01,2.468547810704062595e-01,2.964188192139688427e-01,1.565097109375000386e-06,9.132118049011250349e+00,1.035212875051375114e+01,5.922119062500000503e-05
-3.032135285016297477e-01,1.482447620239258079e-01,6.999505629281997932e-01,2.810694232583045848e-01,3.706219196319580078e-01,1.393126249313355984e-02,1.216647028923034668e+01,1.322180032730102539e+01,-9.054064750671386719e-02,-3.017677726993516774e-01,1.524162659573310707e-01,6.999980455588982187e-01,3.447864471996207048e-01,4.053007016946397201e-01,2.204942074560000377e-06,1.042467574530447294e+01,1.136843993101501482e+01,6.860982441600000552e-05
-2.991653086867331890e-01,1.532351202573776494e-01,7.001263353567123149e-01,4.048219814896583668e-01,4.990358233451843151e-01,1.757724285125733879e-02,1.237525582313537598e+01,1.284139037132263184e+01,3.645980358123779297e-01,-2.977793431905091937e-01,1.570504924945912151e-01,6.999980711849228543e-01,4.547591119159196671e-01,5.226887829436702715e-01,2.934527823815000965e-06,1.154049053441286610e+01,1.205512965222975375e+01,7.716875558700000807e-05
-2.938202014740705081e-01,1.595035677757263570e-01,7.003519340496062728e-01,5.345107212662696394e-01,6.268447518348694292e-01,2.255986928939821001e-02,1.296887397766113281e+01,1.278089284896850586e+01,4.982626438140869141e-01,-2.926383274393560274e-01,1.628875765097055894e-01,6.999981045208826247e-01,5.750111551061360959e-01,6.453411500049859306e-01,3.745541079040000718e-06,1.248078749130260334e+01,1.242320608111698022e+01,8.489488588800001923e-05
-2.871150968697070427e-01,1.670432655420303614e-01,7.006296817998886040e-01,6.705104604363441023e-01,7.539697766304016557e-01,2.777477502822877503e-02,1.359997391700744629e+01,1.271250247955322266e+01,5.214905738830566406e-01,-2.926383274393560274e-01,1.628875765097055894e-01,6.999981045208826247e-01,5.750111551061360959e-01,6.453411500049859306e-01,3.745541079040000718e-06,1.248078749130260334e+01,1.242320608111698022e+01,8.489488588800001923e-05
-2.798896032449006421e-01,1.750056157913208177e-01,7.011784372668266041e-01,7.225493624806403892e-01,7.962350249290466309e-01,5.487554669380189515e-02,5.203890204429626465e+00,4.226524829864501953e+00,2.710077166557312012e+00,-2.862506822993106659e-01,1.699644248982737083e-01,6.999981463393725178e-01,7.037951404694579027e-01,7.701304627828272631e-01,4.629642231734999383e-06,1.324718176005809767e+01,1.248458122305061835e+01,9.178605630900001620e-05
-2.715439524974822549e-01,1.838828198518753232e-01,7.017629313807487446e-01,8.345650747418403848e-01,8.877204060554504395e-01,5.844941139221192933e-02,1.120157122611999512e+01,9.148538112640380859e+00,3.573864698410034180e-01,-2.785397514691999588e-01,1.782872822392000123e-01,6.999981973294999715e-01,8.393818199060000262e-01,8.940531604340000715e-01,5.578475000000000829e-06,1.384169929336000138e+01,1.225210452343999989e+01,9.784110000000002111e-05
-2.618591662224530880e-01,1.938300444688797197e-01,7.023345886807441651e-01,9.684786275029182434e-01,9.947224617004394309e-01,5.716572999954225298e-02,1.339135527610778809e+01,1.070020556449890137e+01,-1.283681392669677734e-01,-2.694460627251622498e-01,1.878330160192482889e-01,6.999982580967682999e-01,9.800643453001566252e-01,1.014239003776333359e+00,6.583676614735001235e-06,1.426679759196326636e+01,1.173959646935042400e+01,1.030598951910000126e-04
-2.507440143849849479e-01,2.048617560472488497e-01,7.028897658925056247e-01,1.111515183746814683e+00,1.103171157836914107e+00,5.551772117614747759e-02,1.430365562438964844e+01,1.084486961364746094e+01,-1.648008823394775391e-01,-2.589270819977427252e-01,1.985504989617617455e-01,6.999983291630649251e-01,1.124162687698735175e+00,1.127960953713340597e+00,7.636888535039999557e-06,1.452538644417515457e+01,1.096188219112366369e+01,1.074434181119999999e-04
-2.381620269294976999e-01,2.169203028287887691e-01,7.034323078732490631e-01,1.258198745548725128e+00,1.205854678153991832e+00,5.425419807434083558e-02,1.466835618019104004e+01,1.026835203170776367e+01,-1.263523101806640625e-01,-2.469569222202337988e-01,2.103620918197107170e-01,6.999984109667600762e-01,1.270028263883868913e+00,1.232645385675087635e+00,8.729767692815002347e-06,1.462084866533329475e+01,9.934825063998490080e+00,1.109937959130000162e-04
-2.241071911778449721e-01,2.299040025081634520e-01,7.039618195633888798e-01,1.405483575165271670e+00,1.298369967937469616e+00,5.295116901397706882e-02,1.472848296165466309e+01,9.251528978347778320e+00,-1.303029060363769531e-01,-2.335260048743124650e-01,2.231652299932299632e-01,6.999985038629191747e-01,1.416048770340710083e+00,1.325882640075266128e+00,9.853998266560001722e-06,1.455706083728368583e+01,8.675360309731228625e+00,1.137143595840000161e-04
-2.085939738925695064e-01,2.436835352983474645e-01,7.044698551039696444e-01,1.551321728527545796e+00,1.377953279018402144e+00,5.080355405807496921e-02,1.458381533622741699e+01,7.958331108093261719e+00,-2.147614955902099609e-01,-2.023227477091824045e-01,2.512215304812893124e-01,6.999987239384957149e-01,1.702317214094852371e+00,1.469262457619677331e+00,1.216346095616000021e-05,1.396983463035535422e+01,5.532509649106532201e+00,1.166857052160000290e-04
-1.908357953455447897e-01,2.585013084020614804e-01,7.046792748312951105e-01,1.775817854702472554e+00,1.481777310371398926e+00,2.094197273254396266e-02,2.244961261749267578e+01,1.038240313529968262e+01,-2.986158132553100586e+00,-1.846090437891865776e-01,2.661607371358546970e-01,6.999988514151573860e-01,1.839568352113725380e+00,1.515505184849946563e+00,1.333231103501500151e-05,1.345680490301284138e+01,3.688655833434162812e+00,1.169496446370000246e-04
-1.714754559870957928e-01,2.739479113426208645e-01,7.048364454846383076e-01,1.936033935844898135e+00,1.544660294055938632e+00,1.571706533432008432e-02,1.602160811424255371e+01,6.288298368453979492e+00,-5.224907398223876953e-01,-1.655508128883926289e-01,2.814675315551362633e-01,6.999989905800879653e-01,1.970991941546300641e+00,1.542524515718299849e+00,1.449977570784000060e-05,1.280538390849108588e+01,1.691525775230902529e+00,1.164101906880000227e-04
-1.508622778978347401e-01,2.896259100940227760e-01,7.049496785740853033e-01,2.061317808926105499e+00,1.567799875140190036e+00,1.132330894470216440e-02,1.252838730812072754e+01,2.313958108425140381e+00,-4.393756389617919922e-01,-1.452131416440060607e-01,2.969423907066352508e-01,6.999991413794265371e-01,2.095236845725546360e+00,1.548900632979830494e+00,1.565787051513500215e-05,1.202222815334847361e+01,-4.360820468513594284e-01,1.150774873590000358e-04
-1.292189775284528497e-01,3.052586240675449480e-01,7.050188763480187415e-01,2.164330036938190371e+00,1.563271397352218539e+00,6.919777393341080413e-03,1.030122280120849609e+01,-4.528477787971496582e-01,-4.403531551361083984e-01,-1.236742850175999442e-01,3.123727543936000162e-01,6.999993036799999624e-01,2.211021566783999859e+00,1.533448043456000054e+00,1.679872000000000372e-05,1.111461234751999427e+01,-2.670095697919999012e+00,1.129632000000000233e-04
-1.065908554222583515e-01,3.207055498566627749e-01,7.051170855503082757e-01,2.262812210619449704e+00,1.544692578911781133e+00,9.820920228958146189e-03,9.848217368125915527e+00,-1.857881844043731689e+00,2.901142835617065430e-01,-1.010249386512919179e-01,3.275354327285294742e-01,6.999994772704899448e-01,2.317140531384921598e+00,1.495228480605157451e+00,1.791457318633499931e-05,1.009045014379524474e+01,-4.985136185221161753e+00,1.100805682410000336e-04
-8.297112320625779636e-02,3.355696135070324049e-01,7.052111065726280881e-01,2.361973221600055961e+00,1.486406365036964328e+00,9.402102231979386077e-03,9.916101098060607910e+00,-5.828621387481689453e+00,-4.188179969787597656e-02,-7.736744732963660165e-02,3.421991443124613452e-01,6.999996618627569722e-01,2.412470583848234540e+00,1.433564143109242961e+00,1.899781958624000185e-05,8.958314877296430723e+00,-7.354483856519216545e+00,1.064444589120000343e-04
-5.842427590751644861e-02,3.495969211664199938e-01,7.052638454179764871e-01,2.454684729874134330e+00,1.402730765938758672e+00,5.273884534835831389e-03,9.271150827407836914e+00,-8.367559909820556641e+00,-4.128217697143554688e-01,-5.281494747328413508e-02,3.561271884802095777e-01,6.999998570933281261e-01,2.495977686671237095e+00,1.348051269476718383e+00,2.004100573661500321e-05,7.727460304956472292e+00,-9.750044798476295682e+00,1.020714189630000544e-04
-3.304879273736473222e-02,3.625141209270954512e-01,7.053193642835617894e-01,2.537548317015171140e+00,1.291719976067542852e+00,5.551886558532731150e-03,8.286358714103698730e+00,-1.110107898712158203e+01,2.780020236968994141e-02,-2.749044159045821445e-02,3.690802549717118186e-01,7.000000625250517583e-01,2.566723828444101851e+00,1.238574048661684968e+00,2.103685226496000064e-05,6.407841344996968225e+00,-1.214231723503164595e+01,9.697972838400004114e-05
-7.018639984369242496e-03,3.740564987864494761e-01,7.054122621159554241e-01,2.603015275299549014e+00,1.154237785935401828e+00,9.289783239364640330e-03,6.546695828437805176e+00,-1.374821901321411133e+01,3.737896680831909180e-01,-1.525802612304616446e-03,3.808193743896485239e-01,7.000002776489258061e-01,2.623874139160156105e+00,1.105318866699219527e+00,2.197827148437500141e-05,5.010134816406250025e+00,-1.450035792578124472e+01,9.118945312500001616e-05
1.949512751138213554e-02,3.840384259727001592e-01,7.055353641848565172e-01,2.651376749575137914e+00,9.981927186250685313e-01,1.231020689010621852e-02,4.836147427558898926e+00,-1.560450673103332520e+01,3.020423650741577148e-01,2.493929396183636182e-02,3.911090128034970248e-01,7.000005018861054085e-01,2.666704212920931738e+00,9.487888893569079718e-01,2.285838551775999888e-05,3.545760178417432407e+00,-1.679174856435714602e+01,8.472249801600005451e-05
4.629514744615557953e-02,3.923343493547439831e-01,7.057149670462609103e-01,2.680001993477344246e+00,8.295923382043837169e-01,1.796028614044191396e-02,2.862524390220642090e+00,-1.686003804206848145e+01,5.650079250335693359e-01,5.175851218318255897e-02,3.997203138601820305e-01,7.000007345900932654e-01,2.694607638036008890e+00,7.698189808025853731e-01,2.367054495121500481e-05,2.026900269986416703e+00,-1.898256217680701496e+01,7.760265968700000663e-05
7.324052458739283011e-02,3.986364420559406763e-01,7.059280031661988586e-01,2.694537714123725447e+00,6.302092701196668756e-01,2.130361199378969297e-02,1.453572064638137817e+00,-1.993830680847167969e+01,3.343325853347778320e-01,7.878007411023379980e-02,4.064344917614840513e-01,7.000009750491201777e-01,2.707103734517633864e+00,5.695909582882854316e-01,2.440834801664000227e-05,4.665220492699575505e-01,-2.103732951997358569e+01,6.985567948800003335e-05
1.002164006616771408e-01,4.026632285323143434e-01,7.061283725838662928e-01,2.697587607428431067e+00,4.026786476373670487e-01,2.003694176673891103e-02,3.049893304705619812e-01,-2.275306224822998047e+01,-1.266670227050781250e-01,1.058480566774172571e-01,4.110463784683691113e-01,7.000012224887190992e-01,2.703845498970113503e+00,3.496491828503967558e-01,2.506566030353499881e-05,-1.121602666896341027e+00,-2.291900547987414782e+01,6.150929640900009733e-05
1.269966831553578368e-01,4.042591332700252726e-01,7.063112576942445209e-01,2.678028249368070934e+00,1.595904737710950594e-01,1.828851103782655821e-02,-1.955935806035995483e+00,-2.430881738662719727e+01,-1.748430728912353516e-01,1.328037690496001177e-01,4.133681284924001220e-01,7.000014760745000286e-01,2.684627756874000681e+00,1.119164860260028066e-01,2.563663499999999684e-05,-2.722876463519997792e+00,-2.458893547008000624e+01,5.259330000000001025e-05
1.533237555336058044e-01,4.032791748847961433e-01,7.064733031134606822e-01,2.632707237824797097e+00,-9.799583852291129937e-02,1.620454192161562001e-02,-4.532101154327392578e+00,-2.575863122940063477e+01,-2.083969116210937500e-01,1.594872125364168447e-01,4.132330846343931219e-01,7.000017349151290702e-01,2.649395522265045155e+00,-1.412895674145369651e-01,2.611573366293500328e-05,-4.321855587973581159e+00,-2.600682183009595505e+01,4.313958329100007615e-05
1.790019130382537738e-01,3.996062574293613445e-01,7.066067231636048440e-01,2.567815750464796487e+00,-3.672917455434802081e-01,1.334200501441957544e-02,-6.489148736000061035e+00,-2.692959070205688477e+01,-2.862536907196044922e-01,1.857386251403618238e-01,4.104998080304808061e-01,7.000019980655182161e-01,2.598252564807942200e+00,-4.072400807188241711e-01,2.649774751744000048e-05,-5.902229210516688696e+00,-2.713069022373971251e+01,3.318219571200001379e-05
2.039155255194604333e-01,3.931656264271736201e-01,7.066981335024834499e-01,2.491361248120664840e+00,-6.440631002187731102e-01,9.141033887863178609e-03,-7.645450234413146973e+00,-2.767713546752929688e+01,-4.200971126556396484e-01,2.114001128125922446e-01,4.050562758657436646e-01,7.000022645302308444e-01,2.531470184264843049e+00,-6.827778903874484051e-01,2.677781928541500385e-05,-7.446798684817938607e+00,-2.791685603752148737e+01,2.275739601300010487e-05
2.279629852373003807e-01,3.839406533744335048e-01,7.067277781705857409e-01,2.404745971783994740e+00,-9.224973052740099710e-01,2.964466810226459512e-03,-8.661527633666992188e+00,-2.784342050552368164e+01,-6.176567077636718750e-01,2.363173694903897837e-01,3.968242501155730961e-01,7.000025332671081513e-01,2.449496192358662228e+00,-9.643002953928243581e-01,2.695146554335999943e-05,-8.937456808476961001e+00,-2.831989077902333207e+01,1.190370518400000107e-05
2.510067185919582777e-01,3.720487546529769873e-01,7.067242548804284485e-01,2.304373335465788042e+00,-1.189189872145653082e+00,-3.523290157317923547e-04,-1.003726363182067871e+01,-2.666925668716430664e+01,-3.316795825958251953e-01,2.603414879902297696e-01,3.857638206749266496e-01,7.000028031911210702e-01,2.352964102031154692e+00,-1.247741450381781636e+00,2.701459960937500546e-05,-1.035516708354626658e+01,-2.829258847527875531e+01,6.619593750000798218e-07
2.730155138496160316e-01,3.575520299580097205e-01,7.067337319593430811e-01,2.200879525765775835e+00,-1.449672469496727345e+00,9.477078914642525671e-04,-1.034938097000122070e+01,-2.604825973510742188e+01,1.300036907196044922e-01,2.833308638304054550e-01,3.718781262356374295e-01,7.000030731784552263e-01,2.242702524095778749e+00,-1.528554422861989393e+00,2.696355495935999689e-05,-1.167994297705329743e+01,-2.778593207115204677e+01,-1.092463718399993200e-05
2.939368969883620619e-01,3.404772935118675070e-01,7.067958934049607400e-01,2.092138313874601696e+00,-1.707473644614220021e+00,6.216144561767597554e-03,-1.087412118911743164e+01,-2.578011751174926758e+01,5.268436670303344727e-01,3.051531940571538537e-01,3.552182562719411463e-01,7.000033420708311471e-01,2.119744771285331453e+00,-1.801692914372172050e+00,2.679510917241499461e-05,-1.289082718152240581e+01,-2.674905982771780444e+01,-2.281045926300001239e-05
3.136557824063896938e-01,3.209093913342952464e-01,7.069320419769288266e-01,1.971888541802763406e+00,-1.956790217757225392e+00,1.361485719680788006e-02,-1.202497720718383789e+01,-2.493165731430053711e+01,7.398712635040283203e-01,3.256875731482319902e-01,3.358883374943839595e-01,7.000036086800672797e-01,1.985338669694374669e+00,-2.061592645636093124e+00,2.650650840544001427e-05,-1.396587087549677797e+01,-2.512923172064045474e+01,-3.494740771199996039e-05
3.320476390730440208e-01,2.989761701431273844e-01,7.071244255642892274e-01,1.839185666665434260e+00,-2.193322119116783320e+00,1.923835873603822744e-02,-1.327028751373291016e+01,-2.365319013595581055e+01,5.623501539230346680e-01,3.448266880678914625e-01,3.140508081322676004e-01,7.000038717928906973e-01,1.840956577616437828e+00,-2.302152405700355509e+00,2.609549239693499670e-05,-1.488211298406036853e+01,-2.287179583855374432e+01,-4.728485654099997545e-05
3.489961280200480909e-01,2.748643565084933904e-01,7.073314054946900908e-01,1.694848894700407449e+00,-2.411181363463402061e+00,2.069799304008485691e-02,-1.443367719650268555e+01,-2.178592443466186523e+01,1.459634304046630859e-01,3.624789999999999957e-01,2.899320000000000230e-01,7.000039999999999596e-01,1.688304999999999945e+00,-2.516715000000000035e+00,2.599999999999999840e-05,-1.561556000000000033e+01,-1.992015400000000014e+01,-6.000000000000000152e-05
3.644017460878788972e-01,2.488355902638434980e-01,7.075045004229547629e-01,1.540561806783079524e+00,-2.602876624464988797e+00,1.730949282646181142e-02,-1.542870879173278809e+01,-1.916952610015869141e+01,-3.388500213623046875e-01,3.785710301837448277e-01,2.638234644277879792e-01,7.000042567949755767e-01,1.529108997737941955e+00,-2.699597828856608039e+00,2.533879076827699750e-05,-1.621078153915816955e+01,-1.668357599470971309e+01,-7.212250099380000559e-05
3.781837088364958244e-01,2.211926771905421696e-01,7.076053518991471947e-01,1.378196274861692716e+00,-2.764291307330131620e+00,1.008514761924745456e-02,-1.623655319213867188e+01,-1.614146828651428223e+01,-7.224345207214355469e-01,3.930426255359178445e-01,2.360452148987755572e-01,7.000045063836934922e-01,1.364346693547182632e+00,-2.850929053150894177e+00,2.455994694252800173e-05,-1.672880854358135494e+01,-1.360975216134774968e+01,-8.352594860159995066e-05
3.902709881525336932e-01,1.922249323930739773e-01,7.076150720458032062e-01,1.208727931603788663e+00,-2.896774479746818454e+00,9.720146656036557364e-04,-1.694683432579040527e+01,-1.324831724166870117e+01,-9.113132953643798828e-01,4.058419835957672861e-01,2.069046385791506182e-01,7.000047476258531853e-01,1.194790246729269478e+00,-2.972333491654084892e+00,2.367068634833300109e-05,-1.716961255962967670e+01,-1.069810806683879179e+01,-9.420506909339997059e-05
4.005879166547059445e-01,1.621915469076632976e-01,7.075303467254639989e-01,1.031692850217222457e+00,-3.003338548541068853e+00,-8.472532033920270739e-03,-1.770350813865661621e+01,-1.065640687942504883e+01,-9.444546699523925781e-01,4.169250234587509318e-01,1.766929061942921764e-01,7.000049794535769809e-01,1.021211660699017365e+00,-3.065429307141644077e+00,2.267827385139200124e-05,-1.753325424900341645e+01,-7.947885308996410103e+00,-1.041557440511999737e-04
4.090115342523752973e-01,1.313195704426765031e-01,7.073687544207574174e-01,8.423617597669356138e-01,-3.087197646498680115e+00,-1.615923047065733267e-02,-1.893310904502868652e+01,-8.385909795761108398e+00,-7.686698436737060547e-01,4.262553796588304245e-01,1.456850479507937890e-01,7.000052008718210539e-01,8.443818609097033523e-01,-3.131826117618874861e+00,2.159000932812499827e-05,-1.781988957302312571e+01,-5.358131699865005260e+00,-1.133751056249999892e-04
4.154513813603519790e-01,9.981437068247790700e-02,7.072098771672250539e-01,6.439847107976668372e-01,-3.150519976019859225e+00,-1.588772535324095223e-02,-1.983770489692687988e+01,-6.332232952117919922e+00,2.715051174163818359e-02,4.338043865208038308e-01,1.141400488370649113e-01,7.000054109586621998e-01,6.650697109354630765e-01,-3.173123009379936743e+00,2.041321468371199945e-05,-1.802977597690970413e+01,-2.927691449061835982e+00,-1.218616317888000051e-04
4.199279934476911613e-01,6.806061004662508629e-02,7.071050705652238699e-01,4.476612087339155721e-01,-3.175376063585281461e+00,-1.048066020011900398e-02,-1.963235020637512207e+01,-2.485608756542205811e+00,5.407065153121948242e-01,4.395510523642475187e-01,8.230096428417446597e-02,7.000056088654483810e-01,4.840409667108882541e-01,-3.190906451900284324e+00,1.915521991757299845e-05,-1.816327857406449198e+01,-6.551953471190579137e-01,-1.296152415966000102e-04
4.225624892983436132e-01,3.639181019926066019e-02,7.070021926503182730e-01,2.634495850652449067e-01,-3.166879984736442832e+00,-1.028779149055479569e-02,-1.842116236686706543e+01,8.496078848838806152e-01,1.928687095642089844e-02,4.434820229406407077e-01,5.039505716860337436e-02,7.000057938168066096e-01,3.020571689278226390e-01,-3.186748114562527601e+00,1.782334823628800322e-05,-1.822087633034936260e+01,1.460949051174289082e+00,-1.366373904383999538e-04
4.234832424159943320e-01,5.029634108781759483e-03,7.068054587583543213e-01,9.207531176507399717e-02,-3.136217609047890154e+00,-1.967338919639586084e-02,-1.713742733001708984e+01,3.066237568855285645e+00,-9.385597705841064453e-01,4.455915334852432186e-01,1.863395713857046720e-02,7.000059651104963976e-01,1.198744735893511049e-01,-3.162202585215707629e+00,1.642490021395700482e-05,-1.820316824836680425e+01,3.422567243430268746e+00,-1.429311652961999903e-04
4.227227537829278958e-01,-2.589638409948355133e-02,7.064390176873208693e-01,-7.604886330664231697e-02,-3.092601820826530901e+00,-3.664410710334776999e-02,-1.681241750717163086e+01,4.361578822135925293e+00,-1.697071790695190430e+00,4.458813487653000007e-01,-1.278615675439992438e-02,7.000061221171000048e-01,-6.175757927899971911e-02,-3.118804990568000424e+00,1.496713700000000062e-05,-1.811087955174000186e+01,5.231727596319991846e+00,-1.485013799999999927e-04
4.202806270282565260e-01,-5.629625285601622814e-02,7.058727982978821869e-01,-2.442126754671342659e-01,-3.039986875653267528e+00,-5.662193894386290810e-02,-1.681638121604919434e+01,5.261494517326354980e+00,-1.997783184051513672e+00,4.443606905061427415e-01,-4.368434913700575128e-02,7.000062642795407131e-01,-2.420973587608727939e-01,-3.058068518412831782e+00,1.345726257439700082e-05,-1.794486786939293665e+01,6.890751162231637750e+00,-1.533546704837999866e-04
4.161835746887920795e-01,-8.599222485160834539e-02,7.052146598439217318e-01,-4.097052339464433146e-01,-2.969597199559212530e+00,-6.581384539604186179e-02,-1.654925584793090820e+01,7.038967609405517578e+00,-9.191906452178955078e-01,4.410461515767621354e-01,-7.389469612712312729e-02,7.000063911124183580e-01,-4.204124980234895670e-01,-2.981481841688420342e+00,1.190240505036799777e-05,-1.770612941983047861e+01,8.402221495928419159e+00,-1.574995900415999885e-04
4.103652767028508896e-01,-1.147858542892933598e-01,7.046661963801384987e-01,-5.818297985941178752e-01,-2.879362943768501992e+00,-5.484634637832640908e-02,-1.721245646476745605e+01,9.023425579071044922e+00,1.096749901771545410e+00,4.359615963164213959e-01,-1.032660268965243100e-01,7.000065022011529026e-01,-5.959813111348573056e-01,-2.890506444370735561e+00,1.030959702449300001e-05,-1.739580519541845050e+01,9.768994471206575270e+00,-1.609467045833999795e-04
4.028434346962569412e-01,-1.425639558825493591e-01,7.042964117865563312e-01,-7.521842006593949526e-01,-2.777810159325600381e+00,-3.697845935821532370e-02,-1.703544020652770996e+01,1.015527844429016113e+01,1.786788702011108398e+00,4.291380463838843640e-01,-1.316616380016927823e-01,7.000065972009273940e-01,-7.680942717237810857e-01,-2.786573849199876385e+00,8.685754974271998646e-06,-1.701518714666373810e+01,1.099420809755335782e+01,-1.637086878911999874e-04
3.937053838979301945e-01,-1.692543313596249488e-01,7.040792352895737238e-01,-9.138050798326737834e-01,-2.669037547707558300e+00,-2.171764969825743657e-02,-1.616208791732788086e+01,1.087726116180419922e+01,1.526080965995788574e+00,4.206135515108288536e-01,-1.589589795010687423e-01,7.000066758354195340e-01,-9.360555534826724422e-01,-2.671082747239874600e+00,7.037657703124994919e-06,-1.656572436649437563e+01,1.208129233680499581e+01,-1.658004168750000062e-04
3.830175908777712079e-01,-1.947749993000031377e-01,7.039845507483483145e-01,-1.068779302015901322e+00,-2.552066794037819442e+00,-9.468454122543325593e-03,-1.549742221832275391e+01,1.169707536697387695e+01,1.224919557571411133e+00,4.104330445410183659e-01,-1.850493118770604184e-01,7.000067378953132025e-01,-1.099184632513164006e+00,-2.545396029271912219e+00,5.371923832831990728e-06,-1.604902927453962036e+01,1.303397891980472778e+01,-1.672390668287999970e-04
3.708292425807414583e-01,-2.190372530910969784e-01,7.039863835315705032e-01,-1.218834829702974076e+00,-2.426225379109383073e+00,1.832783222198586942e-04,-1.500555276870727539e+01,1.258414149284362793e+01,9.651732444763183594e-01,3.986481801368034206e-01,-2.098373327811537403e-01,7.000067832365804987e-01,-1.256817951514520137e+00,-2.410837719020962222e+00,3.694988343412989495e-06,-1.546688380141005936e+01,1.385631116306069899e+01,-1.680442066865999698e-04
3.571844758886693061e-01,-2.419529350790978472e-01,7.040586282353401559e-01,-1.364476669207216109e+00,-2.291568198800087330e+00,7.224470376968394197e-03,-1.456418395042419434e+01,1.346571803092956543e+01,7.041192054748535156e-01,3.853171565345249183e-01,-2.332407726204562270e-01,7.000068117785236410e-01,-1.408310645814849993e+00,-2.268689808215850867e+00,2.013078160448009086e-06,-1.482124557297768952e+01,1.455265378540405052e+01,-1.682378942783999847e-04
3.421286941628752243e-01,-2.634377880189419652e-01,7.041726618151664674e-01,-1.505578172579408402e+00,-2.148485293984413680e+00,1.140335798263550880e-02,-1.411015033721923828e+01,1.430829048156738281e+01,4.178887605667114258e-01,3.705045197303908910e-01,-2.551899580040092874e-01,7.000068235015686202e-01,-1.553038331245127912e+00,-2.120188993482733153e+00,3.321867898370051467e-07,-1.411425409465597625e+01,1.512770272464682719e+01,-1.678447715861999898e-04
3.257121923986671108e-01,-2.834142126235962844e-01,7.042990883331299301e-01,-1.641650176420808460e+00,-1.997642460465431702e+00,1.264265179634095279e-02,-1.360720038414001465e+01,1.508428335189819336e+01,1.239293813705444336e-01,3.542809494784000535e-01,-2.756273420671997987e-01,7.000068184447999498e-01,-1.690398953855999364e+00,-1.966523315072000955e+00,-1.341951999999993619e-06,-1.334823693568000280e+01,1.558649495423999198e+01,-1.668921599999999847e-04
3.079935083176789101e-01,-3.018175383303166592e-01,7.044127574305535378e-01,-1.771868408098817405e+00,-1.840332570672035706e+00,1.136690974235535743e-02,-1.302182316780090332e+01,1.573098897933959961e+01,-1.275742053985595703e-01,3.367230264818823482e-01,-2.945070006926110984e-01,7.000067967032280736e-01,-1.819814701477405317e+00,-1.808828697418599862e+00,-3.003891448482995602e-06,-1.252571591338651125e+01,1.593441829993140502e+01,-1.654101555737999942e-04
2.890429453600046328e-01,-3.186035387310983125e-01,7.044961993436814618e-01,-1.895056295767427068e+00,-1.678600040078163547e+00,8.344191312789926707e-03,-1.231878876686096191e+01,1.617325305938720703e+01,-3.022718429565429688e-01,3.179129801602296745e-01,-3.117940936456414236e-01,7.000067584247787744e-01,-1.940733977120993048e+00,-1.648185391535771371e+00,-4.648500025791995320e-06,-1.164941327749400024e+01,1.617722125642378117e+01,-1.634317242815999877e-04
2.689446636151370806e-01,-3.337503501269818984e-01,7.045388541560174689e-01,-2.009828174486756769e+00,-1.514681139588356373e+00,4.265481233596811819e-03,-1.147718787193298340e+01,1.639189004898071289e+01,-4.078710079193115234e-01,2.979384163723879930e-01,-3.274642896432293226e-01,7.000067038069958114e-01,-2.052633434225340281e+00,-1.485614319242210879e+00,-6.270990608347001865e-06,-1.072225789438282106e+01,1.632102280403273298e+01,-1.609927972733999886e-04
2.477954982194897904e-01,-3.472540237102510474e-01,7.045350590686799697e-01,-2.114916539564729359e+00,-1.350367358326912237e+00,-3.795087337493795870e-04,-1.050883650779724121e+01,1.643137812614440918e+01,-4.644989967346191406e-01,2.768920244786843288e-01,-3.415031543740160713e-01,7.000066330934470171e-01,-2.155020073743970421e+00,-1.322073319222653920e+00,-7.866950606848004487e-06,-9.747391431375257653e+00,1.637232222534471404e+01,-1.581323661311999937e-04
2.257021249767241222e-01,-3.591217926237585401e-01,7.044834163527490256e-01,-2.209337324276567038e+00,-1.186776891350746377e+00,-5.164271593093862009e-03,-9.442078471183776855e+00,1.635904669761657715e+01,-4.784762859344482422e-01,2.548712631225585334e-01,-3.539055004882812328e-01,7.000065465698241951e-01,-2.247433403076172453e+00,-1.158453294921875543e+00,-9.432373046875004041e-06,-8.728174541015624399e+00,1.633800892187499798e+01,-1.548925781249999739e-04
2.027790025669929663e-01,-3.693664595875742473e-01,7.043873107175828707e-01,-2.292312240973115589e+00,-1.024466696381569175e+00,-9.610563516616810881e-03,-8.297491669654846191e+00,1.623101949691772461e+01,-4.446291923522949219e-01,2.319780241137727184e-01,-3.646746985759865001e-01,7.000064445597279361e-01,-2.329447656840621939e+00,-9.955742642721125968e-01,-1.096368860204799511e-05,-7.668193045350343517e+00,1.622537223072567869e+01,-1.513188314687999834e-04
1.791464238922891306e-01,-3.780065766665938187e-01,7.042550616602899494e-01,-2.363257867470384355e+00,-8.640117079019549173e-01,-1.322490572929381318e-02,-7.094562649726867676e+00,1.604549884796142578e+01,-3.614342212677001953e-01,2.083182737946716323e-01,-3.738219481512588538e-01,7.000063274201268060e-01,-2.400674079491803781e+00,-8.341813112539042674e-01,-1.245779857974700386e-05,-6.571264120208033077e+00,1.604211124124366350e+01,-1.474598705765999712e-04
1.549233868840930173e-01,-3.850790937337877917e-01,7.040974261503221143e-01,-2.422303700819612438e+00,-7.072517067193987428e-01,-1.576355099678038510e-02,-5.904583334922790527e+00,1.567600011825561523e+01,-2.538645267486572266e-01,1.840016712710641211e-01,-3.813655076616513928e-01,7.000061955364819122e-01,-2.460763269779236317e+00,-6.749404392903559646e-01,-1.391210885939200877e-05,-5.441442479479604799e+00,1.579634461167861659e+01,-1.433678813183999980e-04
1.302175567235645814e-01,-3.906443068478109848e-01,7.039228585104944091e-01,-2.470583016052843028e+00,-5.565213114023210839e-01,-1.745676398277281813e-02,-4.827931523323059082e+00,1.507303953170776367e+01,-1.693212985992431641e-01,1.591411628892975827e-01,-3.873298825405129819e-01,7.000060493175279674e-01,-2.509407587049484967e+00,-5.184343264748199065e-01,-1.532456478328300179e-05,-4.283026559398335209e+00,1.549662038584098767e+01,-1.390985862761999394e-04
1.051294724989530471e-01,-3.947510593924524747e-01,7.037359459142686902e-01,-2.508808422461152876e+00,-4.106752544641496527e-01,-1.869125962257384491e-02,-3.822540640830993652e+00,1.458460569381713867e+01,-1.234495639801025391e-01,1.338525523410999118e-01,-3.917449703207999678e-01,7.000058891896999702e-01,-2.546343619391000068e+00,-3.651579826319992783e-01,-1.669368700000000699e-05,-3.100564702819994523e+00,1.515192580975999093e+01,-1.347113399999999475e-04
7.975360959878532996e-02,-3.974079566094877447e-01,7.035429920296670803e-01,-2.537586290016771162e+00,-2.656897217035295578e-01,-1.929538846015929274e-02,-2.877786755561828613e+00,1.449855327606201172e+01,-6.041288375854492188e-02,1.082540457777579346e-01,-3.946451618286703211e-01,7.000057155911967310e-01,-2.571354713621734511e+00,-2.155143082124735265e-01,-1.801860826036298882e-05,-1.898861343502884935e+00,1.477169714834156267e+01,-1.302692242637999904e-04
5.416383190190759978e-02,-3.985886811408998476e-01,7.033588080148698296e-01,-2.558977769687772685e+00,-1.180724531412126466e-01,-1.841840147972105893e-02,-2.139147967100143433e+00,1.476172685623168945e+01,8.769869804382324219e-02,8.246577131520521631e-02,-3.960683974751859071e-01,7.000055289656724744e-01,-2.584273567119569570e+00,-6.980955502062435869e-02,-1.929911116595199575e-05,-6.829831903879242105e-01,1.436582950202634024e+01,-1.258391433216000433e-04
2.842291335126724550e-02,-3.982700627539159655e-01,7.031991299133302231e-01,-2.574091855064035261e+00,3.186183869838696281e-02,-1.596781015396117262e-02,-1.511408537626266479e+00,1.499342918395996094e+01,2.450591325759887695e-01,5.660927231159335049e-02,-3.960551776644632427e-01,7.000053297555449694e-01,-2.584984881495540954e+00,7.175131122397093719e-02,-2.053566687018699698e-05,5.417345881212032310e-01,1.394468662344769072e+01,-1.214919191633999807e-04
2.637068228035825690e-03,-3.964773876461984425e-01,7.030632167797089549e-01,-2.578584512323141897e+00,1.792675107717512373e-01,-1.359131336212157301e-02,-4.492657259106636047e-01,1.474056720733642578e+01,2.376496791839599609e-01,3.080697379891594867e-02,-3.946475263366041042e-01,7.000051183949131950e-01,-2.573428078109872175e+00,2.090693464917854349e-01,-2.172947473196800195e-05,1.769682179878019568e+00,1.351911073408967567e+01,-1.173023867711999428e-04
-2.303438251355325456e-02,-3.932512706611158149e-01,7.029521409015656586e-01,-2.567145074158907914e+00,3.226116985082624344e-01,-1.110758781433104567e-02,1.143943816423416138e+00,1.433441877365112305e+01,2.483725547790527344e-01,5.181621450256856942e-03,-3.918879066637437902e-01,7.000048953020726605e-01,-2.549600075430798363e+00,3.421564622151218593e-01,-2.288250292187500175e-05,2.994968944713120251e+00,1.310043234094499454e+01,-1.133494893749999573e-04
-4.839039349445736771e-02,-3.886124614868165517e-01,7.029032077531816025e-01,-2.535601098090411121e+00,4.638809174299238225e-01,-4.893314838409414981e-03,3.154397606849670410e+00,1.412692189216613770e+01,6.214272975921630859e-01,-2.014430753576035293e-02,-3.878180879175435192e-01,7.000046608716199437e-01,-2.513558128236192069e+00,4.711403572265040474e-01,-2.399752998092798993e-05,4.211417230154138380e+00,1.270048005317303463e+01,-1.097163737087999806e-04
-7.322134078183806238e-02,-3.826513454411031301e-01,7.029739893417359387e-01,-2.483094728738070245e+00,5.961116045713422684e-01,7.078158855438241269e-03,5.250636935234069824e+00,1.322306871414184570e+01,1.197147369384765625e+00,-4.504922225175728157e-02,-3.824779625264712046e-01,7.000044154661382301e-01,-2.465422728658007046e+00,5.962695478636099722e-01,-2.507818733190700180e-05,5.412556187145595388e+00,1.233159039875781460e+01,-1.064904852665999257e-04
-9.744455940911210534e-02,-3.754948408398629534e-01,7.031471356492043912e-01,-2.422321862727404351e+00,7.156504601240155639e-01,1.731463074684144038e-02,6.077286601066589355e+00,1.195388555526733398e+01,1.023647189140319824e+00,-6.941306521804047058e-02,-3.759043123411962006e-01,7.000041594074509765e-01,-2.405380569069492047e+00,7.179184962408315940e-01,-2.612900274323200268e-05,6.591615585768872521e+00,1.200661764116598462e+01,-1.037636635583999748e-04
-1.209594395969215835e-01,-3.672116645667554136e-01,7.033640215735437184e-01,-2.351488018780947264e+00,8.283176273107526466e-01,2.168859243392945446e-02,7.083384394645690918e+00,1.126671671867370605e+01,4.373961687088012695e-01,-9.311798945713006814e-02,-3.681295231264380408e-01,7.000038929674377020e-01,-2.333687566815237702e+00,8.365928366873864874e-01,-2.715544474540299802e-05,7.741519630962089948e+00,1.173894359600475212e+01,-1.016322373661999025e-04
-1.436471752811376013e-01,-3.578244747314454077e-01,7.035963785986901753e-01,-2.268773568421602604e+00,9.387189835309980301e-01,2.323570251464844930e-02,8.271445035934448242e+00,1.104013562202453613e+01,1.547110080718994141e-01,-1.160489999999999994e-01,-3.591799999999999993e-01,7.000039999999999596e-01,-2.250671999999999784e+00,9.529339999999999478e-01,-2.799999999999999958e-05,8.854877999999999361e+00,1.154248600000000025e+01,-1.000000000000000048e-04
-1.653853348855081895e-01,-3.473392667267323763e-01,7.038387341241838513e-01,-2.173815960437059935e+00,1.048520800471305581e+00,2.423555254936219511e-02,9.495760798454284668e+00,1.098018169403076172e+01,9.998500347137451172e-02,-1.380951492273528036e-01,-3.490764760476989803e-01,7.000037150165926425e-01,-2.156813430167708656e+00,1.067442979464052311e+00,-2.899506163844299948e-05,9.901518343626813490e+00,1.134582796403908489e+01,-9.902784918580000563e-05
-1.860604101259414056e-01,-3.357655905280114705e-01,7.040948683362009408e-01,-2.067507524043322054e+00,1.157367619872093023e+00,2.561342120170594441e-02,1.063084363937377930e+01,1.088468194007873535e+01,1.377868652343750000e-01,-1.591519145603481900e-01,-3.378390360137242254e-01,7.000034201296897463e-01,-2.052948801408670310e+00,1.179583885656229070e+00,-2.998084121875199963e-05,1.085601283543400442e+01,1.106917520123313814e+01,-9.814094354560000161e-05
-2.055744272980991605e-01,-3.231280940864087459e-01,7.043707095127107465e-01,-1.951401717215776932e+00,1.263749644160270469e+00,2.758411765098572888e-02,1.161058068275451660e+01,1.063820242881774902e+01,1.970696449279785156e-01,-1.791238498050683747e-01,-3.254953290472485383e-01,7.000031154281172174e-01,-1.940001643187153180e+00,1.288566261420447390e+00,-3.095811056814700205e-05,1.171797143629746429e+01,1.071446360633959927e+01,-9.732302934940000223e-05
-2.238429087389413041e-01,-3.094624101314545905e-01,7.046705169420244275e-01,-1.826848144084215697e+00,1.366568395495414423e+00,2.998074293136597859e-02,1.245535731315612793e+01,1.028187513351440430e+01,2.396625280380249023e-01,-1.979247610998163265e-01,-3.120808082335551625e-01,7.000028009938085161e-01,-1.818898641108394720e+00,1.393620166110313807e+00,-3.192747506892799095e-05,1.248715493190409731e+01,1.028386272589885841e+01,-9.655706705920000742e-05
-2.407932885352674635e-01,-2.948128264639378604e-01,7.049956266622545709e-01,-1.695037979632616487e+00,1.464958366751670571e+00,3.251097202301026640e-02,1.318101644515991211e+01,9.838997125625610352e+00,2.530229091644287109e-01,-2.154777307378100137e-01,-2.976385135324157161e-01,7.000024769035085859e-01,-1.690568069427797582e+00,1.493998576287749236e+00,-3.288936567187499205e-05,1.316348678128937166e+01,9.779788594392503143e+00,-9.582520562500000325e-05
-2.563637067217532373e-01,-2.792308413777352394e-01,7.053442506532671130e-01,-1.557041818648577269e+00,1.558198508620261880e+00,3.486239910125733810e-02,1.379961609840393066e+01,9.324014186859130859e+00,2.351427078247070312e-01,-2.317151247225399668e-01,-2.822188300676745087e-01,7.000021432305592040e-01,-1.555938105074764710e+00,1.588979914783186898e+00,-3.384403065260799145e-05,1.374706496537477562e+01,9.204916570401628917e+00,-9.510875678080001180e-05
-2.705020109031501807e-01,-2.627738465163708681e-01,7.057117858867647531e-01,-1.413830418139696565e+00,1.645699486136436240e+00,3.675352334976197954e-02,1.432114005088806152e+01,8.750097751617431641e+00,1.891124248504638672e-01,-2.465785828709399774e-01,-2.658792204844220297e-01,7.000018000467683743e-01,-1.415935023191146946e+00,1.677870708117361387e+00,-3.479152711090699186e-05,1.423817383550536597e+01,8.562194172765083877e+00,-9.438816934060000562e-05
-2.831645857382718012e-01,-2.455032726917267816e-01,7.060916208367350455e-01,-1.266257483512163606e+00,1.727057382464408652e+00,3.798349499702455279e-02,1.475729346275329590e+01,8.135789632797241211e+00,1.229971647262573242e-01,-2.600189902795146391e-01,-2.486839300901431682e-01,7.000014474243649865e-01,-1.271481274184319332e+00,1.760008372284677769e+00,-3.573171221299199275e-05,1.463729596198727556e+01,7.854853916737743802e+00,-9.364300349440001176e-05
-2.943147102359834899e-01,-2.274817823860646182e-01,7.064767878990175776e-01,-1.115012449771166203e+00,1.802149030566215338e+00,3.851670622825624501e-02,1.512450337409973145e+01,7.509164810180664062e+00,5.332112312316894531e-02,-2.719964289685709025e-01,-2.307036634962238431e-01,7.000010854380436243e-01,-1.123493442294885014e+00,1.834764126898162928e+00,-3.666423417676299614e-05,1.494512398262521913e+01,7.086426150148797731e+00,-9.285190510420001265e-05
-3.039221846301261021e-01,-2.087706569228173215e-01,7.068626568655970166e-01,-9.607474394142631047e-01,1.871112546324729786e+00,3.858689665794374363e-02,1.542650103569030762e+01,6.896351575851440430e+00,7.019042968750000000e-03,-2.824801085196999573e-01,-2.120152314762000501e-01,7.000007141670999689e-01,-9.728800856790000839e-01,1.901546037695999836e+00,-3.758852299999999722e-05,1.516257245126000086e+01,6.260751889560002503e+00,-9.199258000000000955e-05
-3.119711317930523031e-01,-1.894317714068890490e-01,7.072485329847337798e-01,-8.048947162926199939e-01,1.933888551592826799e+00,3.858761191368104831e-02,1.558527231216430664e+01,6.277600526809692383e+00,7.152557373046875000e-05,-2.914482745216550597e-01,-1.927011667571335574e-01,7.000003336976602375e-01,-8.205394580053262388e-01,1.959802187409644736e+00,-3.850378093152300059e-05,1.529078968630604329e+01,5.381995656423967489e+00,-9.104176827580000471e-05
-3.184738025058213573e-01,-1.695372480545044858e-01,7.076319656710626793e-01,-6.502670712769034189e-01,1.989452335238456770e+00,3.834326863288881060e-02,1.546276450157165527e+01,5.556378364562988281e+00,-2.443432807922363281e-02,-2.988880936397723675e-01,-1.728493074604988966e-01,6.999999441250077670e-01,-6.673571115666063758e-01,2.009023974993526807e+00,-3.940897268531200106e-05,1.533116961928888422e+01,4.454658313242420675e+00,-8.997521858560001058e-05
-3.234619741503301782e-01,-1.491819196734429365e-01,7.079972585182191525e-01,-4.988171644508840874e-01,2.035532838106155484e+00,3.652928471565248386e-02,1.514499068260192871e+01,4.608050286769866943e+00,-1.813983917236328125e-01,-3.047955141240807908e-01,-1.525523469089650197e-01,6.999995455560080737e-01,-5.142033819058655641e-01,2.048749543216331404e+00,-4.030281539758699683e-05,1.528536364338269316e+01,3.483589899724481853e+00,-8.876766243940000488e-05
-3.269704551238719059e-01,-1.284811797831059421e-01,7.083188838105203278e-01,-3.508480973541738823e-01,2.070073989033699213e+00,3.216252923011781589e-02,1.479690670967102051e+01,3.454115092754364014e+00,-4.366755485534667969e-01,-3.091751005712465306e-01,-1.319073485154565184e-01,6.999991381116359435e-01,-3.619307539572391708e-01,2.078567334613864226e+00,-4.118376832684800108e-05,1.515529246194778423e+01,2.474002468944934918e+00,-8.739278849920000761e-05
-3.290397957775894056e-01,-1.075532980654240467e-01,7.085773411731721705e-01,-2.069340653717519907e-01,2.092788171768188654e+00,2.584573626518251246e-02,1.439140319824218750e+01,2.271418273448944092e+00,-6.316792964935302734e-01,-3.120398417554992032e-01,-1.110152244708781100e-01,6.999987219296069929e-01,-2.113711097014214779e-01,2.098119775803500175e+00,-4.205002229687500467e-05,1.494315793706812556e+01,1.431482923502500171e+00,-8.582321687500000899e-05
-3.297200567413273720e-01,-8.650881157255180254e-02,7.087665354351999625e-01,-6.802609637379666840e-02,2.104448649287224082e+00,1.891942620277406450e-02,1.389079689979553223e+01,1.166047751903533936e+00,-6.926310062408447266e-01,-3.134109303436857785e-01,-8.998017694688692503e-02,6.999982971671157017e-01,-6.333285733574323118e-02,2.107107090160214025e+00,-4.289948888268799144e-05,1.465145493808886101e+01,3.620058516781163860e-01,-8.403047342080001935e-05
-3.290674064520898723e-01,-6.545044759845741744e-02,7.088926777582170713e-01,6.526502892374971831e-02,2.105836397409439176e+00,1.261423230171205244e-02,1.332911252975463867e+01,1.387748122215270996e-01,-6.305193901062011719e-01,-3.133175133095982834e-01,-6.890910053009574598e-02,6.999978640036829125e-01,8.140205804113120891e-02,2.105291238854193558e+00,-4.372978933946699946e-05,1.428298319015380180e+01,-7.280536364068321831e-01,-8.198496403060001061e-05
-3.271325366337004548e-01,-4.447541804051407394e-02,7.089715971093180080e-01,1.934869818389413632e-01,2.097502955794334323e+00,7.891935110092179392e-03,1.282219529151916504e+01,-8.333441615104675293e-01,-4.722297191619873047e-01,-3.117964118627213899e-01,-4.791094460409389688e-02,6.999974226441157965e-01,2.220812622298717898e-01,2.092499990250036301e+00,-4.453824327443199778e-05,1.384085912274296248e+01,-1.831907072632171563e+00,-7.965594893440002043e-05
-3.239385185752216012e-01,-2.367050708270081183e-02,7.090307783823015519e-01,3.194018058478830246e-01,2.080491095781326294e+00,5.918127298355118845e-03,1.259148240089416504e+01,-1.701186001300811768e+00,-1.973807811737060547e-01,-3.088918097065467827e-01,-2.709603439566682370e-02,6.999969733215818390e-01,3.579851782165381913e-01,2.068631117667527164e+00,-4.532185706168299878e-05,1.332852771821005078e+01,-2.942339794720719937e+00,-7.701151699420001238e-05
-3.194814648617210762e-01,-3.117978850364768600e-03,7.091123662333490563e-01,4.457053713500497838e-01,2.055252823233604254e+00,8.158785104751603220e-03,1.263035655021667480e+01,-2.523827254772186279e+00,2.240657806396484375e-01,-3.046549084415999253e-01,-6.575349401600094623e-03,6.999965163007999536e-01,4.884303709439996588e-01,2.033656725504000562e+00,-4.607731199999999961e-05,1.274977436032000533e+01,-4.051698110079993143e+00,-7.401856000000002066e-05
-3.137809080545010954e-01,1.703638579511634193e-02,7.092330735664369445e-01,5.700556807219980815e-01,2.015436464548110873e+00,1.207073330879213091e-02,1.243503093719482422e+01,-3.981635868549346924e+00,3.911948204040527344e-01,-2.991435489283258975e-01,1.354024208754750491e-02,6.999960518813520549e-01,6.127730105687394513e-01,1.987627703718285455e+00,-4.680095221360299667e-05,1.210873668278647663e+01,-5.151876459643947470e+00,-7.064274696580002391e-05
-3.068688550133409909e-01,3.659443195724479403e-02,7.093526739220621380e-01,6.912053041160105549e-01,1.955804616212844849e+00,1.196003556251527475e-02,1.211496233940124512e+01,-5.963184833526611328e+00,-1.106977462768554688e-02,-2.924217974249797569e-01,3.314079365031863400e-02,6.999955804011158689e-01,7.304124542030256961e-01,1.930678310676233078e+00,-4.748877229587199846e-05,1.140991641780936661e+01,-6.234304581714695814e+00,-6.684849842560000859e-05
-2.987882145259680988e-01,5.543969251775733575e-02,7.094261574487688016e-01,8.080640487372874325e-01,1.884526056051254228e+00,7.348352670669571797e-03,1.168587446212768555e+01,-7.127856016159057617e+00,-4.611682891845703125e-01,-2.845594953156693752e-01,5.211813786749530664e-02,6.999951022398234191e-01,8.407949461424650828e-01,1.863030884357823380e+00,-4.813640469602700311e-05,1.065819124461232903e+01,-7.289934675804236264e+00,-6.259896072940000539e-05
-2.896435520935955465e-01,7.350983770751945423e-02,7.094696286063195689e-01,9.144662432372568928e-01,1.807014518976211459e+00,4.347115755081192370e-03,1.064021944999694824e+01,-7.751153707504272461e+00,-3.001236915588378906e-01,-2.756317712436948120e-01,7.036679120911532026e-02,6.999946178227463012e-01,9.434174365789229633e-01,1.785000681925861699e+00,-4.873910684876800144e-05,9.858826637980266483e+00,-8.309228566476182465e+00,-5.785598033920000358e-05
-2.795280644063058428e-01,9.071719791555396539e-02,7.095001970272065694e-01,1.011548768728971481e+00,1.720736020803451449e+00,3.056842088699356606e-03,9.708252549171447754e+00,-8.627849817276000977e+00,-1.290273666381835938e-01,-2.657185144653319564e-01,8.778490795898435950e-02,6.999941276245116306e-01,1.037831518798828512e+00,1.697000847656250144e+00,-4.929174804687499881e-05,9.017487716796878772e+00,-9.282144867187497539e+00,-5.258007812500000095e-05
-2.685038134295645307e-01,1.069506232347487568e-01,7.095309828858377132e-01,1.102425097674131438e+00,1.623342531919479192e+00,3.078585863113419280e-03,9.087632894515991211e+00,-9.739348888397216797e+00,2.174377441406250000e-03,-2.549038082392069415e-01,1.042752844602980455e-01,6.999936321730498845e-01,1.123647484866848512e+00,1.599547509229848563e+00,-4.978879605676800156e-05,8.140251092582138526e+00,-1.019812614413021379e+01,-4.673042366079999268e-05
-2.566411745462718330e-01,1.220963669028281295e-01,7.095833905677797482e-01,1.186263888329267546e+00,1.514574366807937444e+00,5.240768194198624011e-03,8.383879065513610840e+00,-1.087681651115417480e+01,2.162182331085205078e-01,-2.432753220664054528e-01,1.197464149659904775e-01,6.999931320536781909e-01,1.200538499794933767e+00,1.493265002385913753e+00,-5.022430347702700192e-05,7.233616718029833415e+00,-1.104608608007315596e+01,-4.026480952059999420e-05
-2.440425963390770170e-01,1.360602243747710272e-01,7.096777507405283014e-01,1.259857820719480603e+00,1.396385747194289983e+00,9.436017274856583342e-03,7.359393239021301270e+00,-1.181886196136474609e+01,4.195249080657958984e-01,-2.309236615964664341e-01,1.341136003774258123e-01,6.999926279133212859e-01,1.268244894196752792e+00,1.378891223937121602e+00,-5.059189383987200205e-05,6.304519735545039083e+00,-1.181439663820369645e+01,-3.313962557439998941e-05
-2.308232688371243679e-01,1.487714570965766037e-01,7.098191766481400933e-01,1.321932750195264905e+00,1.271123272180556985e+00,1.414259076118470904e-02,6.207492947578430176e+00,-1.252624750137329102e+01,4.706573486328125000e-01,-2.179416750144030634e-01,1.473001111550472086e-01,6.999921204648730244e-01,1.326578575427486140e+00,1.257283113146177911e+00,-5.088474745560300267e-05,5.360342325781678241e+00,-1.249087522596944666e+01,-2.530983328419996706e-05
-2.170903274554910889e-01,1.601824761238097306e-01,7.099966936450006205e-01,1.373294138163328348e+00,1.141101902723312023e+00,1.775169968605043100e-02,5.136138796806335449e+00,-1.300213694572448730e+01,3.609108924865722656e-01,-2.044237147238999741e-01,1.592384056846000706e-01,6.999916104917000004e-01,1.375427557209000895e+00,1.129422261463999488e+00,-5.109558699999999689e-05,4.408925556180003369e+00,-1.306277185891999792e+01,-1.672893999999997743e-05
-2.029473495695891527e-01,1.702845738139151521e-01,7.101981591920853987e-01,1.414297788590193061e+00,1.010209769010543379e+00,2.014655470848085092e-02,4.100365042686462402e+00,-1.308921337127685547e+01,2.394855022430419922e-01,-1.904648531418308421e-01,1.698714053825452486e-01,6.999910988522912714e-01,1.414760607740409348e+00,9.964206506294930321e-01,-5.121666284468299644e-05,3.458581229504103405e+00,-1.351675632454867326e+01,-7.348973255799938270e-06
-1.885079440761509018e-01,1.790839674081801391e-01,7.104200725893975443e-01,1.443940549343824653e+00,8.799393594264979246e-01,2.219133973121644593e-02,2.964276075363159180e+00,-1.302704095840454102e+01,2.044785022735595703e-01,-1.761600514192454559e-01,1.791538278242774118e-01,6.999905864850557435e-01,1.444632016293986965e+00,8.595265191309059416e-01,-5.123973813043199534e-05,2.518103732379439741e+00,-1.383890534613421508e+01,2.879544934400078086e-06
-1.738750785205664673e-01,1.865428679194449380e-01,7.106505454521180321e-01,1.463286555558443336e+00,7.458900511264796584e-01,2.304728627204896685e-02,1.934600621461868286e+00,-1.340493083000183105e+01,8.559465408325195312e-02,-1.616032799039676948e-01,1.870535791787653612e-01,6.999900744132705466e-01,1.465186478296478967e+00,7.201303570287623801e-01,-5.115607358346699985e-05,1.596781883830350246e+00,-1.401468974658255462e+01,1.400762378060007945e-05
-1.591279683102073683e-01,1.925979904737471493e-01,7.108656519989968725e-01,1.474711021035910008e+00,6.055122554302211357e-01,2.151065468788148499e-02,1.142446547746658325e+00,-1.403777956962585449e+01,-1.536631584167480469e-01,-1.468865891599563378e-01,1.935532072332293851e-01,6.999895637501813983e-01,1.476664098895773769e+00,5.797710291403863625e-01,-5.095641207468799583e-05,7.044107838175452940e-01,-1.402896161226850325e+01,2.608782942080009029e-05
-1.443401490103604634e-01,1.972171520199774708e-01,7.110427945594789412e-01,1.478781929984689159e+00,4.619161546230311499e-01,1.771425604820252991e-02,4.070908948779106140e-01,-1.435961008071899414e+01,-3.796398639678955078e-01,-1.320991303585708210e-01,1.986514162914720383e-01,6.999890557042600658e-01,1.479405515012954364e+00,4.401420265859986580e-01,-5.063096292187500272e-05,-1.486963382243793319e-01,-1.386594145687749702e+01,3.917431062500012896e-05
-1.295986938875319794e-01,2.004228490200041790e-01,7.111672294478418310e-01,1.474145512282848847e+00,3.205697000026698218e-01,1.244348883628846811e-02,-4.636417701840400696e-01,-1.413464546203613281e+01,-5.270767211914062500e-01,-1.173261238568907988e-01,2.023646452294765585e-01,6.999885515846194783e-01,1.473857135879725888e+00,3.030978466964129314e-01,-5.016938593484800396e-05,-9.516962748493700275e-01,-1.350920538524734127e+01,5.332282449919981896e-05
-1.149970898430945632e-01,2.022726583685874047e-01,7.112267160158158852e-01,1.460160404443741289e+00,1.849809348583216773e-01,5.948656797409073750e-03,-1.398510783910751343e+00,-1.355887651443481445e+01,-6.494832038879394531e-01,-1.026477747782315458e-01,2.047287099918929099e-01,6.999880528065892671e-01,1.460576502061218918e+00,1.706605012822834944e-01,-4.956077520358701145e-05,-1.693203992062525032e+00,-1.294167225720988412e+01,6.859076218939981625e-05
-1.006158812295796512e-01,2.028400884475707044e-01,7.112054809670449451e-01,1.438120861351490420e+00,5.674300789833022773e-02,-2.123504877090437622e-03,-2.203954309225082397e+00,-1.282379269599914551e+01,-8.072161674499511719e-01,-8.813813441000932503e-02,2.058005118130203370e-01,6.999875608974550634e-01,1.440237762964161838e+00,4.502615326497705350e-02,-4.879364262931200650e-05,-2.361280780782465172e+00,-1.214559085143282147e+01,8.503717458559980778e-05
-8.652081660443564082e-02,2.022178377118109549e-01,7.110815986137390965e-01,1.409506462514400926e+00,-6.222507357597396871e-02,-1.238823533058164977e-02,-2.861439883708953857e+00,-1.189680814743041992e+01,-1.026473045349121094e+00,-7.386390623409370970e-02,2.056598124459106391e-01,6.999870775023644409e-01,1.413637272830436498e+00,-7.142811833100126684e-02,-4.785590119852300793e-05,-2.943422408303883131e+00,-1.110252702926137047e+01,1.027227980257998304e-04
-7.277454971784372284e-02,2.005424553956984268e-01,7.108358159403801446e-01,1.374626688659191576e+00,-1.675382316112523085e-01,-2.457826733589171114e-02,-3.487977385520935059e+00,-1.053131580352783203e+01,-1.219003200531005859e+00,-5.988319540479992292e-02,2.044110776832001597e-01,6.999866043903999469e-01,1.381699305216002482e+00,-1.761374250239990946e-01,-4.673484800000001676e-05,-3.426547269759993242e+00,-9.793350898560007067e+00,1.217100799999998550e-04
-5.940295619779843717e-02,1.979925703015326111e-01,7.104805955629349690e-01,1.337159352004528401e+00,-2.549885094165806887e-01,-3.552203774452208224e-02,-3.746733665466308594e+00,-8.745027780532836914e+00,-1.094377040863037109e+00,-4.624426234696840665e-02,2.021836341810807069e-01,6.999855263286056672e-01,1.345375592527817021e+00,-2.670164267896583121e-01,-4.670136017626402966e-05,-3.829731268613553397e+00,-8.401504483388134048e+00,1.397507066215995667e-04
-4.640271445626038826e-02,1.947257581558226036e-01,7.100711869339944027e-01,1.300024174153805223e+00,-3.266812145709996340e-01,-4.094086289405821782e-02,-3.713517785072326660e+00,-7.169270515441894531e+00,-5.418825149536132812e-01,-3.298807333000378095e-02,1.991151709756519839e-01,6.999850666332908533e-01,1.305275165122379288e+00,-3.445458502172982218e-01,-4.520458251929603357e-05,-4.181982882619564634e+00,-7.123276300422578977e+00,1.596223222911995849e-04
-3.379223079496640469e-02,1.908616517987249683e-01,7.096729274730683157e-01,1.261048366129398746e+00,-3.864106357097630839e-01,-3.982594609260558388e-02,-3.897580802440643311e+00,-5.972942113876342773e+00,1.114916801452636719e-01,-2.014967019669026277e-02,1.953334380792965397e-01,6.999846229009426546e-01,1.261900890663722130e+00,-4.098587613319319978e-01,-4.350862012965603815e-05,-4.484751393764662808e+00,-5.958081185621889375e+00,1.795819168487996272e-04
-2.159282162302750274e-02,1.864956849422453322e-01,7.093260252814294065e-01,1.219940917193889973e+00,-4.365966856479649993e-01,-3.469021916389464916e-02,-4.110744893550872803e+00,-5.018604993820190430e+00,5.135726928710937500e-01,-7.759342792732569494e-03,1.909549622537759228e-01,6.999841971272209307e-01,1.215739894966227697e+00,-4.640813812496702995e-01,-4.161277046374404055e-05,-4.739596362635873916e+00,-4.905048114052934061e+00,1.995935197183996350e-04
-9.819277594626123901e-03,1.817077114489076828e-01,7.090422696809769443e-01,1.177354402840137926e+00,-4.787973493337636666e-01,-2.837556004524230402e-02,-4.258651435375213623e+00,-4.220066368579864502e+00,6.314659118652343750e-01,4.157410447024799394e-03,1.860850565947157198e-01,6.999837913129594025e-01,1.167263145714125816e+00,-5.083297144441868420e-01,-3.951670662500004192e-05,-4.948190553879996401e+00,-3.963001478327516480e+00,2.196179424999996710e-04
1.511497979223558677e-03,1.765742463376520355e-01,7.088181165199280986e-01,1.133077557384968292e+00,-5.133465111255650637e-01,-2.241531610488891116e-02,-4.427684545516967773e+00,-3.454916179180145264e+00,5.960243940353393555e-01,1.557971518717270881e-02,1.808179382575359484e-01,6.999834074602455658e-01,1.116924299444797875e+00,-5.437064038071504068e-01,-3.722051042918404003e-05,-5.112324131422999685e+00,-3.130441265598939538e+00,2.396126015615996827e-04
1.237286235874874782e-02,1.711715817358492042e-01,7.086476149301530469e-01,1.086136437952518907e+00,-5.402664601802831257e-01,-1.705015897750853868e-02,-4.694111943244934082e+00,-2.691994905471801758e+00,5.365157127380371094e-01,2.649114214038466447e-02,1.752368786239273946e-01,6.999830475681607656e-01,1.065158506579889641e+00,-5.712973874786224648e-01,-3.472470724373604356e-05,-5.233908853689409391e+00,-2.405523234558585521e+00,2.595313406311996985e-04
2.273484814649804481e-02,1.655642285552023085e-01,7.085275402407648082e-01,1.036198578774929491e+00,-5.607353180646901247e-01,-1.200746893882750910e-02,-4.993785917758941650e+00,-2.046885788440704346e+00,5.042690038681030273e-01,3.687951585661420478e-02,1.694143878911743839e-01,6.999827136281631113e-01,1.012381174504227488e+00,-5.921683574474216893e-01,-3.203030260121604019e-05,-5.314982268821707656e+00,-1.786039092432496034e+00,2.793242533887996997e-04
3.257673256582006155e-02,1.597968332376478173e-01,7.084551810960771911e-01,9.841884419322017852e-01,-5.767395317554478984e-01,-7.235914468765252718e-03,-5.201013684272766113e+00,-1.600421369075775146e+00,4.771554470062255859e-01,4.673671093332041476e-02,1.634124360666235343e-01,6.999824076190953592e-01,9.589866886925426659e-01,-6.073610199214523053e-01,-2.913882058682404060e-05,-5.357711909899717462e+00,-1.269396671977942148e+00,2.989375060583997624e-04
4.189029732829317038e-02,1.539012178983686363e-01,7.084253295402529460e-01,9.313564762473109937e-01,-5.895615339279179912e-01,-2.985155582427971924e-03,-5.283196568489074707e+00,-1.282200217247009277e+00,4.250758886337280273e-01,5.605843522719986677e-02,1.572827123496000901e-01,6.999821315017999979e-01,9.053470918840007542e-01,-6.178891574679998833e-01,-2.605234400000004230e-05,-5.364399490159999395e+00,-8.526001084800061136e-01,3.183131599999997671e-04
5.067551626747832105e-02,1.479046121444700101e-01,7.084300716857913072e-01,8.785218939185146514e-01,-5.996605753898626157e-01,4.742145538330143177e-04,-5.283458232879638672e+00,-1.009904146194458008e+00,3.459370136260986328e-01,6.484399964790280024e-02,1.510669248830708022e-01,6.999818872133239944e-01,8.518107213045367221e-01,-6.247344929239926348e-01,-2.277355629010404233e-05,-5.337485098215242196e+00,-5.322300167481497368e-01,3.373889943015997571e-04
5.893630111700282059e-02,1.418316706475017397e-01,7.084604624848368504e-01,8.260784849524501761e-01,-6.072941496968274899e-01,3.039079904556281093e-03,-5.244340896606445312e+00,-7.633574306964874268e-01,2.564865350723266602e-01,7.309607411421159551e-02,1.447971428573548436e-01,6.999816766606952179e-01,7.987008039369978274e-01,-6.288423550762270997e-01,-1.930578526617603759e-05,-5.279551393273651527e+00,-3.044236681127969746e-01,3.560983283711998109e-04
6.667894821351752488e-02,1.357036070432660890e-01,7.085081170539858642e-01,7.742647096514705396e-01,-6.128063604235655104e-01,4.765456914901739817e-03,-5.181377530097961426e+00,-5.512210726737976074e-01,1.726377010345458984e-01,8.082042925315988113e-02,1.384961829481824447e-01,6.999815017142527740e-01,7.463140098390909083e-01,-6.311171461115618886e-01,-1.565304858077604008e-05,-5.193327800358349400e+00,-1.648551674219067564e-01,3.743698445287998045e-04
7.391224477177844865e-02,1.295370601173637115e-01,7.085659207444193752e-01,7.233296558260920994e-01,-6.166546925902373077e-01,5.780369043350226665e-03,-5.093505382537841797e+00,-3.848332166671752930e-01,1.014912128448486328e-01,8.802566342257009402e-02,1.321780420714018245e-01,6.999813642005139336e-01,6.949189635091355122e-01,-6.324176108370747063e-01,-1.182010098790403912e-05,-5.081694705526759392e+00,-1.087156300375564655e-01,3.921274105983998254e-04
8.064781935995804507e-02,1.233431884851453469e-01,7.086279643516543159e-01,6.735574588179591426e-01,-6.193871632218367340e-01,6.204360723495489990e-03,-4.977219700813293457e+00,-2.732470631599426270e-01,4.239916801452636719e-02,9.472291463748747087e-02,1.258483784366344338e-01,6.999812658945593347e-01,6.447547132996253039e-01,-6.335519076701876529e-01,-7.812483375000039488e-06,-4.947687651089999861e+00,-1.306933588325005502e-01,4.092899024999998811e-04
8.690015304571377386e-02,1.171270020064113238e-01,7.086890122036936246e-01,6.252333685755733228e-01,-6.216186478734022636e-01,6.104785203933722065e-03,-4.832409024238586426e+00,-2.231484651565551758e-01,-9.957551956176757812e-03,1.009255569809887620e-01,1.195050428821797794e-01,6.999812085119192506e-01,5.960291588785934236e-01,-6.352724813987554731e-01,-3.636573569024033066e-06,-4.794501530832281588e+00,-2.249540211867646633e-01,4.257710268415998791e-04
9.268620841687905121e-02,1.108869166281220980e-01,7.087437923889162716e-01,5.786055371165279571e-01,-6.240085378289228490e-01,5.478018522262579834e-03,-4.662783145904541016e+00,-2.389889955520629883e-01,-6.267666816711425781e-02,1.066488810798438547e-01,1.131386624734687929e-01,6.999811936999423834e-01,5.489174367387842368e-01,-6.382707377111223046e-01,7.003610833839673047e-07,-4.625494785230291228e+00,-3.851208259842149317e-01,4.414791435111999323e-04
9.802476987725483593e-02,1.046144177075622045e-01,7.087863712649348225e-01,5.338561460375790269e-01,-6.272498920559889113e-01,4.257887601852423931e-03,-4.474939107894897461e+00,-3.241354227066040039e-01,-1.220130920410156250e-01,1.119097582255076662e-01,1.067332783473672747e-01,6.999812230286307502e-01,5.035602637546321425e-01,-6.431715194961427073e-01,5.190109361663980706e-06,-4.444193596672588953e+00,-6.042547006091236739e-01,4.563170882687999047e-04
1.029355786640046844e-01,9.829362701439832428e-02,7.088099071722033795e-01,4.910808786749844002e-01,-6.320790693163877982e-01,2.353590726852423758e-03,-4.277526736259460449e+00,-4.829177260398864746e-01,-1.904296875000000000e-01,1.167262877209213345e-01,1.002670397846291694e-01,6.999812979809217905e-01,4.600622387870464403e-01,-6.505273849131680830e-01,9.823460043015974251e-06,-4.254296084678998113e+00,-8.748344679427741966e-01,4.701819953383999879e-04
1.074383429933189193e-01,9.190065298044655662e-02,7.088071120123866642e-01,4.502764329314236091e-01,-6.392974033951766000e-01,-2.795159816741878307e-04,-4.080444574356079102e+00,-7.218334078788757324e-01,-2.633106708526611328e-01,1.211174270335999559e-01,9.371295649280002305e-02,6.999814199424000405e-01,4.184901023360001471e-01,-6.608126872320002620e-01,1.459014399999998795e-05,-4.059676501120000225e+00,-1.188737023359999867e+00,4.829651199999999219e-04
1.115516998667119841e-01,8.540298095905754505e-02,7.087716011743548927e-01,4.113356873393063107e-01,-6.497672021389013786e-01,-3.551083803176873551e-03,-3.894074559211730957e+00,-1.046979874372482300e+00,-3.271567821502685547e-01,1.251026043354853956e-01,8.703971108187151529e-02,6.999815901904212767e-01,3.788709542409289810e-01,-6.744174564428090379e-01,1.947877452405587207e-05,-3.864389425436124625e+00,-1.537217511725774699e+00,4.945516611815997882e-04
1.152922259319423548e-01,7.875983453357192354e-02,7.086997481923106301e-01,3.740526065230374009e-01,-6.643146425485617623e-01,-7.185298204421991172e-03,-3.728308081626892090e+00,-1.454744040966033936e+00,-3.634214401245117188e-01,1.287013130100422564e-01,8.021253371498585083e-02,6.999818098826312562e-01,3.411904294289291872e-01,-6.916410826360183117e-01,2.447678587494388376e-05,-3.672673959857334136e+00,-1.910889504391825255e+00,5.048205840511997729e-04
1.186737244028448074e-01,7.192465189659567881e-02,7.085918544273379638e-01,3.381498470902447595e-01,-6.835182636976249171e-01,-1.078937649726867051e-02,-3.590275943279266357e+00,-1.920362114906311035e+00,-3.604078292846679688e-01,1.319326877070743642e-01,7.319414091649345533e-02,6.999820800448601776e-01,3.053908317107725257e-01,-7.126858011521539638e-01,2.957037005610387297e-05,-3.488957924622431594e+00,-2.299705176193136857e+00,5.136444426087998210e-04
1.217071603286861425e-01,6.484942952358693780e-02,7.084514327387813060e-01,3.033435925841336256e-01,-7.075222373008734911e-01,-1.404216885566710732e-02,-3.480625450611114502e+00,-2.400397360324859619e+00,-3.252792358398437500e-01,1.348150615257410201e-01,6.594574051966023420e-02,6.999824015583769876e-01,2.713692256247162149e-01,-7.376499795016615568e-01,3.474441181593589003e-05,-3.317862053198440631e+00,-2.692935482444587691e+00,5.208892022783999419e-04
1.244014111358522495e-01,5.748881450855702208e-02,7.082828902940753180e-01,2.694250807166104211e-01,-7.360615015029914332e-01,-1.685424447059630584e-02,-3.391851186752319336e+00,-2.853926420211791992e+00,-2.812075614929199219e-01,1.373655039062499361e-01,5.842810473632828461e-02,6.999827751464843262e-01,2.389754863281259301e-01,-7.665212060546874318e-01,3.998242187499988405e-05,-3.164204187499999321e+00,-3.079150335937495875e+00,5.264140624999999723e-04
1.267643466342090741e-01,4.980218124949901959e-02,7.080894111733440077e-01,2.362935498356823760e-01,-7.686633259058005541e-01,-1.934791207313536765e-02,-3.313153088092803955e+00,-3.260182440280914307e+00,-2.493667602539062500e-01,1.395993388107058808e-01,5.060271333082813627e-02,6.999832013604373460e-01,2.080103075369015286e-01,-7.991691805008235283e-01,4.526646837913588775e-05,-3.033003473108761838e+00,-3.446198783936196719e+00,5.300712793215999353e-04
1.288034492630361627e-01,4.175393128955333377e-02,7.078724509220126748e-01,2.039102628827099695e-01,-8.048249959945685816e-01,-2.169602513313292555e-02,-3.238328695297241211e+00,-3.616167008876800537e+00,-2.348113059997558594e-01,1.415296427735919516e-01,4.243296888044420512e-02,6.999836805646669768e-01,1.782231675127112780e-01,-8.353384060788250354e-01,5.057710657850390302e-05,-2.929484554492769455e+00,-3.781189185174647527e+00,5.317059879912000749e-04
1.305257363665699166e-01,3.331325916016070199e-02,7.076326080899242310e-01,1.722287103533749475e-01,-8.440672129392631229e-01,-2.398428320884703549e-02,-3.168155252933502197e+00,-3.924221694469451904e+00,-2.288258075714111328e-01,1.431667224023631113e-01,3.388548610473307576e-02,6.999842129212930919e-01,1.493102530980294773e-01,-8.746406835762868814e-01,5.589330673254389351e-05,-2.859081770225867736e+00,-4.070469386852959559e+00,5.311560255488001307e-04
1.319372578758596648e-01,2.445433769190279161e-02,7.073708114366534794e-01,1.411521509289746235e-01,-8.858921468257910936e-01,-2.617966532707213453e-02,-3.107655942440032959e+00,-4.182493388652801514e+00,-2.195382118225097656e-01,1.445175709086281568e-01,2.493145724599515889e-02,6.999847983739055923e-01,1.209123417989832472e-01,-9.165474070992869482e-01,6.119238024085589794e-05,-2.827443348207076212e+00,-4.299606901634010825e+00,5.282517534184001315e-04
1.330424125540851932e-01,1.515725660884347306e-02,7.070891400914195435e-01,1.105154678225521991e-01,-9.297081083059317574e-01,-2.816713452339171531e-02,-3.063668310642242432e+00,-4.381596148014068604e+00,-1.987469196319580078e-01,1.455853032504000055e-01,1.554809548320013057e-02,6.999854366305999775e-01,9.261264191600071527e-02,-9.603816616119993377e-01,6.644990399999991170e-05,-2.840435600879998024e+00,-4.453369084639994036e+00,5.228158800000001034e-04
1.338431363899111048e-01,5.409583812594076155e-03,7.067912754755023563e-01,8.007238358259248512e-02,-9.747672796249395866e-01,-2.978646159172057203e-02,-3.044308423995971680e+00,-4.505917131900787354e+00,-1.619327068328857422e-01,1.463685694658908854e-01,5.720158361666227709e-03,6.999861271462464174e-01,6.393459072227236639e-02,-1.005310122246269255e+00,7.163964298621591635e-05,-2.904147120452198028e+00,-4.515703310449026731e+00,5.146632832616002129e-04
1.343379932392238796e-01,-4.791762018561707484e-03,7.064829137663845016e-01,4.948568493127870199e-02,-1.020134583115578364e+00,-3.083617091178893210e-02,-3.058669865131378174e+00,-4.536730349063873291e+00,-1.049709320068359375e-01,1.468609457793317585e-01,-4.558446779205610477e-03,6.999868691039757840e-01,3.433961069001179034e-02,-1.050334755381153062e+00,7.673347106406392120e-05,-3.024892974114606670e+00,-4.469717150091672586e+00,5.036008333312002585e-04
1.345211906332372809e-01,-1.543853803908860206e-02,7.061723595600132297e-01,1.831973940134095855e-02,-1.064677602052689354e+00,-3.105542063713073037e-02,-3.116594552993774414e+00,-4.454301893711090088e+00,-2.192497253417968750e-02,1.470503030592926474e-01,-1.528297339784312481e-02,6.999876613958655458e-01,3.224823764525153180e-03,-1.094284321492430267e+00,8.170129002098392248e-05,-3.209218899260902980e+00,-4.297658548047595062e+00,4.894272150888003556e-04
1.343814894307255037e-01,-2.650907581484353986e-02,7.058710180859569805e-01,-1.397012025117826475e-02,-1.107053777575493614e+00,-3.013414740562438132e-02,-3.228985965251922607e+00,-4.237617552280426025e+00,9.212732315063476562e-02,1.469181522099836101e-01,-2.643606037975937406e-02,6.999885026028067614e-01,-3.007927631391149603e-02,-1.135805679772073695e+00,8.651094682777591533e-05,-3.463905498706910890e+00,-3.980895999242031635e+00,4.719327507584003198e-04
1.339009281296133225e-01,-3.796582048571146839e-02,7.055928109626774525e-01,-4.805613011121702416e-02,-1.145674467086792658e+00,-2.782071232795714499e-02,-3.408600986003875732e+00,-3.862068951129913330e+00,2.313435077667236328e-01,1.464389660760125333e-01,-3.798586872185313879e-02,6.999893909735344089e-01,-6.631119364037463271e-02,-1.173354894517687708e+00,9.112814912499991806e-05,-3.795972435909991560e+00,-3.499898726042504293e+00,4.508992225000002974e-04
1.330526777256130500e-01,-4.975219356453456504e-02,7.053515906076436304e-01,-8.482504040002775136e-02,-1.178637307882309582e+00,-2.412203550338744285e-02,-3.676891028881072998e+00,-3.296284079551696777e+00,3.698676824569702148e-01,1.455794774410794634e-01,-4.988412828945371080e-02,6.999903244028046201e-01,-1.062808417277985029e-01,-1.205188143291916703e+00,9.551637893529595449e-05,-4.212682630188433919e+00,-2.834216855255253797e+00,4.260996950016003658e-04
1.317945947844385568e-01,-6.178941359555759766e-02,7.051588849763875677e-01,-1.258082941174502312e-01,-1.203722003102303262e+00,-1.927056312561034254e-02,-4.098325371742248535e+00,-2.508469521999359131e+00,4.851472377777099609e-01,1.442979527010844476e-01,-6.206409266381118783e-02,6.999913004086996127e-01,-1.508719970416894096e-01,-1.229352426851813895e+00,9.963680460162396726e-05,-4.721546451940844769e+00,-1.962461595121897773e+00,3.972983380712002423e-04
1.300573827374577052e-01,-7.398510458505193343e-02,7.050301661233907558e-01,-1.737212046980853020e-01,-1.219569098949432995e+00,-1.287188529968260817e-02,-4.791291058063507080e+00,-1.584709584712982178e+00,6.398677825927734375e-01,1.425434407921279678e-01,-7.443840009772689781e-02,6.999923161090428891e-01,-2.010447944870208392e-01,-1.243676080848177268e+00,1.034481909514239602e-04,-5.330325917865537555e+00,-8.622854123160159645e-01,3.642502492288003484e-04
1.277539213795065576e-01,-8.626758849060575662e-02,7.049875678162580428e-01,-2.303461357951159527e-01,-1.228248390555382485e+00,-4.259830713272084665e-03,-5.662493109703063965e+00,-8.679291605949401855e-01,8.612054586410522461e-01,1.402549969538803010e-01,-8.689683859703117852e-02,6.999933681969074950e-01,-2.578382648473285244e-01,-1.245759089294852240e+00,1.069068076866959904e-04,-6.047038886179946893e+00,4.896377910603337824e-01,3.267012762984002712e-04
1.248059516001343433e-01,-9.856469261086027445e-02,7.050115402083402261e-01,-2.947969779372210386e-01,-1.229710412025452282e+00,2.397239208221445955e-03,-6.445084214210510254e+00,-1.462021470069885254e-01,6.657069921493530273e-01,1.373600000000000099e-01,-9.930400000000000338e-02,6.999950000000000339e-01,-3.223739999999999939e-01,-1.232963999999999949e+00,1.100000000000000039e-04,-6.879964000000000190e+00,2.117631999999999959e+00,2.840000000000000185e-04
1.211444634992479980e-01,-1.107442786339525587e-01,7.050213117938046725e-01,-3.661488100886339803e-01,-1.217958602309227700e+00,9.771585464477643146e-04,-7.135183215141296387e+00,1.175180971622467041e+00,-1.420080661773681641e-01,1.337780359783190265e-01,-1.114989121778532100e-01,6.999961134531231810e-01,-3.953743780792792761e-01,-1.203206548923823060e+00,1.126159556396970059e-04,-7.693343008560531437e+00,3.804757669384322583e+00,2.391998951781999837e-04
1.166850976694226022e-01,-1.225516574028734651e-01,7.050200679640774570e-01,-4.459365829825396310e-01,-1.180737876892090643e+00,-1.243829727172747045e-04,-7.978777289390563965e+00,3.722072541713714600e+00,-1.101541519165039062e-01,1.294280669299914532e-01,-1.233148047215362753e-01,6.999972508270018157e-01,-4.757091742084300634e-01,-1.157451275455651851e+00,1.147843045758080059e-04,-8.347230460896986060e+00,5.317169244155893537e+00,1.944919545023999488e-04
1.113188672561049308e-01,-1.337885498646502191e-01,7.050710015635495154e-01,-5.366230413317675252e-01,-1.123689246177674184e+00,5.093359947204599905e-03,-9.068645834922790527e+00,5.704863071441650391e+00,5.217742919921875000e-01,1.242446831568605609e-01,-1.346004359767088987e-01,6.999984076515273212e-01,-5.617956840687301501e-01,-1.097445392199937197e+00,1.165063755487130031e-04,-8.844142116318984392e+00,6.654928092848351184e+00,1.499584299025999044e-04
1.050372360396981120e-01,-1.443279591444735221e-01,7.051664210896496643e-01,-6.281631216406816653e-01,-1.053940927982331077e+00,9.541952610015879202e-03,-9.154008030891418457e+00,6.974831819534301758e+00,4.448592662811279297e-01,1.181781687475529224e-01,-1.452220256312159730e-01,6.999995794740749844e-01,-6.520786132038371985e-01,-1.024933168904760938e+00,1.177843451781120142e-04,-9.187048883103539509e+00,7.818567234710121383e+00,1.056866848767998757e-04
9.784769453591107835e-02,-1.540645661000017985e-01,7.052858713011745939e-01,-7.189541503787034715e-01,-9.736606955528266383e-01,1.194502115249634899e-02,-9.079102873802185059e+00,8.028023242950439453e+00,2.403068542480468750e-01,1.111942042518952872e-01,-1.550632011223375406e-01,7.000007618682430044e-01,-7.450347693627816792e-01,-9.416510414594370104e-01,1.186212902656250140e-04,-9.379404989158750539e+00,8.809126238755004223e+00,6.176943187499983048e-05
8.974932781344652222e-02,-1.629044835213427356e-01,7.054150163273815721e-01,-8.098366722464555023e-01,-8.839917421340949266e-01,1.291450262069703328e-02,-9.088252186775207520e+00,8.966895341873168945e+00,9.694814682006835938e-02,1.032735210233682310e-01,-1.640248933890617877e-01,7.000019504431249651e-01,-8.391780365495955518e-01,-8.493223719016029793e-01,1.190212424712320009e-04,-9.425176152687500419e+00,9.628186122812763870e+00,1.830496968319980438e-05
8.074084686225653507e-02,-1.707678089979891567e-01,7.055430362563137603e-01,-9.008480951189988817e-01,-7.863325476646430001e-01,1.280199289321900559e-02,-9.101142287254333496e+00,9.765919446945190430e+00,-1.125097274780273438e-02,9.441150441253051695e-02,-1.720251784794765426e-01,7.000031408531424137e-01,-9.330646307795769090e-01,-7.496518594338106301e-01,1.189892453635530112e-04,-9.328867752851158102e+00,1.027790425257972196e+01,-2.460257919259929661e-05
7.082870030885936308e-02,-1.775908376816515699e-01,7.056606240611080771e-01,-9.912146553397173099e-01,-6.823028683662420990e-01,1.175878047943116310e-02,-9.036656022071838379e+00,1.040296792984008789e+01,-1.043212413787841797e-01,8.461774299434662860e-02,-1.789990615233749693e-01,7.000043288084583093e-01,-1.025298637542201963e+00,-6.443196024495979612e-01,1.185314138439680132e-04,-9.095553000433259427e+00,1.076104924066938295e+01,-6.684303114239933865e-05
6.003156121557953057e-02,-1.833273409250979202e-01,7.057599919180874704e-01,-1.079713909327983279e+00,-5.736503243446356981e-01,9.936785697937022474e-03,-8.849925398826599121e+00,1.086525440216064453e+01,-1.821994781494140625e-01,7.391552101235410177e-02,-1.848981995801676770e-01,7.000055100859983170e-01,-1.114537830970651955e+00,-5.349748115690784456e-01,1.176549959445770215e-04,-8.730901108503214658e+00,1.108103584566295474e+01,-1.082999040681994411e-04
4.838245162850621228e-02,-1.879492817763094847e-01,7.058354486565594499e-01,-1.164910958707332078e+00,-4.621940851211554513e-01,7.545673847198496390e-03,-8.519704937934875488e+00,1.114562392234802246e+01,-2.391111850738525391e-01,6.234125122260017471e-02,-1.896905598721999597e-01,7.000066805411000459e-01,-1.199499774717998957e+00,-4.232291736840014806e-01,1.163684370000000237e-04,-8.241205463080007121e+00,1.124195987115999884e+01,-1.488501799999994565e-04
3.592950074857476778e-02,-1.914468319061999324e-01,7.058837617974286216e-01,-1.245295087993144367e+00,-3.497550129890448778e-01,4.831314086914072908e-03,-8.038412928581237793e+00,1.124390721321105957e+01,-2.714359760284423828e-01,4.994384532028468826e-02,-1.933600099135660555e-01,7.000078361198174282e-01,-1.278968204540018361e+00,-3.106498670123183370e-01,1.146814461930170318e-04,-7.633411793795879419e+00,1.124863306482900072e+01,-1.883640677117994931e-04
2.273575419670347680e-02,-1.938275648001437368e-01,7.059042579274182883e-01,-1.319374655187129264e+00,-2.380732893943793282e-01,2.049612998962412492e-03,-7.407956719398498535e+00,1.116817235946655273e+01,-2.781701087951660156e-01,3.678401913204130957e-02,-1.959058360445171676e-01,7.000089728719015580e-01,-1.351799692584639612e+00,-1.987522271622403913e-01,1.126050654740480279e-04,-6.915146344560032965e+00,1.110661801745797383e+01,-2.267047653375995459e-04
8.878187914550354776e-03,-1.951150798443560819e-01,7.058988948206906811e-01,-1.385756628215312203e+00,-1.287515044212347859e-01,-5.363106727599995308e-04,-6.638197302818298340e+00,1.093217849731445312e+01,-2.585923671722412109e-01,2.293352975679091577e-02,-1.973421868815570246e-01,7.000100869644830803e-01,-1.416930593388034731e+00,-8.899206420578975596e-02,1.101517408544730345e-04,-6.094744044222332846e+00,1.082226306200502997e+01,-2.637282229873995072e-04
-5.554359043776931765e-03,-1.953480234984164565e-01,7.058724030594830667e-01,-1.443254695832728585e+00,-2.329436540603703476e-02,-2.649176120758046406e-03,-5.749806761741638184e+00,1.054571390151977539e+01,-2.112865447998046875e-01,8.474341838101306923e-03,-1.976974381933206959e-01,7.000111746964787773e-01,-1.473384271577342197e+00,1.724236923815336553e-02,1.073353960737920379e-04,-5.181276677236988704e+00,1.040273717264900100e+01,-2.992829053631996107e-04
-2.046585036331408786e-02,-1.945812561157946874e-01,7.058321192603116412e-01,-1.491149131953715568e+00,7.667673826217585864e-02,-4.028379917144764982e-03,-4.789443612098693848e+00,9.997110366821289062e+00,-1.379203796386718750e-01,-6.502279849013914426e-03,-1.970134757123312430e-01,7.000122325137476675e-01,-1.520278611280030834e+00,1.186387589113115926e-01,1.041715086406250370e-04,-4.184581054326256933e+00,9.856064863840002133e+00,-3.332095543749996288e-04
-3.576233434194319577e-02,-1.928879401329760823e-01,7.057864711623197396e-01,-1.529648397862910514e+00,1.693315982818597021e-01,-4.564809799194325703e-03,-3.849926590919494629e+00,9.265486001968383789e+00,-5.364298820495605469e-02,-2.189675431392298921e-02,-1.953448923927295078e-01,7.000132570250181541e-01,-1.556833807239896617e+00,2.139694588139757769e-01,1.006771882475520393e-04,-3.115287183144148209e+00,9.191161089350041280e+00,-3.653409517567997506e-04
-5.136267952138177939e-02,-1.903504507187609995e-01,7.057412529330259199e-01,-1.560034517943858390e+00,2.537489414215081673e-01,-4.521822929382314157e-03,-3.038612008094787598e+00,8.441734313964843750e+00,4.298686981201171875e-03,-3.760224758589703065e-02,-1.927580966240711180e-01,7.000142450186120913e-01,-1.582380437639700821e+00,3.021005700934775717e-01,9.687125755979304753e-05,-1.984846438940102153e+00,8.417866141323610663e+00,-3.955016816825997791e-04
-6.720690501743546708e-02,-1.870331012848620855e-01,7.056970460157400149e-01,-1.584422549605368769e+00,3.317349433898919564e-01,-4.420691728591909057e-03,-2.438803166151046753e+00,7.798600196838378906e+00,1.011312007904052734e-02,-5.350581808639043313e-02,-1.893303279112869830e-01,7.000151934799886400e-01,-1.596367818630440860e+00,3.820013689231658294e-01,9.277433537772803362e-05,-8.055597352227010788e-01,7.546980549328269561e+00,-4.235078933823997380e-04
-8.325826265925159730e-02,-1.829697807673221210e-01,7.056527557711607113e-01,-1.605135764181613078e+00,4.063320517539971699e-01,-4.429024457931508840e-03,-2.071321457624435425e+00,7.459710836410522461e+00,-8.332729339599609375e-04,-6.948964695514722734e-02,-1.851485765309008880e-01,7.000160996101307820e-01,-1.598372640567260916e+00,4.527540833718926017e-01,8.840892217325705218e-05,4.093943055766455785e-01,6.590299979405241260e+00,-4.491670637581998281e-04
-9.944404133671512491e-02,-1.782022499684100814e-01,7.056118781309134169e-01,-1.618577867746352261e+00,4.767530798912041901e-01,-4.087764024734487703e-03,-1.344210356473922729e+00,7.042102813720703125e+00,3.412604331970214844e-02,-8.543235614719990600e-02,-1.803084036736000151e-01,7.000169608448000291e-01,-1.588107885951999698e+00,5.135640192639994162e-01,8.379948800000003057e-05,1.645931181439995505e+00,5.560650133119999339e+00,-4.722777599999998413e-04
-1.155487956803439992e-01,-1.728710911515956572e-01,7.056071014146810816e-01,-1.610475434362887537e+00,5.331158816814416390e-01,-4.776716232299709278e-04,8.102433383464813232e-01,5.636280179023742676e+00,3.610092401504516602e-01,-1.012104171178266065e-01,-1.749126585832530001e-01,7.000177748746815309e-01,-1.565432029082373555e+00,5.637700350298167074e-01,7.897256277733703616e-05,2.889032340099183749e+00,4.471921646612880608e+00,-4.926294022017999302e-04
-1.314537523489593407e-01,-1.671254682186847362e-01,7.056645369272237511e-01,-1.590495666861533319e+00,5.745622932910913194e-01,5.743551254272470652e-03,1.997976750135421753e+00,4.144641160964965820e+00,6.221222877502441406e-01,-1.166996529125333970e-01,-1.690700892024704638e-01,7.000185396664438953e-01,-1.530358517407794938e+00,6.028553655466621919e-01,7.395682894828804472e-05,4.122717008372133840e+00,3.339104989649650967e+00,-5.100020259775999137e-04
-1.470383576553462857e-01,-1.610635438803439956e-01,7.057276779751783247e-01,-1.558460530638694053e+00,6.061924338340752838e-01,6.314104795455942505e-03,3.203513622283935547e+00,3.163014054298400879e+00,5.705535411834716797e-02,-1.317768364791282176e-01,-1.628938428348029599e-01,7.000192534847379244e-01,-1.483065534591834655e+00,6.304587949703481797e-01,6.878321651123300959e-05,5.330014021499139609e+00,2.178325364672102804e+00,-5.241660450773998840e-04
-1.621120534043906936e-01,-1.547362509611850678e-01,7.057617646198278694e-01,-1.507369574904441123e+00,6.327292919158928886e-01,3.408664464950571151e-03,5.109095573425292969e+00,2.653685808181762695e+00,-2.905440330505371094e-01,-1.463213880189524196e-01,-1.564998533336714182e-01,7.000199149151570266e-01,-1.423906045281312815e+00,6.463861785571978213e-01,6.348500042547201470e-05,6.492933652479179862e+00,1.006877605848677693e+00,-5.348820140032000542e-04
-1.764739690225719249e-01,-1.482286353651290911e-01,7.057175071578031256e-01,-1.436191561818122242e+00,6.507615596055977836e-01,-4.425746202468862356e-03,7.117801308631896973e+00,1.803226768970489502e+00,-7.834410667419433594e-01,-1.602171741943359262e-01,-1.500051113281249959e-01,7.000205228881836161e-01,-1.353418121582030897e+00,6.506223134765622973e-01,5.809790039062502371e-05,7.592439441406253486e+00,-1.567389218750112612e-01,-5.419003906249999017e-04
-1.899970646601318036e-01,-1.416622496191269065e-01,7.055811104516988008e-01,-1.352309563755988542e+00,6.566385746002190160e-01,-1.363967061042784673e-02,8.388199806213378906e+00,5.877014994621276855e-01,-9.213924407958984375e-01,-1.733544120093439000e-01,-1.435258139955208068e-01,7.000210767041457061e-01,-1.272335551241142948e+00,6.433431586138442793e-01,5.266018299987201118e-05,8.608420024805624848e+00,-1.292785423725492322e+00,-5.449612987967998590e-04
-2.025762511294482704e-01,-1.351473950985676020e-01,7.053921894173627027e-01,-1.257918646931647677e+00,6.514854520559303364e-01,-1.889210343360899977e-02,9.439091682434082031e+00,-5.153122544288635254e-01,-5.252432823181152344e-01,-1.856316801808796380e-01,-1.371753908912214659e-01,7.000215760592060077e-01,-1.181598727536157023e+00,6.249284033640323255e-01,4.721276626703301504e-05,9.519660964970164230e+00,-2.380248776050923443e+00,-5.437942909725997521e-04
-2.141212033134101411e-01,-1.288149357084041879e-01,7.052117558460240243e-01,-1.154495218396186296e+00,6.332459390163414081e-01,-1.804335713386534881e-02,1.034234285354614258e+01,-1.823951303958892822e+00,8.487462997436523438e-02,-1.969580408172105501e-01,-1.310624023454041720e-01,7.000220210724090730e-01,-1.082365820870581308e+00,5.959743854157364407e-01,4.179932652748798833e-05,1.030381657929666517e+01,-3.396806627270470447e+00,-5.381181108223998411e-04
-2.245634234350322167e-01,-1.228305056635147496e-01,7.050788266997342069e-01,-1.044222012162208113e+00,5.984430044889442746e-01,-1.329291462898253562e-02,1.102732062339782715e+01,-3.480293452739715576e+00,4.750442504882812500e-01,-2.072552742209841370e-01,-1.252883069370775426e-01,7.000224123138086840e-01,-9.760242320762020363e-01,5.573073575257303514e-01,3.646640771293701959e-05,1.093738176962211739e+01,-4.318792498823691872e+00,-5.276404558481999092e-04
-2.338432088595031044e-01,-1.173472933415180691e-01,7.049949162344937292e-01,-9.279785424470896604e-01,5.483212321996681071e-01,-8.391046524047842542e-03,1.162434697151184082e+01,-5.012177228927612305e+00,4.901868104934692383e-01,-2.164602296338000442e-01,-1.199450945554000475e-01,7.000227508337000248e-01,-8.642023274219998719e-01,5.099971032839998308e-01,3.126353300000001359e-05,1.139566385156000550e+01,-5.121160886120007305e+00,-5.120577399999996521e-04
-2.419109415810702657e-01,-1.124706474486595748e-01,7.049398658614163260e-01,-8.067732721567149046e-01,4.876645892858497700e-01,-5.505037307739248098e-03,1.212052702903747559e+01,-6.065664291381835938e+00,2.886009216308593750e-01,-2.245272947394039986e-01,-1.151127815583950775e-01,7.000230381929805068e-01,-7.487814553297005293e-01,4.553709018692979615e-01,2.624331883265699822e-05,1.165275438383664763e+01,-5.777452359488053801e+00,-4.910548562917999363e-04
-2.487466170888541495e-01,-1.082563195470577916e-01,7.048980825285916518e-01,-6.835675507783884886e-01,4.214327901601783721e-01,-4.178333282470693757e-03,1.232057213783264160e+01,-6.623179912567138672e+00,1.326704025268554688e-01,-2.314309867425705936e-01,-1.108567645391593109e-01,7.000232764946624497e-01,-6.319082447959747384e-01,3.950278417952117760e-01,2.146159131852808154e-05,1.168150099762750216e+01,-6.259758665125071175e+00,-4.643049394176003149e-04
-2.543658394020197888e-01,-1.047270153108841723e-01,7.048660197596554600e-01,-5.619222313165659344e-01,3.529304236173622100e-01,-3.206276893615713202e-03,1.216453194618225098e+01,-6.850236654281616211e+00,9.720563888549804688e-02,-2.371686678407420035e-01,-1.072250292096558755e-01,7.000234684165610455e-01,-5.160071855212491343e-01,3.308534836467127427e-01,1.697750499899307265e-05,1.145347922589341039e+01,-6.538687826046425400e+00,-4.314691283674005023e-04
-2.588149389725325489e-01,-1.018838840368992693e-01,7.048470996360783891e-01,-4.449099570512766166e-01,2.843131273984901286e-01,-1.892012357711782495e-03,1.170122742652893066e+01,-6.861729621887207031e+00,1.314264535903930664e-01,-2.417633879054861545e-01,-1.042452109121914106e-01,7.000236172451831385e-01,-4.037934897451875282e-01,2.650348718072497167e-01,1.285366399315209451e-05,1.093896433271695656e+01,-6.583329243034850009e+00,-3.921963290432005475e-04
-2.621678187649844061e-01,-9.970763229763573987e-02,7.048474528532033823e-01,-3.352879792451852747e-01,2.176251739263526663e-01,3.532171249390593862e-05,1.096219778060913086e+01,-6.668795347213745117e+00,1.927334070205688477e-01,-2.452668571908452610e-01,-1.019215032686689032e-01,7.000237269108383620e-01,-2.982862357887821059e-01,2.000758951763115245e-01,9.156245515625047356e-06,1.010690314263876743e+01,-6.361218795590028563e+00,-3.461229768750004646e-04
-2.645267947416899412e-01,-9.815467729604311631e-02,7.048739215474134623e-01,-2.358975976705545152e-01,1.552955001592628281e-01,2.646869421005258478e-03,9.939038157463073730e+00,-6.232967376708984375e+00,2.611547708511352539e-01,-2.477625518856366449e-01,-1.002314114777109466e-01,7.000238020239972769e-01,-2.028217933030941889e-01,1.388129968775206891e-01,5.955125768192050576e-06,8.924885869993794074e+00,-5.838303942877830721e+00,-2.928727994368007857e-04
-2.660260183613893936e-01,-9.715272849237986674e-02,7.049318203668599736e-01,-1.499223619699472099e-01,1.001948803663245957e-01,5.789881944656381091e-03,8.597523570060729980e+00,-5.510061979293823242e+00,3.143012523651123047e-01,-2.493689553267744718e-01,-9.912234676975285874e-02,7.000238479129212710e-01,-1.210675302246282670e-01,8.443123295721521870e-02,3.324008205273046865e-06,7.359117948247646090e+00,-4.978908824679848522e+00,-2.320565790626007824e-04
-2.668365643721220537e-01,-9.659906720554897741e-02,7.050191828351025647e-01,-8.105460107326446784e-02,5.536612868308942587e-02,8.736246824264534694e-03,6.886776089668273926e+00,-4.482875168323516846e+00,2.946364879608154297e-01,-2.502429376906797343e-01,-9.850805853019407865e-02,7.000238706625853125e-01,-5.703580143734743313e-02,4.048068007355398734e-02,1.340554173248045995e-06,5.374391859332855681e+00,-3.745699362342809646e+00,-1.632719154624006448e-04
-2.671710945170519547e-01,-9.636882981097767698e-02,7.051097314100270852e-01,-3.345301449298797997e-02,2.302373945712964803e-02,9.054857492446907394e-03,4.760158658027648926e+00,-3.234238922595977783e+00,3.186106681823730469e-02,-2.505832769798419513e-01,-9.826490060070729171e-02,7.000238771549210925e-01,-1.509821914131753706e-02,1.089319217611750545e-02,8.651592361705946928e-08,2.934058962985212737e+00,-2.099648359727841029e+00,-8.610298833820067849e-05
-2.672437158327696238e-01,-9.637723573482107065e-02,7.050930499176983890e-01,-7.262131571769105814e-03,-8.405923843391623074e-04,-1.668149232864372597e-03,2.619088292121887207e+00,-2.386433184146881104e+00,-1.072300672531127930e+00,-2.505832769798419513e-01,-9.826490060070729171e-02,7.000238771549210925e-01,-1.509821914131753706e-02,1.089319217611750545e-02,8.651592361705946928e-08,2.934058962985212737e+00,-2.099648359727841029e+00,-8.610298833820067849e-05
