1.296950000000000047e-01,1.647049999999999903e-01,6.999980000000000091e-01,0.000000000000000000e+00,0.000000000000000000e+00,0.000000000000000000e+00,0.000000000000000000e+00,0.000000000000000000e+00,1.000000000000000000e+01,1.296950000000000047e-01,1.647049999999999903e-01,6.999980000000000091e-01,0.000000000000000000e+00,0.000000000000000000e+00,0.000000000000000000e+00,0.000000000000000000e+00,0.000000000000000000e+00,0.000000000000000000e+00
1.297276619111001617e-01,1.645652614998817376e-01,7.010567483942509170e-01,3.266191110014915466e-03,-1.397385001182556256e-02,1.058748394250869779e-01,3.266191110014915466e-01,-1.397385001182556152e+00,1.058748394250869751e+01,1.297266789126629571e-01,1.648427691172643927e-01,6.999980002276834368e-01,9.398855179736835888e-03,4.017460844696339739e-02,6.797274813500000029e-08,1.837914602575001499e+00,7.577528395493556168e+00,1.346150414100000199e-05
1.298757145029306448e-01,1.651693403291702167e-01,7.020239411931038509e-01,1.480525918304920197e-02,6.040788292884827215e-02,9.671927988529205322e-02,1.153906807303428650e+00,7.438173294067382812e+00,-9.155559539794921875e-01,1.299400747413354262e-01,1.657166816286274325e-01,6.999980017948339572e-01,3.592850090968550264e-02,1.429065660618235589e-01,2.665567638400000159e-07,3.426907797032051395e+00,1.256172203591538583e+01,2.612103331200000509e-05
1.303330668021738525e-01,1.671895070242881698e-01,7.028924039046764438e-01,4.573522992432117740e-02,2.020166695117950606e-01,8.684627115726470392e-02,3.092997074127197266e+00,1.416087865829467773e+01,-9.873008728027343750e-01,1.299400747413354262e-01,1.657166816286274325e-01,6.999980017948339572e-01,3.592850090968550264e-02,1.429065660618235589e-01,2.665567638400000159e-07,3.426907797032051395e+00,1.256172203591538583e+01,2.612103331200000509e-05
1.308694776815176042e-01,1.696765192914009013e-01,7.037232510786056716e-01,5.364108793437481065e-02,2.487012267112732045e-01,8.308471739292144775e-02,7.905858010053634644e-01,4.668455719947814941e+00,-3.761553764343261719e-01,1.315233586009985911e-01,1.714471470265342412e-01,6.999980139302224291e-01,1.305664024927682410e-01,4.412787951556321753e-01,1.023270748160000067e-06,5.877596398337638028e+00,1.594220795059794327e+01,4.900683878400000494e-05
1.323798338805139141e-01,1.751401970553398135e-01,7.044750416319370823e-01,1.510356198996305466e-01,5.463677763938903365e-01,7.517905533313751221e-02,9.739453196525573730e+00,2.976665496826171875e+01,-7.905662059783935547e-01,1.331384072126937657e-01,1.766466011262179669e-01,6.999980267869414519e-01,1.938976515005625123e-01,5.969017212430157704e-01,1.565097109375000386e-06,6.750300573129999648e+00,1.492070683136188336e+01,5.922119062500000503e-05
1.346686831262707829e-01,1.827074195313453664e-01,7.051194669346809718e-01,2.288849245756864603e-01,7.567222476005553977e-01,6.444253027439117432e-02,7.784930467605590820e+00,2.103544712066650391e+01,-1.073652505874633789e+00,1.354265951617807662e-01,1.833262037079129714e-01,6.999980455588982187e-01,2.648161576533403783e-01,7.349235876782399535e-01,2.204942074560000377e-06,7.396146857172441358e+00,1.246812428793791483e+01,6.860982441600000552e-05
1.377343629856407625e-01,1.915810833144187819e-01,7.056113255660534378e-01,3.065679859369992988e-01,8.873663783073424405e-01,4.918586313724517683e-02,7.768306136131286621e+00,1.306441307067871094e+01,-1.525666713714599609e+00,1.384525644286833668e-01,1.912429669566310664e-01,6.999980711849228543e-01,3.410872744270366241e-01,8.424029786421015631e-01,2.934527823815000965e-06,7.822018642338890437e+00,8.856859045777945028e+00,7.716875558700000807e-05
1.416333780658245167e-01,2.012010713982581855e-01,7.060487441759110139e-01,3.899015080183744208e-01,9.619988083839415838e-01,4.374186098575592180e-02,8.333352208137512207e+00,7.463243007659912109e+00,-5.444002151489257812e-01,1.422589644854917457e-01,2.000379562398018618e-01,6.999981045208826247e-01,4.205481349898403942e-01,9.090762368956502026e-01,3.745541079040000718e-06,8.035392306996428147e+00,4.349884105303662984e+00,8.489488588800001923e-05
1.461527709250152185e-01,2.107502104285359223e-01,7.063351653854847978e-01,4.519392859190702327e-01,9.549139030277727924e-01,2.864212095737457553e-02,6.203777790069580078e+00,-7.084905356168746948e-01,-1.509974002838134766e+00,1.422589644854917457e-01,2.000379562398018618e-01,6.999981045208826247e-01,4.205481349898403942e-01,9.090762368956502026e-01,3.745541079040000718e-06,8.035392306996428147e+00,4.349884105303662984e+00,8.489488588800001923e-05
1.506491498888284097e-01,2.198450968581437959e-01,7.065603360276223599e-01,4.496378963813185692e-01,9.094886429607866862e-01,2.251706421375274797e-02,-2.301389537751674652e-01,-4.542526006698608398e+00,-6.125056743621826172e-01,1.468672001253888970e-01,2.092625784078061546e-01,6.999981463393725178e-01,5.011136970208286412e-01,9.272578068245780347e-01,4.629642231734999383e-06,8.044360206745476916e+00,-8.003331991547463220e-01,9.178605630900001620e-05
1.558908667561411943e-01,2.284797434005141070e-01,7.067177200953961291e-01,5.241716867312788963e-01,8.634646542370317812e-01,1.573840677738189836e-02,7.453379034996032715e+00,-4.602398872375488281e+00,-6.778657436370849609e-01,1.522782408898000206e-01,2.184038195279000005e-01,6.999981973294999715e-01,5.807830174359999154e-01,8.917297780730001344e-01,5.578475000000000829e-06,7.857653665159998191e+00,-6.352911140419985614e+00,9.784110000000002111e-05
1.619745532327145354e-01,2.364007218348979644e-01,7.068676043491364247e-01,6.083686476573347823e-01,7.920978434383867395e-01,1.498842537403106794e-02,8.419696092605590820e+00,-7.136681079864501953e+00,-7.499814033508300781e-02,1.584734943923394590e-01,2.269083240574236715e-01,6.999982580967682999e-01,6.576457570217110193e-01,7.996206297666192953e-01,6.583676614735001235e-06,7.484665964527680515e+00,-1.207963353952883523e+01,1.030598951910000126e-04
1.688751217235624769e-01,2.430925742927193267e-01,7.069733670990467900e-01,6.900568490847944769e-01,6.691852457821367839e-01,1.057627499103546212e-02,8.168820142745971680e+00,-1.229125976562500000e+01,-4.412150382995605469e-01,1.654157458386290303e-01,2.342052074621891744e-01,6.999983291630649251e-01,7.298889149755145578e-01,6.502731753252749547e-01,7.636888535039999557e-06,6.935475336590130269e+00,-1.776602970679356375e+01,1.074434181119999999e-04
1.764964541361480899e-01,2.477979691642522297e-01,7.070682368617058344e-01,7.621332412585615224e-01,4.705394871532915246e-01,9.486976265907288638e-03,7.207639217376708984e+00,-1.986457586288452148e+01,-1.089298725128173828e-01,1.730501660410616593e-01,2.397274942859399793e-01,6.999984109667600762e-01,7.958037933544003240e-01,4.451017078648874525e-01,8.729767692815002347e-06,6.220867953283065965e+00,-2.321245438286313245e+01,1.109937959130000162e-04
1.847579595667123709e-01,2.499300813171266844e-01,7.071368600766659851e-01,8.261505430564283214e-01,2.132112152874467981e-01,6.862321496009828048e-03,6.401730179786682129e+00,-2.573282718658447266e+01,-2.624654769897460938e-01,1.813053902275844065e-01,2.429320736767776046e-01,6.999985038629191747e-01,8.537931914304361936e-01,1.874383461887779156e-01,9.853998266560001722e-06,5.352360917476517876e+00,-2.823516767978457764e+01,1.137143595840000161e-04
1.935598193683475132e-01,2.489720581340789107e-01,7.072198475341797685e-01,8.801859801635144587e-01,-9.580231830477731192e-02,8.298745751380922492e-03,5.403543710708618164e+00,-3.090135335922241211e+01,1.436424255371093750e-01,1.993171003458858170e-01,2.404434811783809911e-01,6.999987239384957149e-01,9.402090053232884381e-01,-4.634439760866182478e-01,1.216346095616000021e-05,3.203508898957720952e+00,-3.636050708772943807e+01,1.166857052160000290e-04
2.038844932053983094e-01,2.415512673500179452e-01,7.071882487576008902e-01,1.032467383705079289e+00,-7.420790784060957712e-01,-3.159877657890318783e-03,1.522814035415649414e+01,-6.462767601013183594e+01,-1.145862340927124023e+00,2.088589251881292630e-01,2.339400948603810038e-01,6.999988514151573860e-01,9.660664736640396377e-01,-8.419436484688841427e-01,1.333231103501500151e-05,1.950059693318767051e+00,-3.918489974938881204e+01,1.169496446370000246e-04
2.143926214218884463e-01,2.292467041927575278e-01,7.070640811066628562e-01,1.050812821649014683e+00,-1.230456315726041971e+00,-1.241676509380340576e-02,1.834543794393539429e+00,-4.883772373199462891e+01,-9.256887435913085938e-01,2.185949217962787072e-01,2.235263775978556522e-01,6.999989905800879653e-01,9.788765648129069685e-01,-1.243879542524469084e+00,1.449977570784000060e-05,5.965483708073059388e-01,-4.103127401529489049e+01,1.164101906880000227e-04
2.248552873764931848e-01,2.126150855812429519e-01,7.069408075253964530e-01,1.046266595460474180e+00,-1.663161861151456922e+00,-1.232735812664031982e-02,-4.546226188540458679e-01,-4.327055454254150391e+01,8.940696716308593750e-03,2.283898683336589297e-01,2.090184258634814607e-01,6.999991413794265371e-01,9.777155262110502898e-01,-1.659013200514597441e+00,1.565787051513500215e-05,-8.415084499322498246e-01,-4.181161597040431843e+01,1.150774873590000358e-04
2.351366760113089982e-01,1.918557604420184082e-01,7.068415600996018622e-01,1.028138863481580900e+00,-2.075932513922452927e+00,-9.924742579460143349e-03,-1.812773197889328003e+00,-4.127706527709960938e+01,2.402615547180175781e-01,2.381000956543999902e-01,1.903387528192002631e-01,6.999993036799999624e-01,9.618190967040001205e-01,-2.076337050687996122e+00,1.679872000000000372e-05,-2.347725274880002821e+00,-4.146029671743997369e+01,1.129632000000000233e-04
2.450782151740789061e-01,1.671220905724166705e-01,7.067670718472005564e-01,9.941539162769910121e-01,-2.473366986960172653e+00,-7.448825240135192177e-03,-3.398494720458984375e+00,-3.974344730377197266e+01,2.475917339324951172e-01,2.475751260444287172e-01,1.675228422064377609e-01,6.999994772704899448e-01,9.305913102491130129e-01,-2.484303657163884349e+00,1.791457318633499931e-05,-3.904824743900439987e+00,-3.993515231795153397e+01,1.100805682410000336e-04
2.544821639523655032e-01,1.386265548485516308e-01,7.067160359959604454e-01,9.403948778286572718e-01,-2.849553572386503308e+00,-5.103585124015807065e-03,-5.375903844833374023e+00,-3.761865854263305664e+01,2.345240116119384766e-01,2.566594011490719307e-01,1.407233557404392876e-01,6.999996618627569722e-01,8.836135295304314852e-01,-2.871065769225526143e+00,1.899781958624000185e-05,-5.494614640002190242e+00,-3.721856373337762847e+01,1.064444589120000343e-04
2.631015862633287461e-01,1.066644811722635006e-01,7.066831920783521737e-01,8.619422310963269496e-01,-3.196207367628812968e+00,-3.284391760826109799e-03,-7.845264673233032227e+00,-3.466537952423095703e+01,1.819193363189697266e-01,2.651941013863448049e-01,1.102118860146182877e-01,6.999998570933281261e-01,8.206537094809408517e-01,-3.224727170024444867e+00,2.004100573661500321e-05,-7.097964898597854955e+00,-3.331853676610624149e+01,1.020714189630000544e-04
2.708531213157623352e-01,7.156014575242983233e-02,7.066222215633394255e-01,7.751535052433606854e-01,-3.510433541983366101e+00,-6.097051501274108193e-03,-8.678872585296630859e+00,-3.142261743545532227e+01,-2.812659740447998047e-01,2.730190591449993542e-01,7.637814692080713286e-02,7.000000625250517583e-01,7.416758907122323885e-01,-3.533604324695207133e+00,2.103685226496000064e-05,-8.694784616763808316e+00,-2.826978200053666157e+01,9.697972838400004114e-05
2.778530833420156942e-01,3.410885884791599321e-02,7.065131716768743297e-01,6.999962026253339076e-01,-3.745128690451383857e+00,-1.090498864650726180e-02,-7.515730261802673340e+00,-2.346951484680175781e+01,-4.807937145233154297e-01,2.799747680664061988e-01,3.972649359130897562e-02,7.000002776489258061e-01,6.468499228515618427e-01,-3.786498827880851792e+00,2.197827148437500141e-05,-1.026399906250000527e+01,-2.213479474414052106e+01,9.118945312500001616e-05
2.837678286076336653e-01,-5.220670549273630223e-03,7.064321520667077303e-01,5.914745265617963321e-01,-3.932952939718961982e+00,-8.101961016654966874e-03,-1.085216760635375977e+01,-1.878242492675781250e+01,2.803027629852294922e-01,2.859044907093440946e-01,8.696638686423452391e-04,7.000005018861054085e-01,5.365614177863249346e-01,-3.972980650668923364e+00,2.285838551775999888e-05,-1.178352668398981073e+01,-1.500493496852296715e+01,8.472249801600005451e-05
2.883929110352694281e-01,-4.588743325144066521e-02,7.062579644362927400e-01,4.625082427635785476e-01,-4.066676270216703415e+00,-1.741876304149627547e-02,-1.289662837982177734e+01,-1.337233304977416992e+01,-9.316802024841308594e-01,2.906564668967708265e-01,-3.948036669112797714e-02,7.000007345900932654e-01,4.114219328159107181e-01,-4.083682186938101033e+00,2.367054495121500481e-05,-1.323025611885976183e+01,-7.001507250484806377e+00,7.760265968700000663e-05
2.915972375997155086e-01,-8.688165129542366194e-02,7.061755636672975012e-01,3.204326564446088321e-01,-4.099421804398298619e+00,-8.240076899528500989e-03,-1.420755863189697266e+01,-3.274553418159484863e+00,9.178686141967773438e-01,2.940862250436507286e-01,-8.052452427558370873e-02,7.000009750491201777e-01,2.722793837109805382e-01,-4.110603099115481385e+00,2.440834801664000227e-05,-1.458002320343941882e+01,1.723159286917844035e+00,6.985567948800003335e-05
2.932889656496047159e-01,-1.272678246554733994e-01,7.060366038124562538e-01,1.691728049889203445e-01,-4.038617336004972636e+00,-1.389598548412322720e-02,-1.512598514556884766e+01,6.080446839332580566e+00,-5.655908584594726562e-01,2.960589987649104859e-01,-1.213918787277597500e-01,7.000012224887190992e-01,1.202286876801398063e-01,-4.047425963344402078e+00,2.506566030353499881e-05,-1.580758798202117354e+01,1.098463103331056523e+01,6.150929640900009733e-05
2.934465190187841022e-01,-1.661950761061908588e-01,7.059986261467935398e-01,1.575533691793645774e-02,-3.892725145071745274e+00,-3.797766566276547517e-03,-1.534174680709838867e+01,1.458921909332275391e+01,1.009821891784667969e+00,2.964522510625998697e-01,-1.611580959066988283e-01,7.000014760745000286e-01,-4.337736375600115962e-02,-3.889842714062980544e+00,2.563663499999999684e-05,-1.688661171612000089e+01,2.056528994994009807e+01,5.259330000000001025e-05
2.918288620074092621e-01,-2.026122403052451060e-01,7.059461606185437610e-01,-1.617657011374834808e-01,-3.641716419905424384e+00,-5.246552824974057630e-03,-1.775210380554199219e+01,2.510087251663208008e+01,-1.448786258697509766e-01,2.951583083913295047e-01,-1.988672084908318372e-01,7.000017349151290702e-01,-2.169170019833376595e-01,-3.635891887993173643e+00,2.611573366293500328e-05,-1.778963389373336668e+01,3.021325362861331243e+01,4.313958329100007615e-05
2.883377524518220825e-01,-2.356062315535547291e-01,7.058877471427918993e-01,-3.491109555587176283e-01,-3.299399124830961316e+00,-5.841347575187680677e-03,-1.873452544212341309e+01,3.423172950744628906e+01,-5.947947502136230469e-02,2.920871069010608223e-01,-2.335568132183030721e-01,7.000019980655182161e-01,-3.984881486054044353e-01,-3.286306667540513260e+00,2.649774751744000048e-05,-1.848804923860091520e+01,3.964129535063501208e+01,3.318219571200001379e-05
2.830385861840843398e-01,-2.645039956328275044e-01,7.058944803516866706e-01,-5.299166267737750458e-01,-2.889776407927274970e+00,6.733208894729638544e-04,-1.808056712150573730e+01,4.096227169036865234e+01,6.514668464660644531e-01,2.871690531563213522e-01,-2.642868025583542391e-01,7.000022645302308444e-01,-5.858968528470905879e-01,-2.844873723604334881e+00,2.677781928541500385e-05,-1.895208471946437712e+01,4.852576414574789254e+01,2.275739601300010487e-05
2.758519152195005875e-01,-2.883881727141144324e-01,7.059304427247049540e-01,-7.186670964583758980e-01,-2.388417708128691253e+00,3.596237301826479566e-03,-1.887504696846008301e+01,5.013586997985839844e+01,2.922916412353515625e-01,2.803580016309202838e-01,-2.901717388078568494e-01,7.000025332671081513e-01,-7.766454990509652490e-01,-2.318802857798873518e+00,2.695146554335999943e-05,-1.915077655932734046e+01,5.650550485106976595e+01,1.190370518400000107e-05
2.667674409483372644e-01,-3.065318464842441415e-01,7.059675437848570434e-01,-9.084474271163348602e-01,-1.814367377012968685e+00,3.710106015205385903e-03,-1.897803306579589844e+01,5.740503311157226562e+01,1.138687133789062500e-02,2.716343512772373403e-01,-3.104169786071113712e-01,7.000028031911210702e-01,-9.679207842661903261e-01,-1.719107444084714498e+00,2.701459960937500546e-05,-1.905194724471501289e+01,6.318077817003332797e+01,6.619593750000798218e-07
2.558216544070094356e-01,-3.183920052778723697e-01,7.060016582946779806e-01,-1.094578654132783768e+00,-1.186015879362822156e+00,3.411450982093813724e-03,-1.861312270164489746e+01,6.283514976501464844e+01,-2.986550331115722656e-02,2.610082634691601733e-01,-3.243586558689989796e-01,7.000030731784552263e-01,-1.156581465930031971e+00,-1.060995669810943731e+00,2.696355495935999689e-05,-1.862218253493414721e+01,6.811218073132486950e+01,-1.092463718399993200e-05
2.430772268992661966e-01,-3.235910555776956854e-01,7.060315598289969019e-01,-1.274442750774324340e+00,-5.199050299823290144e-01,2.990153431892397882e-03,-1.798640966415405273e+01,6.661108493804931641e+01,-4.212975502014160156e-02,2.485230036177428492e-01,-3.315076311156492928e-01,7.000033420708311471e-01,-1.339145879641992165e+00,-3.642725761678805574e-01,2.679510917241499461e-05,-1.782680847133268287e+01,7.081956514782207535e+01,-2.281045926300001239e-05
2.286323742435127093e-01,-3.219157701116803771e-01,7.060479642491342966e-01,-1.444485265575349731e+00,1.675285466015332680e-01,1.640442013740542326e-03,-1.700425148010253906e+01,6.874335765838623047e+01,-1.349711418151855469e-01,2.342584087586603858e-01,-3.315975152166285023e-01,7.000036086800672797e-01,-1.511779227030496608e+00,3.462471019493679747e-01,2.650650840544001427e-05,-1.662986838655975319e+01,7.078096007553391189e+01,-3.494740771199996039e-05
2.126297421564161405e-01,-3.133759550359848656e-01,7.060458801429273512e-01,-1.600263208709657548e+00,8.539815075695508240e-01,-2.084106206893894444e-04,-1.557779431343078613e+01,6.864529609680175781e+01,-1.848852634429931641e-01,2.183344834105344079e-01,-3.246368755228763447e-01,7.000038717928906973e-01,-1.670280633712219798e+00,1.040315296667011724e+00,2.609549239693499670e-05,-1.499409991382529483e+01,6.743149027253774364e+01,-4.728485654099997545e-05
1.952135600500553569e-01,-2.982668545675281058e-01,7.060298121910096869e-01,-1.741618210636079578e+00,1.510910046845673982e+00,-1.606795191764828898e-03,-1.413550019264221191e+01,6.569285392761230469e+01,-1.398384571075439453e-01,2.009150000000000102e-01,-3.109660000000000202e-01,7.000039999999999596e-01,-1.810070000000000068e+00,1.681815999999999978e+00,2.599999999999999840e-05,-1.288091200000000036e+01,6.016229599999999778e+01,-6.000000000000000152e-05
1.765299870964884554e-01,-2.772756964322927731e-01,7.060063123743536284e-01,-1.868357295356691150e+00,2.099115813523530605e+00,-2.349981665611264574e-03,-1.267390847206115723e+01,5.882057666778564453e+01,-7.431864738464355469e-02,1.822091098464491410e-01,-2.912951101992771741e-01,7.000042567949755767e-01,-1.927278707839553018e+00,2.237023223671844807e+00,2.533879076827699750e-05,-1.058330501482896935e+01,5.095896644782173013e+01,-7.212250099380000559e-05
1.567819108308106391e-01,-2.514693246167901131e-01,7.059860557656290059e-01,-1.974807626567781194e+00,2.580637181550264003e+00,-2.025660872459409279e-03,-1.064503312110900879e+01,4.815213680267333984e+01,3.243207931518554688e-02,1.624437689408376184e-01,-2.665243548512559735e-01,7.000045063836934922e-01,-2.022184190053696984e+00,2.702582887062850769e+00,2.455994694252800173e-05,-8.420118672384692360e+00,4.223190258749575321e+01,-8.352594860159995066e-05
1.362025200609862652e-01,-2.219276229348781659e-01,7.059922642152310912e-01,-2.057939076982438831e+00,2.954170168191194268e+00,6.208449602127098614e-04,-8.313145041465759277e+00,3.735329866409301758e+01,2.646505832672119141e-01,1.418353041250294821e-01,-2.375264845992351159e-01,7.000047476258531853e-01,-2.096125887399367116e+00,3.083231132024589982e+00,2.367068634833300109e-05,-6.390367520908256438e+00,3.397579480973318056e+01,-9.420506909339997059e-05
1.150257481762021611e-01,-1.895873577725890324e-01,7.060338494520188579e-01,-2.117677188478410688e+00,3.234026516228913906e+00,4.158523678779604479e-03,-5.973811149597167969e+00,2.798563480377197266e+01,3.537678718566894531e-01,1.205867003824592082e-01,-2.051271547028289122e-01,7.000049794535769809e-01,-2.150432398672154743e+00,3.383650848528153787e+00,2.267827385139200124e-05,-4.492866828591518313e+00,2.618530655666320683e+01,-1.041557440511999737e-04
9.347401160717008772e-02,-1.552303108033540879e-01,7.060957608263493945e-01,-2.155173656903207835e+00,3.435704696923493895e+00,6.191137433052065764e-03,-3.749646842479705811e+00,2.016781806945800781e+01,2.032613754272460938e-01,9.888771940087738577e-02,-1.701054584833071037e-01,7.000052008718210539e-01,-2.186419434166859688e+00,3.608471531446390212e+00,2.159000932812499827e-05,-2.726221835785628045e+00,1.885509957544187642e+01,-1.133751056249999892e-04
7.175278934992847246e-02,-1.195262014847996990e-01,7.061579972844125308e-01,-2.172122225724161027e+00,3.570410931855439784e+00,6.223645806312563464e-03,-1.694856882095336914e+00,1.347062349319458008e+01,3.250837326049804688e-03,7.691503913788029501e-02,-1.331944609384325129e-01,7.000054109586621998e-01,-2.205387661660124898e+00,3.762269389872211267e+00,2.041321468371199945e-05,-1.088817007209607723e+00,1.197985917186112914e+01,-1.218616317888000051e-04
5.003140242938414889e-02,-8.302912466794283575e-02,7.062332387607098694e-01,-2.172138692054432330e+00,3.649707681685685934e+00,7.524147629737856606e-03,-1.646633027121424675e-03,7.929674983024597168e+00,1.300501823425292969e-01,5.483241546400319244e-02,-9.508173000143527176e-02,7.000056088654483810e-01,-2.208620444915160075e+00,3.849567708972998048e+00,1.915521991757299845e-05,4.211947158410804803e-01,5.554319463957696712e+00,-1.296152415966000102e-04
2.825722736672494836e-02,-4.585842262029678901e-02,7.065591474514009152e-01,-2.177417506265920011e+00,3.717070204764604480e+00,3.259086906909942905e-02,-5.278814211487770081e-01,6.736252307891845703e+00,2.506672143936157227e+00,3.279086695815569552e-02,-5.640986291876248782e-02,7.000057938168066096e-01,-2.197381474708545834e+00,3.874837464381095664e+00,1.782334823628800322e-05,1.805902663285957388e+00,-4.267113643777875609e-01,-1.366373904383999538e-04
6.450270162946507985e-03,-8.829261457622361586e-03,7.071473835747243974e-01,-2.180695720377844093e+00,3.702916116267442437e+00,5.882361233234405934e-02,-3.278214111924171448e-01,-1.415408849716186523e+00,2.623274326324462891e+00,1.092888393017815707e-02,-1.777700522124175952e-02,7.000059651104963976e-01,-2.172912292379129084e+00,3.842498189120393981e+00,1.642490021395700482e-05,3.067649184050994293e+00,-5.968325809792062842e+00,-1.429311652961999903e-04
-1.494748142531145477e-02,2.757929280579058534e-02,7.075923201184274314e-01,-2.139775158825796275e+00,3.640855426341294887e+00,4.449365437030792375e-02,4.092056155204772949e+00,-6.206068992614746094e+00,-1.432995796203613281e+00,-1.062733725469997004e-02,2.026264023669988035e-02,7.000061221171000048e-01,-2.136429705899000275e+00,3.756919093069000404e+00,1.496713700000000062e-05,4.209040393859995177e+00,-1.107549179585998900e+01,-1.485013799999999927e-04
-3.589563011163383888e-02,6.290551946490971491e-02,7.079744561355115762e-01,-2.094814868632238536e+00,3.532622665911912652e+00,3.821360170841216902e-02,4.496029019355773926e+00,-1.082327604293823242e+01,-6.280052661895751953e-01,-3.176363347472344056e-02,5.719831669512587258e-02,7.000062642795407131e-01,-2.089123098466558748e+00,3.622420434958002033e+00,1.345726257439700082e-05,5.232956923026053531e+00,-1.575302741947578511e+01,-1.533546704837999866e-04
-5.634277982410978991e-02,9.672181622862784101e-02,7.083067443113328920e-01,-2.044714971247595159e+00,3.381629676371812554e+00,3.322881758213042797e-02,5.009989738464355469e+00,-1.509929895401000977e+01,-4.984784126281738281e-01,-5.237758669901476649e-02,9.256223188934709079e-02,7.000063911124183580e-01,-2.032151629621662181e+00,3.443275146906319861e+00,1.190240505036799777e-05,6.142564664242991412e+00,-2.000557569724395535e+01,-1.574995900415999885e-04
-7.621094444156163716e-02,1.286584709826108508e-01,7.085786067287923595e-01,-1.986816461745184226e+00,3.193665475398301812e+00,2.718624174594878873e-02,5.789850950241088867e+00,-1.879642009735107422e+01,-6.042575836181640625e-01,-7.237820730874000574e-02,1.259290939587087710e-01,7.000065022011529026e-01,-1.966641328882860806e+00,3.223710711491650116e+00,1.030959702449300001e-05,6.941325520376777192e+00,-2.383757931187038537e+01,-1.609467045833999795e-04
-9.540965114656840829e-02,1.583625789302584297e-01,7.087835522036554092e-01,-1.919870670500677390e+00,2.970410794764756890e+00,2.049454748630523404e-02,6.694579124450683594e+00,-2.232546806335449219e+01,-6.691694259643554688e-01,-9.168558781725710816e-02,1.569156673887658338e-01,7.000065972009273940e-01,-1.893682081906721937e+00,2.967911291357489212e+00,8.685754974271998646e-06,7.633008152256964607e+00,-2.725325535855328951e+01,-1.637086878911999874e-04
-1.138500639844639839e-01,1.854860823246833323e-01,7.089227710406782457e-01,-1.844041283789556784e+00,2.712350339442491265e+00,1.392188370227813443e-02,7.582938671112060547e+00,-2.580604553222656250e+01,-6.572663784027099609e-01,-1.102305259144680250e-01,1.851803515122100730e-01,7.000066758354195340e-01,-1.814324509169234378e+00,2.680020111356264056e+00,7.037657703124994919e-06,8.221698726468124718e+00,-3.025657009137438536e+01,-1.658004168750000062e-04
-1.314550578827690941e-01,2.096975338029858082e-01,7.090036502819063724e-01,-1.760499389830511463e+00,2.421145147830247701e+00,8.087924122810360647e-03,8.354189395904541016e+00,-2.912051916122436523e+01,-5.833959579467773438e-01,-1.279541157605955104e-01,2.104227840939095207e-01,7.000067378953132025e-01,-1.729576737169301826e+00,2.364142093228538410e+00,5.371923832831990728e-06,8.711811663141274309e+00,-3.285121366968975565e+01,-1.672390668287999970e-04
-1.481643875063816673e-01,2.307002574446793963e-01,7.090369930307867108e-01,-1.670932962361257879e+00,2.100272364169359030e+00,3.334274888038632131e-03,8.956642746925354004e+00,-3.208727836608886719e+01,-4.753649234771728516e-01,-1.448073064546048783e-01,2.323834725254180777e-01,7.000067832365804987e-01,-1.640401062154320133e+00,2.024346742818312173e+00,3.694988343412989495e-06,9.108100383745311390e+00,-3.504057490452105128e+01,-1.680442066865999698e-04
-1.639350207455643194e-01,2.482453564125295942e-01,7.090342442135812995e-01,-1.577063323918264759e+00,1.754509896785020562e+00,-2.748817205429107506e-04,9.386963844299316406e+00,-3.457624673843383789e+01,-3.609156608581542969e-01,-1.607504266024922801e-01,2.508434551543212154e-01,7.000068117785236410e-01,-1.547710506367845795e+00,1.664671289824412703e+00,2.013078160448009086e-06,9.415668058878440050e+00,-3.682771600494626796e+01,-1.682378942783999847e-04
-1.787385153367138380e-01,2.621363332661982848e-01,7.090055349509718496e-01,-1.480349459114950639e+00,1.389097685366868618e+00,-2.870926260948184275e-03,9.671386480331420898e+00,-3.654122114181518555e+01,-2.596044540405273438e-01,-1.757526739106601843e-01,2.656239952737751708e-01,7.000068235015686202e-01,-1.452365266819338530e+00,1.289124080087970858e+00,3.321867898370051467e-07,9.639978356059627274e+00,-3.821534732449120497e+01,-1.678447715861999898e-04
-1.925577872177307581e-01,2.722278826105591354e-01,7.089587772827150580e-01,-1.381927188101690795e+00,1.009154934436082396e+00,-4.675766825675967304e-03,9.842227101325988770e+00,-3.799427509307861328e+01,-1.804840564727783203e-01,-1.897915687295999576e-01,2.765863102975997800e-01,7.000068184447999498e-01,-1.355169056576001063e+00,9.016882204159993863e-01,-1.341951999999993619e-06,9.786866187519995819e+00,-3.920580210752000028e+01,-1.668921599999999847e-04
-2.053845591511997415e-01,2.784225405994054103e-01,7.088995668928624871e-01,-1.282677193346899447e+00,6.194657988846297147e-01,-5.921038985252383147e-03,9.924999475479125977e+00,-3.896891355514526367e+01,-1.245272159576416016e-01,-2.028523704731044486e-01,2.836313386462899211e-01,7.000067967032280736e-01,-1.256865338576702129e+00,5.063254759410495964e-01,-3.003891448482995602e-06,9.862548457994288142e+00,-3.980101123562653243e+01,-1.654101555737999942e-04
-2.172176652106643790e-01,2.806674691456552684e-01,7.088315118889810806e-01,-1.183310605946463090e+00,2.244928546249861379e-01,-6.805500388145449726e-03,9.936658740043640137e+00,-3.949729442596435547e+01,-8.844614028930664062e-02,-2.149274558382291977e-01,2.866995468693027127e-01,7.000067584247787744e-01,-1.158133451967979344e+00,1.069804200169395259e-01,-4.648500025791995320e-06,9.873634812512273484e+00,-4.000247797402523986e+01,-1.634317242815999877e-04
-2.280619258025615714e-01,2.789521334859725310e-01,7.087566944997313323e-01,-1.084426059189718794e+00,-1.715335659682755698e-01,-7.481738924980166176e-03,9.888454675674438477e+00,-3.960264205932617188e+01,-6.762385368347167969e-02,-2.260156577512246745e-01,2.857707795289818331e-01,7.000067038069958114e-01,-1.059584630962131513e+00,-2.924151633493639046e-01,-6.270990608347001865e-06,9.827138384190208242e+00,-3.981125271794230969e+01,-1.609927972733999886e-04
-2.379272934720573218e-01,2.733068251776691882e-01,7.086761096458438214e-01,-9.865367669495759273e-01,-5.645308308303360612e-01,-8.058485388755800768e-03,9.788929224014282227e+00,-3.929972648620605469e+01,-5.767464637756347656e-02,-2.361215639646597197e-01,2.808641543714833211e-01,7.000066330934470171e-01,-9.617579162174020313e-01,-6.879376245298645109e-01,-7.866950606848004487e-06,9.730486542022239504e+00,-3.922790773900658223e+01,-1.581323661311999937e-04
-2.468280947915698631e-01,2.638017117622491470e-01,7.085900262634757807e-01,-8.900801319512543497e-01,-9.505113415420060052e-01,-8.608338236808779284e-03,9.645663499832153320e+00,-3.859805107116699219e+01,-5.498528480529785156e-02,-2.452547742309570955e-01,2.720380053100583395e-01,7.000065465698241951e-01,-8.651159587402350581e-01,-1.075666540771484048e+00,-9.432373046875004041e-06,9.591531638671868976e+00,-3.825251193164064034e+01,-1.548925781249999739e-04
-2.547822963891738235e-01,2.505460859853025912e-01,7.084982731680873336e-01,-7.954201597603973717e-01,-1.325562577694654909e+00,-9.175309538841250681e-03,9.465997219085693359e+00,-3.750512361526489258e+01,-5.669713020324707031e-02,-2.534291149775623753e-01,2.593898757460574855e-01,7.000064445597279361e-01,-7.700407163096303353e-01,-1.451679556155978101e+00,-1.096368860204799511e-05,9.418561758263352957e+00,-3.688460555945182762e+01,-1.513188314687999834e-04
-2.618107875470958024e-01,2.336875475439425809e-01,7.084004723470214149e-01,-7.028491157921966659e-01,-1.685853844136000035e+00,-9.780082106590273772e-03,9.257104396820068359e+00,-3.602912664413452148e+01,-6.047725677490234375e-02,-2.606618104089668542e-01,2.430565647530179008e-01,7.000063274201268060e-01,-6.768290424235781089e-01,-1.812046969023726639e+00,-1.245779857974700386e-05,9.220311464173134297e+00,-3.512317500162335193e+01,-1.474598705765999712e-04
-2.679366882513930515e-01,2.134109654891487295e-01,7.082962611656191676e-01,-6.125900704297241317e-01,-2.027658205479383913e+00,-1.042111814022064417e-02,9.025904536247253418e+00,-3.418043613433837891e+01,-6.410360336303710938e-02,-2.669726089608039921e-01,2.232142286491901051e-01,7.000061955364819122e-01,-5.856881677675773723e-01,-2.152826066861440957e+00,-1.391210885939200877e-05,9.005972546821324087e+00,-3.296662749930517577e+01,-1.433678813183999980e-04
-2.731846606987017867e-01,1.899372692051526090e-01,7.081855964701178063e-01,-5.247972447308716371e-01,-2.347369628399611052e+00,-1.106646955013275424e-02,8.779282569885253906e+00,-3.197114229202270508e+01,-6.453514099121093750e-02,-2.723828640312432880e-01,2.000785404838709147e-01,7.000060493175279674e-01,-4.967310742052428729e-01,-2.470055208653807899e+00,-1.532456478328300179e-05,8.785204771463059004e+00,-3.041276590200516239e+01,-1.390985862761999394e-04
-2.775800975405798843e-01,1.635225378888841563e-01,7.080693812708857005e-01,-4.395436841878113121e-01,-2.641473131626844939e+00,-1.162151992321014751e-02,8.525356054306030273e+00,-2.941035032272338867e+01,-5.550503730773925781e-02,-2.769145679149001005e-01,1.739049099628997563e-01,7.000058891896999702e-01,-4.099717612909998810e-01,-2.759747654698999408e+00,-1.669368700000000699e-05,8.568146625979993658e+00,-2.745876341397998033e+01,-1.347113399999999475e-04
-2.811477976471140616e-01,1.344588023516531949e-01,7.079510099332334550e-01,-3.567700106534180127e-01,-2.906373553723097469e+00,-1.183713376522064521e-02,8.277367353439331055e+00,-2.649004220962524414e+01,-2.156138420104980469e-02,-2.805893378644816472e-01,1.449887663386780212e-01,7.000057155911967310e-01,-3.253204053048619482e-01,-3.017885143888138888e+00,-1.801860826036298882e-05,8.365426068671711235e+00,-2.410113834062647697e+01,-1.302692242637999904e-04
-2.839089673972410854e-01,1.030809765624996072e-01,7.078401927690507467e-01,-2.761169750127014377e-01,-3.137782578915358389e+00,-1.108171641826630020e-02,8.065303564071655273e+00,-2.314090251922607422e+01,7.554173469543457031e-02,-2.834273532053928624e-01,1.136659067900777087e-01,7.000055289656724744e-01,-2.425784108092878810e-01,-3.240411218448646213e+00,-1.929911116595199575e-05,8.188171276047155445e+00,-2.033572883487214256e+01,-1.258391433216000433e-04
-2.858733148974787475e-01,6.979232206374366698e-02,7.077604031603337287e-01,-1.964347500237640376e-01,-3.328865449875594074e+00,-7.978960871696475637e-03,7.968222498893737793e+00,-1.910828709602355957e+01,3.102755546569824219e-01,-2.854462424285203470e-01,8.031291281759456169e-02,7.000053297555449694e-01,-1.614333547281399106e-01,-3.423224296151487156e+00,-2.053566687018699698e-05,8.048021390616030502e+00,-1.615766764356669682e+01,-1.214919191633999807e-04
-2.870307589758375744e-01,3.509313616335350827e-02,7.077391891818047842e-01,-1.157444078358825651e-01,-3.469918590039015704e+00,-2.121397852897647165e-03,8.069034218788146973e+00,-1.410531401634216309e+01,5.857563018798828125e-01,-2.866599191864159235e-01,4.534763717911149961e-02,7.000051183949131950e-01,-8.145382294771330578e-02,-3.562170489982380506e+00,-2.172947473196800195e-05,7.957137268680332554e+00,-1.156135685387272360e+01,-1.173023867711999428e-04
-2.874058490569658675e-01,-5.701214876775162477e-04,7.077040947120191161e-01,-3.750900811282958935e-02,-3.566325765103102619e+00,-3.509446978569034231e-03,7.823539972305297852e+00,-9.640717506408691406e+00,-1.388049125671386719e-01,-2.870773661181025282e-01,9.229763891624831462e-03,7.000048953020726605e-01,-2.084139439860743792e-03,-3.653036175276859421e+00,-2.288250292187500175e-05,7.928212228125628869e+00,-6.540442639656902202e+00,-1.133494893749999573e-04
-2.870310277702009527e-01,-3.678589190363926870e-02,7.077441007833482622e-01,3.748212867649231006e-02,-3.621577041596175217e+00,4.000607132911678833e-03,7.499113678932189941e+00,-5.525127649307250977e+00,7.510054111480712891e-01,-2.867013654277201229e-01,-2.753855617568856662e-02,7.000046608716199437e-01,7.736101209280876745e-02,-3.691540304319259835e+00,-2.399752998092798993e-05,7.974482796212631897e+00,-1.087790007881139331e+00,-1.097163737087999806e-04
-2.859431432433847675e-01,-7.292220228731675913e-02,7.077956683676244198e-01,1.087884526816192687e-01,-3.613631038367749237e+00,5.156758427619930786e-03,7.130632400512695312e+00,7.946003228425979614e-01,1.156151294708251953e-01,-2.855271751422344684e-01,-6.441199159172841804e-02,7.000044154661382301e-01,1.577020740496264395e-01,-3.673326468405671452e+00,-2.507818733190700180e-05,8.109739457368570825e+00,4.804542455006696855e+00,-1.064904852665999257e-04
-2.840718302264066963e-01,-1.086259248685841339e-01,7.078376238684656041e-01,1.871313016978088384e-01,-3.570372258126736753e+00,4.195550084114071758e-03,7.834284901618957520e+00,4.325878024101257324e+00,-9.612083435058593750e-02,-2.835411499734302176e-01,-1.008012360116642137e-01,7.000041594074509765e-01,2.399002082425001348e-01,-3.593954707370703883e+00,-2.612900274323200268e-05,8.348337400978612877e+00,1.114532783668151694e+01,-1.037636635583999748e-04
-2.812681089958131708e-01,-1.428546901029353056e-01,7.079664545695782962e-01,2.803721230593506086e-01,-3.422876523435117058e+00,1.288307011127471507e-02,9.324082136154174805e+00,1.474957346916198730e+01,8.687520027160644531e-01,-2.807193057094067301e-01,-1.360721306577241108e-01,7.000038929674377020e-01,3.250629966844322816e-01,-3.448893066578211819e+00,-2.715544474540299802e-05,8.705207269177288154e+00,1.794419615255011990e+01,-1.016322373661999025e-04
-2.775733240750341002e-01,-1.747837650907044516e-01,7.081671875457764553e-01,3.694784920779052850e-01,-3.192907498776913933e+00,2.007329761981963695e-02,8.910636901855468750e+00,2.299690246582031250e+01,7.190227508544921875e-01,-2.770250000000000212e-01,-1.695440000000000003e-01,7.000039999999999596e-01,4.144510000000000138e-01,-3.233509000000000189e+00,-2.799999999999999958e-05,9.195866000000000540e+00,2.521165999999999840e+01,-1.000000000000000048e-04
-2.730455789658662313e-01,-2.040304954034095064e-01,7.084938396255970883e-01,4.527745109167877202e-01,-2.924673031270505152e+00,3.266520798206329346e-02,8.329601883888244629e+00,2.682344675064086914e+01,1.259191036224365234e+00,-2.724117759206454159e-01,-2.004985971076302387e-01,7.000037150165926425e-01,5.090399226174833203e-01,-2.945933398159663597e+00,-2.899506163844299948e-05,9.703545523299720088e+00,3.209871783134268242e+01,-9.902784918580000563e-05
-2.675707658807004452e-01,-2.301247210335736759e-01,7.087939278225899864e-01,5.474813085165801674e-01,-2.609422563016415619e+00,3.000881969928741524e-02,9.470679759979248047e+00,3.152504682540893555e+01,-2.656388282775878906e-01,-2.668291118172329557e-01,-2.282533467831518448e-01,7.000034201296897463e-01,6.081561120420523325e-01,-2.595544293750967402e+00,-2.998084121875199963e-05,1.010149325037179047e+01,3.778293456880565060e+01,-9.814094354560000161e-05
-2.610671124921136177e-01,-2.524668216389422959e-01,7.090312272946835970e-01,6.503653388586821960e-01,-2.234210060536862219e+00,2.372994720935821603e-02,1.028840303421020508e+01,3.752125024795532227e+01,-6.278872489929199219e-01,-2.602372032394319468e-01,-2.522393919756168446e-01,7.000031154281172174e-01,7.107078610907333616e-01,-2.194110210180102438e+00,-3.095811056814700205e-05,1.039087125233717224e+01,4.231655196712032563e+01,-9.732302934940000223e-05
-2.535053196601292913e-01,-2.705945868027215817e-01,7.092072930078507920e-01,7.561792831984344154e-01,-1.812776516377926583e+00,1.760657131671905518e-02,1.058139443397521973e+01,4.214335441589355469e+01,-6.123375892639160156e-01,-2.526071006506350192e-01,-2.720029226480374929e-01,7.000028009938085161e-01,8.156163059592758113e-01,-1.752869442842107439e+00,-3.192747506892799095e-05,1.057308865479004112e+01,4.575336217554040985e+01,-9.655706705920000742e-05
-2.448773556588639266e-01,-2.841890606266265773e-01,7.093309848349096391e-01,8.627964001265350236e-01,-1.359447382390499781e+00,1.236918270587921212e-02,1.066171169281005859e+01,4.533291339874267578e+01,-5.237388610839843750e-01,-2.439205683893500842e-01,-2.871997971473741473e-01,7.000024769035085859e-01,9.218179723959993854e-01,-1.282514906123018994e+00,-3.288936567187499205e-05,1.064981676362000051e+01,4.814863754836311216e+01,-9.582520562500000325e-05
-2.351853184526043750e-01,-2.930484222602849909e-01,7.094143050055505828e-01,9.692037206259551674e-01,-8.859361633658415780e-01,8.332017064094544498e-03,1.064073204994201660e+01,4.735112190246582031e+01,-4.037165641784667969e-01,-2.341699174125632665e-01,-2.975900155540164294e-01,7.000021432305592040e-01,1.028267473133852583e+00,-7.931796822968615324e-01,-3.384403065260799145e-05,1.062300419083427983e+01,4.955906045545012972e+01,-9.510875678080001180e-05
-2.244387854348824096e-01,-2.970576638263469627e-01,7.094696456830503761e-01,1.074653301772195313e+00,-4.009241566061980122e-01,5.534067749977112684e-03,1.054495811462402344e+01,4.850120067596435547e+01,-2.797949314117431641e-01,-2.233578103084892796e-01,-3.030320520297106190e-01,7.000018000467683743e-01,1.133940356580705133e+00,-2.944232723173771937e-01,-3.479152711090699186e-05,1.049489198037995052e+01,5.004265309274889262e+01,-9.438816934060000562e-05
-2.126533925729526819e-01,-2.961778177154069658e-01,7.095079266767504445e-01,1.178539286192971769e+00,8.798461109399730029e-02,3.828099370002747363e-03,1.038859844207763672e+01,4.889087677001953125e+01,-1.705968379974365234e-01,-2.114970370661284904e-01,-3.034770531828764328e-01,7.000014474243649865e-01,1.237836106767855160e+00,2.047814514954344745e-01,-3.573171221299199275e-05,1.026802873396613336e+01,4.965870729281373031e+01,-9.364300349440001176e-05
-1.998511189603668359e-01,-2.904469259959464589e-01,7.095380716364386720e-01,1.280227361258584606e+00,5.730891719460480260e-01,3.014495968818665331e-03,1.016880750656127930e+01,4.851045608520507812e+01,-8.136034011840820312e-02,-1.986102600890472247e-01,-2.989629094702644929e-01,7.000010854380436243e-01,1.338981294556762514e+00,6.960605908739871950e-01,-3.666423417676299614e-05,9.945285736886203765e+00,4.846771433532694573e+01,-9.285190510420001265e-05
-1.860617118448207874e-01,-2.799834712576871332e-01,7.095670992474558680e-01,1.378940711554605070e+00,1.046345473825930794e+00,2.902761101722718153e-03,9.871335029602050781e+00,4.732563018798828125e+01,-1.117348670959472656e-02,-1.847297269408000320e-01,-2.896082066539000799e-01,7.000007141670999689e-01,1.436432880103999832e+00,1.171650865126998564e+00,-3.758852299999999722e-05,9.529872083840000840e+00,4.653129475762001732e+01,-9.199258000000000955e-05
-1.713241996324577077e-01,-2.649887569826846478e-01,7.096003112237456723e-01,1.473751221236306641e+00,1.499471427500247200e+00,3.321197628974915245e-03,9.481050968170166016e+00,4.531259536743164062e+01,4.184365272521972656e-02,-1.698969493094112937e-01,-2.756060643322624237e-01,7.000003336976602375e-01,1.529281666584430877e+00,1.624410552768583482e+00,-3.850378093152300059e-05,9.025349804756039873e+00,4.391212816519469442e+01,-9.104176827580000471e-05
-1.556876369459277709e-01,-2.457464965116982758e-01,7.096415296535495409e-01,1.563656268652993564e+00,1.924226047098635872e+00,4.121842980384827701e-03,8.990504741668701172e+00,4.247546195983886719e+01,8.006453514099121094e-02,-1.541623466783336172e-01,-2.572178685646468455e-01,6.999999441250077670e-01,1.616655905172606822e+00,2.047829731252563068e+00,-3.940897268531200106e-05,8.435648990613708875e+00,4.067388304224419926e+01,-8.997521858560001058e-05
-1.392106010843490171e-01,-2.226180599313979380e-01,7.096937339346411910e-01,1.647703586157876376e+00,2.312843658030032223e+00,5.220428109169007215e-03,8.404731750488281250e+00,3.886176109313964844e+01,1.098585128784179688e-01,-1.375848531913015649e-01,-2.347669056076577276e-01,6.999995455560080737e-01,1.697725051282386044e+00,2.436039814811989057e+00,-4.030281539758699683e-05,7.765082919265491768e+00,3.688114656217432952e+01,-8.876766243940000488e-05
-1.219595347161593901e-01,-1.960322037172322618e-01,7.097607660632136994e-01,1.725106636818963368e+00,2.658585621416567957e+00,6.703212857246399793e-03,7.740305066108703613e+00,3.457419633865356445e+01,1.482784748077392578e-01,-1.202314861984978278e-01,-2.086319037827802370e-01,6.999991381116359435e-01,1.771703672064776747e+00,2.783822390403867697e+00,-4.118376832684800108e-05,7.018363181259159589e+00,3.259935439812458213e+01,-8.739278849920000761e-05
-1.040066250862509978e-01,-1.664687896054988236e-01,7.098508735339644771e-01,1.795290962990838457e+00,2.956341411173343037e+00,9.010747075080871582e-03,7.018432617187500000e+00,2.977557897567749023e+01,2.307534217834472656e-01,-1.021768749714499769e-01,-1.792404904939788046e-01,6.999987219296069929e-01,1.837855505164000203e+00,3.086617351759109784e+00,-4.205002229687500467e-05,6.200614805659998119e+00,2.789472053348937663e+01,-8.582321687500000899e-05
-8.542807923636427936e-02,-1.344358711373811188e-01,7.099825968484881900e-01,1.857854584988671620e+00,3.203291846811770593e+00,1.317233145236968925e-02,6.256362199783325195e+00,2.469504356384277344e+01,4.161584377288818359e-01,-8.350274807407540023e-02,-1.470625714142704543e-01,6.999982971671157017e-01,1.895497668731776830e+00,3.340530331537679753e+00,-4.289948888268799144e-05,5.317391385873005305e+00,2.283416707243912924e+01,-8.403047342080001935e-05
-6.630343533302221481e-02,-1.004378578644996162e-01,7.101924557130340210e-01,1.912464390334206898e+00,3.399801327288149988e+00,2.098588645458221436e-02,5.460980534553527832e+00,1.965094804763793945e+01,7.813555002212524414e-01,-6.429737787729189469e-02,-1.126036388602180138e-01,6.999978640036829125e-01,1.944005022699835994e+00,3.542339431588973131e+00,-4.372978933946699946e-05,4.374690205465073589e+00,1.748525405044137315e+01,-8.198496403060001061e-05
-4.671649264900044202e-02,-6.493290804147773543e-02,7.105383411984447228e-01,1.958694268402177086e+00,3.550494982302188074e+00,3.458854854106903354e-02,4.622987806797027588e+00,1.506936550140380859e+01,1.360266208648681641e+00,-4.465498070461312863e-02,-7.639801637329876605e-02,6.999974226441157965e-01,1.982814681310644644e+00,3.689501251317375274e+00,-4.453824327443199778e-05,3.378967363987256611e+00,1.191610924478191968e+01,-7.965594893440002043e-05
-2.675587345631358707e-02,-2.831151303470188368e-02,7.110711498301032218e-01,1.996061919268685481e+00,3.662139500677584980e+00,5.328086316585541049e-02,3.736765086650848389e+00,1.116445183753967285e+01,1.869231462478637695e+00,-2.467507109614480720e-02,-3.900204652708630371e-02,6.999969733215818390e-01,2.011430676906358794e+00,3.780156214153060912e+00,-4.532185706168299878e-05,2.337152902796927556e+00,6.195357985086186403e+00,-7.701151699420001238e-05
-6.503800753103892301e-03,8.911829756497791077e-03,7.117554877738955232e-01,2.025207270320969588e+00,3.722334279119967615e+00,6.843379437923431674e-02,2.914535105228424072e+00,6.019477844238281250e+00,1.515293121337890625e+00,-4.461768678400090948e-03,-9.872289792003385855e-04,6.999965163007999536e-01,2.029428774976000049e+00,3.813133192127999838e+00,-4.607731199999999961e-05,1.256665930880002335e+00,3.920529638400438444e-01,-7.401856000000002066e-05
1.375863683461643963e-02,4.577844780862276586e-02,7.126398299376967005e-01,2.026243758772033221e+00,3.686661805212497089e+00,8.843421638011933483e-02,1.036488451063632965e-01,-3.567247390747070312e+00,2.000042200088500977e+00,1.587694387264715346e-02,3.706668421302916627e-02,6.999960518813520549e-01,2.036461440460850536e+00,3.787953428557151891e+00,-4.680095221360299667e-05,1.454297506731609957e-01,-5.424395953088883005e+00,-7.064274696580002391e-05
3.424185017559643052e-02,8.166725607395117215e-02,7.132364749054911357e-01,2.048321334097999102e+00,3.588880826532840018e+00,5.966449677944184182e-02,2.207757532596588135e+00,-9.778097867965698242e+00,-2.876971960067749023e+00,3.623001328785480091e-02,7.457862899423606251e-02,6.999955804011158689e-01,2.032262955318073772e+00,3.704833758824911616e+00,-4.748877229587199846e-05,-9.881130161139690671e-01,-1.118429191593000027e+01,-6.684849842560000859e-05
5.458655960746540414e-02,1.164807260948413914e-01,7.135785106461051130e-01,2.034470943186896807e+00,3.481347002089022702e+00,3.420357406139374473e-02,-1.385039091110229492e+00,-1.075338244438171387e+01,-2.546092271804809570e+00,5.648416009313167452e-02,1.109731984110834124e-01,6.999951022398234191e-01,2.016654687342551266e+00,3.564689129276723545e+00,-4.813640469602700311e-05,-2.134985302676589924e+00,-1.681772128048882209e+01,-6.259896072940000539e-05
7.461104648274334561e-02,1.498518802988523524e-01,7.137421263198855392e-01,2.002448687527793592e+00,3.337115420401095545e+00,1.636156737804413466e-02,-3.202225565910339355e+00,-1.442315816879272461e+01,-1.784200668334960938e+00,7.652477644216681973e-02,1.456876333917706823e-01,6.999946178227463012e-01,1.989550510246948622e+00,3.369134414215931184e+00,-4.873910684876800144e-05,-3.285660471292519702e+00,-2.225462379762562293e+01,-5.785598033920000358e-05
9.424659701721241345e-02,1.810994242447608871e-01,7.137923143546583971e-01,1.963555053446906840e+00,3.124754394590854023e+00,5.018803477287298725e-03,-3.889363408088684082e+00,-2.123610258102416992e+01,-1.134276390075683594e+00,9.623687890625004515e-02,1.781788281860348377e-01,6.999941276245116306e-01,1.950962375000000026e+00,3.120485531005860569e+00,-4.929174804687499881e-05,-4.430047187500003147e+00,-2.742486280273436350e+01,-5.258007812500000095e-05
1.134178952585715855e-01,2.095726187396043660e-01,7.137794981341364364e-01,1.917129824135917371e+00,2.847319449484347675e+00,-1.281622052192682090e-03,-4.642522931098937988e+00,-2.774349451065063477e+01,-6.300425529479980469e-01,1.155061177337665668e-01,2.079303434466990008e-01,6.999936321730498845e-01,1.901006032423012915e+00,2.821759853277038044e+00,-4.978879605676800156e-05,-5.557474294275483118e+00,-3.225829540522154559e+01,-4.673042366079999268e-05
1.320216141709169289e-01,2.347450205403560364e-01,7.137372859756948573e-01,1.860371891234534836e+00,2.517240180075167810e+00,-4.221215844154352706e-03,-5.675793290138244629e+00,-3.300792694091796875e+01,-2.939593791961669922e-01,1.342198440919484259e-01,2.344594199338192742e-01,6.999931320536781909e-01,1.839906907044599027e+00,2.476675922239722549e+00,-5.022430347702700192e-05,-6.656675686211414700e+00,-3.668484267798505982e+01,-4.026480952059999420e-05
1.499414633637569660e-01,2.561887429225438995e-01,7.136852075796129569e-01,1.791984919284003830e+00,2.144372238218783533e+00,-5.207839608192438817e-03,-6.838697195053100586e+00,-3.728679418563842773e+01,-9.866237640380859375e-02,1.522682368034629086e-01,2.573239858224818377e-01,6.999926279133212859e-01,1.768006122213625630e+00,2.089652456101572131e+00,-5.059189383987200205e-05,-7.715775183694033146e+00,-4.063455984689313993e+01,-3.313962557439998941e-05
1.670639457586729493e-01,2.735436486619705065e-01,7.136338480155470787e-01,1.712248239491599655e+00,1.735490573942660486e+00,-5.135956406593317723e-03,-7.973667979240417480e+00,-4.088816642761230469e+01,7.188320159912109375e-03,1.695454900904230233e-01,2.761296505953066971e-01,6.999921204648730244e-01,1.685766676470386471e+00,1.665806657590532591e+00,-5.088474745560300267e-05,-8.722271407081164440e+00,-4.403770648026304002e+01,-2.530983328419996706e-05
1.832860152364517992e-01,2.865052223968500011e-01,7.135888026099207471e-01,1.622206947777885100e+00,1.296157373487948572e+00,-4.504540562629695023e-03,-9.004129171371459961e+00,-4.393332004547119141e+01,6.314158439636230469e-02,1.859510638384000991e-01,2.905366785006995300e-01,6.999916104917000004e-01,1.593779771175999560e+00,1.210951819582999800e+00,-5.109558699999999689e-05,-9.663022650880003894e+00,-4.682481667833997108e+01,-1.672893999999997743e-05
1.985174660084811360e-01,2.948236348348849956e-01,7.135528296272757309e-01,1.523145077202934017e+00,8.318412438035003298e-01,-3.597298264503474320e-03,-9.906187057495117188e+00,-4.643161296844482422e+01,9.072422981262207031e-02,2.013909978930213396e-01,3.002669345579190852e-01,6.999910988522912714e-01,1.492771289400022461e+00,7.315942288370740343e-01,-5.121666284468299644e-05,-1.052423175792493204e+01,-4.892676926277611926e+01,-7.348973255799938270e-06
2.126812332029729413e-01,2.983085492718213771e-01,7.135271792154315174e-01,1.416376719449180310e+00,3.484914436936370485e-01,-2.565041184425349233e-03,-1.067683577537536621e+01,-4.833498001098632812e+01,1.032257080078125000e-01,2.157792919017355593e-01,3.051107960899942517e-01,6.999905864850557435e-01,1.383608426066291752e+00,2.349293678311905609e-01,-5.123973813043199534e-05,-1.129143099355525770e+01,-5.027485796610908153e+01,2.879544934400078086e-06
2.257128957622260845e-01,2.968402729052299072e-01,7.135132569711211126e-01,1.303166255925315653e+00,-1.468276366591461657e-01,-1.392224431037897931e-03,-1.132104635238647461e+01,-4.953190803527832031e+01,1.172816753387451172e-01,2.290393522133272186e-01,3.049340227655649160e-01,6.999900744132705466e-01,1.267306469356987986e+00,-2.711625852922350255e-01,-5.115607358346699985e-05,-1.194946691979306941e+01,-5.080086162124122495e+01,1.400762378060007945e-05
2.375591649880441913e-01,2.903902198243135113e-01,7.135148173909190428e-01,1.184626922581809794e+00,-6.450053080916413606e-01,1.560419797897389174e-04,-1.185393333435058594e+01,-4.981776714324951172e+01,1.548266410827636719e-01,2.411055073477624267e-01,2.996845781306731737e-01,6.999895637501813983e-01,1.145035733374912379e+00,-7.781219586777514685e-01,-5.095641207468799583e-05,-1.248248526952100157e+01,-5.043711435091827866e+01,2.608782942080009029e-05
2.481759410726879778e-01,2.790416863280528736e-01,7.135373479168418687e-01,1.061677608464378197e+00,-1.134853349626065100e+00,2.253052592277531886e-03,-1.229493141174316406e+01,-4.898480415344238281e+01,2.097010612487792969e-01,2.519245935489499710e-01,2.893993956115799016e-01,6.999890557042600658e-01,1.018128642063998335e+00,-1.276715490602771341e+00,-5.063096292187500272e-05,-1.287391582066000417e+01,-4.911657575720809632e+01,3.917431062500012896e-05
2.575297192916548572e-01,2.629810699689382192e-01,7.135793914537433835e-01,9.353778218966901647e-01,-1.606061635911465446e+00,4.204353690147405453e-03,-1.262997865676879883e+01,-4.712082862854003906e+01,1.951301097869873047e-01,2.614576119329976023e-01,2.742110819696449431e-01,6.999885515846194783e-01,8.880869643880411335e-01,-1.757042935218140034e+00,-5.016938593484800396e-05,-1.310645727034716224e+01,-4.677290111097985914e+01,5.332282449919981896e-05
2.656031144005753797e-01,2.424703069347136919e-01,7.136235591809753087e-01,8.073395108920514707e-01,-2.051076303422451730e+00,4.416772723197942736e-03,-1.280383110046386719e+01,-4.450146675109863281e+01,2.124190330505371094e-02,2.696814587445464650e-01,2.543545511893255950e-01,6.999880528065892671e-01,7.565892007676355835e-01,-2.208544370183607608e+00,-4.956077520358701145e-05,-1.316206210911349395e+01,-4.334051154138232675e+01,6.859076218939981625e-05
2.724053126673022796e-01,2.178570653963082804e-01,7.136408278088572921e-01,6.802198266726910969e-01,-2.461324153840542373e+00,1.726862788200383882e-03,-1.271196842193603516e+01,-4.102478504180908203e+01,-2.689909934997558594e-01,2.765907302337665130e-01,2.301735817803551021e-01,6.999875608974550634e-01,6.254981207753600447e-01,-2.620008206197895539e+00,-4.879364262931200650e-05,-1.302192149506171326e+01,-3.875466422532340971e+01,8.503717458559980778e-05
2.779795801498037289e-01,1.896134828048938181e-01,7.136034660379889649e-01,5.574267482501447102e-01,-2.824358259141445782e+00,-3.736177086830134043e-03,-1.227930784225463867e+01,-3.630341053009033203e+01,-5.463039875030517578e-01,2.821996036665950780e-01,2.021272904751326982e-01,6.999870775023644409e-01,4.968684520891676337e-01,-2.979579898423826645e+00,-4.785590119852300793e-05,-1.266645012804404224e+01,-3.295152257694861930e+01,1.027227980257998304e-04
2.823599634980125672e-01,1.583169209825986135e-01,7.135148070793154718e-01,4.380383348208844452e-01,-3.129656182229519690e+00,-8.865895867347713122e-03,-1.193884134292602539e+01,-3.052979230880737305e+01,-5.129718780517578125e-01,2.865437959807997648e-01,1.707965153024001148e-01,6.999866043903999469e-01,3.729547207039995982e-01,-3.274771359808007709e+00,-4.673484800000001676e-05,-1.207527112384000922e+01,-2.586822643712009651e+01,1.217100799999998550e-04
2.854704381796107082e-01,1.245237203854315938e-01,7.134985904138091417e-01,3.110474681598126567e-01,-3.379320059716702129e+00,-1.621666550636287341e-03,-1.269908666610717773e+01,-2.496638774871826172e+01,7.244229316711425781e-01,2.896804585753109396e-01,1.368819675226650157e-01,6.999855263286056672e-01,2.556808593557358122e-01,-3.495524120981126526e+00,-4.670136017626402966e-05,-1.138936773704689642e+01,-1.836132383110788169e+01,1.397507066215995667e-04
2.873481879561948227e-01,8.896896507024698586e-02,7.134308446984294338e-01,1.877749776584088370e-01,-3.555475531518459853e+00,-6.774571537971492939e-03,-1.232724905014038086e+01,-1.761554718017578125e+01,-5.152904987335205078e-01,2.916784844303857427e-01,1.011278754638915978e-01,6.999850666332908533e-01,1.449682774519293060e-01,-3.643568369876138746e+00,-4.520458251929603357e-05,-1.076296733293228058e+01,-1.132569799235137076e+01,1.596223222911995849e-04
2.880824775782455105e-01,5.230094042599134352e-02,7.132845858376029025e-01,7.342896220507021121e-02,-3.666802464425564345e+00,-1.462588608264922888e-02,-1.143460154533386230e+01,-1.113269329071044922e+01,-7.851314544677734375e-01,2.925997280757903218e-01,6.423732306886903443e-02,6.999846229009426546e-01,4.022733364148817214e-02,-3.723594308255284702e+00,-4.350862012965603815e-05,-1.019481374840167653e+01,-4.756947954650538435e+00,1.795819168487996272e-04
2.877872092569521145e-01,1.553731768757037751e-02,7.131655933599474473e-01,-2.952683212934141543e-02,-3.676362273842096684e+00,-1.189924776554107493e-02,-1.029557943344116211e+01,-9.559809416532516479e-01,2.726638317108154297e-01,2.925010170644067320e-01,2.686722010945116756e-02,6.999841971272209307e-01,-5.911729811051952277e-02,-3.740249647861084270e+00,-4.161277046374404055e-05,-9.683443031304610926e+00,1.349099623576467621e+00,1.995935197183996350e-04
2.865785894594662375e-01,-2.072924272537298579e-02,7.130620053451063312e-01,-1.208619797485888520e-01,-3.626656041294336497e+00,-1.035880148410796980e-02,-9.133514761924743652e+00,4.970623254776000977e+00,1.540446281433105469e-01,2.914335024900960858e-01,-1.037179558642900568e-02,6.999837913129594025e-01,-1.536252180287327462e-01,-3.698141405329844922e+00,-3.951670662500004192e-05,-9.227171902760632705e+00,6.996414327106151632e+00,2.196179424999996710e-04
2.844901784618193430e-01,-5.620869668394394558e-02,7.130007704834939730e-01,-2.088410997646868716e-01,-3.547945395857095896e+00,-6.123486161231993068e-03,-8.797912001609802246e+00,7.871064543724060059e+00,4.235315322875976562e-01,2.894428274190358752e-01,-4.691496098102576617e-02,6.999834074602455658e-01,-2.438380451910276969e-01,-3.601837822606247741e+00,-3.722051042918404003e-05,-8.824085343325323905e+00,1.218878541460254894e+01,2.396126015615996827e-04
2.815423912720795840e-01,-9.027408301651546063e-02,7.129589520733358166e-01,-2.947787189739764502e-01,-3.406538633257151005e+00,-4.181841015815732782e-03,-8.593761920928955078e+00,1.414067625999450684e+01,1.941645145416259766e-01,2.865693184951124683e-01,-8.224300870565853794e-02,6.999830475681607656e-01,-3.302770380537083383e-01,-3.455870053051009361e+00,-3.472470724373604356e-05,-8.472024179156308676e+00,1.692984524931004842e+01,2.595313406311996985e-04
2.777243642284808467e-01,-1.226463281270868400e-01,7.129496774415972071e-01,-3.818027043598712367e-01,-3.237224511057138709e+00,-9.274631738662698043e-04,-8.702398538589477539e+00,1.693141222000122070e+01,3.254377841949462891e-01,2.828482019607542752e-01,-1.158818036291316966e-01,6.999827136281631113e-01,-4.134405908383567141e-01,-3.264733613241613153e+00,-3.203030260121604019e-05,-8.168572668179255203e+00,2.122309272974637651e+01,2.793242533887996997e-04
2.730697069597005644e-01,-1.529981956017024136e-01,7.129116190116407958e-01,-4.654657268780292290e-01,-3.035186747461557477e+00,-3.805842995643613814e-03,-8.366302251815795898e+00,2.020377635955810547e+01,-2.878379821777343750e-01,2.783098453345877465e-01,-1.474019927726270551e-01,6.999824076190953592e-01,-4.938016057803435999e-01,-3.032889600466112334e+00,-2.913882058682404060e-05,-7.911046086253890053e+00,2.507191672039537877e+01,2.989375060583997624e-04
2.676171555707039240e-01,-1.809084064868099473e-01,7.128274584155085414e-01,-5.452551388996661474e-01,-2.791021088510751813e+00,-8.416059613227843544e-03,-7.978941202163696289e+00,2.441656589508056641e+01,-4.610216617584228516e-01,2.729800259873000901e-01,-1.764186662279996209e-01,6.999821315017999979e-01,-5.718047412389989370e-01,-2.764765675910003218e+00,-2.605234400000004230e-05,-7.696478313340002764e+00,2.847961948239996133e+01,3.183131599999997671e-04
2.614181898779276425e-01,-2.060231344980008317e-01,7.126972062628271765e-01,-6.198965692776263747e-01,-2.511472801119089215e+00,-1.302521526813506941e-02,-7.464143037796020508e+00,2.795482873916625977e+01,-4.609155654907226562e-01,2.668802278570915898e-01,-2.025910267364076089e-01,6.999818872133239944e-01,-6.478635356694426584e-01,-2.464756813536171709e+00,-2.277355629010404233e-05,-7.521609419663455753e+00,3.144944010425494696e+01,3.373889943015997571e-04
2.545147286359494276e-01,-2.280414205250150816e-01,7.125550476055148019e-01,-6.903461241978229301e-01,-2.201828602701425552e+00,-1.421586573123931677e-02,-7.044955492019653320e+00,3.096441984176635742e+01,-1.190650463104248047e-01,2.600279675461020235e-01,-2.256220655842072209e-01,6.999816766606952179e-01,-7.223574074560750180e-01,-2.137225814657908174e+00,-1.930578526617603759e-05,-7.382873251882189791e+00,3.398457793249994552e+01,3.560983283711998109e-04
2.469134013117797177e-01,-2.466997052264220391e-01,7.124449077289106702e-01,-7.601327324169696587e-01,-1.865828470140695527e+00,-1.101398766040801759e-02,-6.978660821914672852e+00,3.360001325607299805e+01,3.201878070831298828e-01,2.524371510391932860e-01,-2.452582424730425648e-01,6.999815017142527740e-01,-7.956285306077279795e-01,-1.786503588204995996e+00,-1.565304858077604008e-05,-7.276385019252236575e+00,3.608821600241226690e+01,3.743698445287998045e-04
2.385979196249314871e-01,-2.617819880452759151e-01,7.123937625031473431e-01,-8.315481686848223974e-01,-1.508228281885385380e+00,-5.114522576332089510e-03,-7.141543626785278320e+00,3.576001882553100586e+01,5.899465084075927734e-01,2.441184622864724374e-01,-2.612891670210629180e-01,6.999813642005139336e-01,-8.679785863144766633e-01,-1.416889196682869168e+00,-1.182010098790403912e-05,-7.197928879793722423e+00,3.776354446869976300e+01,3.921274105983998254e-04
2.295525393065105391e-01,-2.731252357345826387e-01,7.124073327820302781e-01,-9.045380318420946919e-01,-1.134324768930673466e+00,1.357027888298037790e-03,-7.298986315727233887e+00,3.739035129547119141e+01,6.471550464630126953e-01,2.350797848909383647e-01,-2.735472795521951550e-01,6.999812658945593347e-01,-9.396653903661085216e-01,-1.032649667824846240e+00,-7.812483375000039488e-06,-7.142945526456874639e+00,3.901378403619373358e+01,4.092899024999998811e-04
2.197718197041464150e-01,-2.806140525099641847e-01,7.124776838760377151e-01,-9.780719602364122967e-01,-7.488816775381563762e-01,7.035109400749210186e-03,-7.353392839431762695e+00,3.854430913925170898e+01,5.678081512451171875e-01,2.253266581426351944e-01,-2.819075288304057070e-01,6.999812085119192506e-01,-1.010899396432256570e+00,-6.380195719374257557e-01,-3.636573569024033066e-06,-7.106519773288038522e+00,3.984220939054181798e+01,4.257710268415998791e-04
2.092597420504822558e-01,-2.841748895776278760e-01,7.125910213630201051e-01,-1.051207765366417135e+00,-3.560837067663668032e-01,1.133374869823456157e-02,-7.313580513000488281e+00,3.927979707717895508e+01,4.298639297485351562e-01,2.148627686406965609e-01,-2.862870443958795974e-01,6.999811936999423834e-01,-1.081840075204187901e+00,-2.372003649386624780e-01,7.003610833839673047e-07,-7.083368141595673961e+00,4.025217262890082992e+01,4.414791435111999323e-04
1.980259252238825984e-01,-2.837737086322910662e-01,7.127321749072076384e-01,-1.123381682659965630e+00,4.011809453368203604e-02,1.411535441875458145e-02,-7.217391729354858398e+00,3.962018013000488281e+01,2.781605720520019531e-01,2.036904787446630338e-01,-2.866448011600489787e-01,6.999812230286307502e-01,-1.152592169398258592e+00,1.656405029103922288e-01,5.190109361663980706e-06,-7.067826446116371564e+00,4.024712669062963499e+01,4.563170882687999047e-04
1.860825111673253540e-01,-2.794159933012730912e-01,7.128863629143239455e-01,-1.194341405655723776e+00,4.357715331017972815e-01,1.541880071163177941e-02,-7.095972299575805664e+00,3.956534385681152344e+01,1.303446292877197266e-01,1.918113930964574221e-01,-2.829812739164016544e-01,6.999812979809217905e-01,-1.223201824621021672e+00,5.663707125811678900e-01,9.823460043015974251e-06,-7.053837381180855459e+00,3.983064878798213471e+01,4.701819953383999879e-04
1.734423260851104542e-01,-2.711475962457067790e-01,7.130395569543840351e-01,-1.264018508221489201e+00,8.268397055566312215e-01,1.531940400600433766e-02,-6.967710256576538086e+00,3.910681724548339844e+01,-9.939670562744140625e-03,1.792269644544000617e-01,-2.753380794239999596e-01,6.999814199424000405e-01,-1.293652596095999696e+00,9.608944361599998096e-01,1.459014399999998795e-05,-7.034938106880000319e+00,3.900646383680000184e+01,4.829651199999999219e-04
1.601178278248331366e-01,-2.590556184482581403e-01,7.131784194152357426e-01,-1.332449826027733097e+00,1.209197779744863643e+00,1.388624608516693566e-02,-6.843131780624389648e+00,3.823580741882324219e+01,-1.433157920837402344e-01,1.659391400806487782e-01,-2.637976037206407054e-01,6.999815901904212767e-01,-1.363861331252115283e+00,1.345153931037456285e+00,1.947877452405587207e-05,-7.004247835230823505e+00,3.777846788720570714e+01,4.945516611815997882e-04
1.461202075161778247e-01,-2.432689337340004088e-01,7.132903879027369110e-01,-1.399762030865532081e+00,1.578668471425771935e+00,1.119684875011444508e-02,-6.731220483779907227e+00,3.694706916809082031e+01,-2.689397335052490234e-01,1.519510499234445200e-01,-2.484826123225864491e-01,6.999818098826312562e-01,-1.433673928173788914e+00,1.715131368404645418e+00,2.447678587494388376e-05,-6.954455416342509189e+00,3.615075155429521203e+01,5.048205840511997729e-04
1.314582897460128130e-01,-2.239580664616830086e-01,7.133642110865118235e-01,-1.466191777016502495e+00,1.931086727231741129e+00,7.382318377494815481e-03,-6.642974615097045898e+00,3.524182558059692383e+01,-3.814530372619628906e-01,1.372677378355509903e-01,-2.295558409678016276e-01,6.999820800448601776e-01,-1.502860969912679368e+00,2.066850896056361631e+00,2.957037005610387297e-05,-6.877806924582407611e+00,3.412762344883103793e+01,5.136444426087998210e-04
1.161374844703164794e-01,-2.013341951724893775e-01,7.133910884599687918e-01,-1.532080527569633643e+00,2.262387128919363111e+00,2.687737345695499075e-03,-6.588875055313110352e+00,3.313004016876220703e+01,-4.694581031799316406e-01,1.218969370702651656e-01,-2.072195645596193736e-01,6.999824015583769876e-01,-1.571113234661104086e+00,2.396380935501265963e+00,3.474441181593589003e-05,-6.766093244742044099e+00,3.171363360793504427e+01,5.208892022783999419e-04
1.001600674540309988e-01,-1.756475699675089930e-01,7.133665178458692413e-01,-1.597741701628547784e+00,2.568662520498037338e+00,-2.457061409950253399e-03,-6.566117405891418457e+00,3.062753915786743164e+01,-5.144798755645751953e-01,1.058498912963870553e-01,-1.817151419677739410e-01,6.999827751464843262e-01,-1.638037081787107496e+00,2.699836713378901631e+00,3.998242187499988405e-05,-6.610637658203127209e+00,2.891359692578132012e+01,5.264140624999999723e-04
8.352888398447937124e-02,-1.471866146233684614e-01,7.132928418259621983e-01,-1.663118346955162252e+00,2.846095534414053052e+00,-7.367601990699764944e-03,-6.537664532661437988e+00,2.774330139160156250e+01,-4.910540580749511719e-01,8.914222237353042200e-02,-1.533225343437275567e-01,6.999832013604373460e-01,-1.703149713731195281e+00,2.973383027183716276e+00,4.526646837913588775e-05,-6.402283429103563961e+00,2.573261658428911858e+01,5.300712793215999353e-04
6.625520905508125447e-02,-1.162789713424450949e-01,7.131813546459676578e-01,-1.727367492939811955e+00,3.090764328092336921e+00,-1.114871799945831021e-02,-6.424914598464965820e+00,2.446687936782836914e+01,-3.781116008758544922e-01,7.179484612915718045e-02,-1.223597946072226272e-01,6.999836805646669768e-01,-1.765874313764723258e+00,3.213237245295955002e+00,5.057710657850390302e-05,-6.131381390503448436e+00,2.217610748381557784e+01,5.317059879912000749e-04
4.836649787652236299e-02,-8.329224390357800600e-02,7.130503626804353123e-01,-1.788871117855888704e+00,3.298672743886709391e+00,-1.309919655323028322e-02,-6.150362491607666016e+00,2.079084157943725586e+01,-1.950478553771972656e-01,5.383493737872030449e-02,-8.918252576099022777e-02,6.999842129212930919e-01,-1.825535059609951105e+00,3.415672541319516586e+00,5.589330673254389351e-05,-5.787777530551098337e+00,1.824981967384889714e+01,5.311560255488001307e-04
2.990700725517630651e-02,-4.862734947919913203e-02,7.129174289147854893e-01,-1.845949062134605745e+00,3.466489442437887369e+00,-1.329337656497955010e-02,-5.707794427871704102e+00,1.678166985511779785e+01,-1.941800117492675781e-02,3.529694543029776588e-02,-5.418330569054544132e-02,6.999847983739055923e-01,-1.881352012921754913e+00,3.577021362726716891e+00,6.119238024085589794e-05,-5.360800578649036474e+00,1.395986178370089448e+01,5.282517534184001315e-04
1.093729813273924475e-02,-1.269436397224732449e-02,7.127996986250878519e-01,-1.896970912243706175e+00,3.593298550695180893e+00,-1.177302896976470566e-02,-5.102185010910034180e+00,1.268091082572937012e+01,1.520347595214843750e-01,1.622366131510033505e-02,-1.779107610600039191e-02,6.999854366305999775e-01,-1.932435884630999023e+00,3.693679133810000348e+00,6.644990399999991170e-05,-4.839249591620010449e+00,9.312724453200083019e+00,5.228158800000001034e-04
-8.435034494098068991e-03,2.413868421494893418e-02,7.127393245737553285e-01,-1.937233262683731416e+00,3.683304818719625562e+00,-6.037405133247371498e-03,-4.026235044002532959e+00,9.000626802444458008e+00,5.735623836517333984e-01,-3.332662014761567093e-03,1.952950671717368358e-02,6.999861271462464174e-01,-1.977782676149567376e+00,3.762108192940569307e+00,7.163964298621591635e-05,-4.211381539873001678e+00,4.315303763384463309e+00,5.146632832616002129e-04
-2.822560549254602563e-02,6.142197253733806123e-02,7.127368043403625730e-01,-1.979057099844795609e+00,3.728328832238912760e+00,-2.520233392715410733e-04,-4.182383716106414795e+00,4.502401351928710938e+00,5.785381793975830078e-01,-2.330913527987027445e-02,5.727876174150686728e-02,6.999868691039757840e-01,-2.016268196437057014e+00,3.778841964133932141e+00,7.673347106406392120e-05,-3.464898893569243299e+00,-1.025075332805517547e+00,5.036008333312002585e-04
-4.839451125165987466e-02,9.848840362012319105e-02,7.130466574470997188e-01,-2.016890575911384875e+00,3.706643108278512955e+00,3.098531067371368755e-02,-3.783347606658935547e+00,-2.168572396039962769e+00,3.123733401298522949e+00,-4.363100301706862583e-02,9.492271585807990353e-02,6.999876613958655458e-01,-2.046642454929129329e+00,3.740489362922408301e+00,8.170129002098392248e-05,-2.586937208788187448e+00,-6.700635579834251843e+00,4.894272150888003556e-04
-6.884193279670626497e-02,1.346410085353248465e-01,7.131346446614266199e-01,-2.044742154504639142e+00,3.615260491520166486e+00,8.798721432685854826e-03,-2.785157859325408936e+00,-9.138261675834655762e+00,-2.218658924102783203e+00,-6.421035703161886987e-02,1.318938818073352170e-01,6.999885026028067614e-01,-2.067523930327525683e+00,3.643739436534533471e+00,8.651094682777591533e-05,-1.564052713693577346e+00,-1.270312398887774030e+01,4.719327507584003198e-04
-8.955174644542468476e-02,1.694191514420502476e-01,7.131764830987453729e-01,-2.070981364871841812e+00,3.477814290672540665e+00,4.183843731880190590e-03,-2.623921036720275879e+00,-1.374462008476257324e+01,-4.614877700805664062e-01,-8.494479191657078321e-02,1.675920836732109620e-01,6.999893909735344089e-01,-2.077393715251734108e+00,3.485366238381411019e+00,9.112814912499991806e-05,-3.822098946993914836e-01,-1.902378840713117114e+01,4.508992225000002974e-04
-1.102034631525826008e-01,2.020822716894739024e-01,7.132554274539947281e-01,-2.065171670715791219e+00,3.266312024742364706e+00,7.894435524940493845e-03,5.809694156050682068e-01,-2.115022659301757812e+01,3.710591793060302734e-01,-1.057160013979543400e-01,2.013853322936818291e-01,6.999903244028046201e-01,-2.074589536752328822e+00,3.262233936849986637e+00,9.551637893529595449e-05,9.732309173641056077e-01,-2.565335408711569087e+01,4.260996950016003658e-04
-1.305921223596165359e-01,2.319430974441759885e-01,7.133274085562228972e-01,-2.038865920703393453e+00,2.986082575470208944e+00,7.198110222816470755e-03,2.630575001239776611e+00,-2.802294492721557617e+01,-6.963253021240234375e-02,-1.263883142644141588e-01,2.326107529307607780e-01,6.999913004086996127e-01,-2.057299652685957270e+00,2.971302158403249738e+00,9.963680460162396726e-05,2.517525961084368546e+00,-3.258200025598568317e+01,3.972983380712002423e-04
-1.506017737205334606e-01,2.583533039781444329e-01,7.133618847470283297e-01,-2.000965136091691576e+00,2.641020653396844775e+00,3.447619080543521362e-03,3.790078461170196533e+00,-3.450619220733642578e+01,-3.750491142272949219e-01,-1.468071686399017306e-01,2.605755675430380669e-01,6.999923161090428891e-01,-2.023556623951997757e+00,2.609631564987366037e+00,1.034481909514239602e-04,4.266560458300572733e+00,-3.979933668483585762e+01,3.642502492288003484e-04
-1.701030893718785408e-01,2.806564472186558468e-01,7.133664433400630500e-01,-1.950131565134507694e+00,2.230314324051141828e+00,4.558593034744294788e-04,5.083357095718383789e+00,-4.107063293457031250e+01,-2.991759777069091797e-01,-1.667975233580435424e-01,2.845581340038307872e-01,6.999933681969074950e-01,-1.971230962590867719e+00,2.174389665745741329e+00,1.069068076866959904e-04,6.236861027937576907e+00,-4.729438025800839540e+01,3.267012762984002712e-04
-1.889733038917844055e-01,2.982070889714353301e-01,7.133817020397186237e-01,-1.887021451990586796e+00,1.755064175277948557e+00,1.525869965553286857e-03,6.311011314392089844e+00,-4.752501487731933594e+01,1.070010662078857422e-01,-1.861619999999999941e-01,3.038089999999999957e-01,6.999950000000000339e-01,-1.898025000000000073e+00,1.662855999999999890e+00,1.100000000000000039e-04,8.445608000000000004e+00,-5.505553199999999947e+01,2.840000000000000185e-04
-2.070417104120793605e-01,3.103294403570883708e-01,7.134528754990100419e-01,-1.806840652029496619e+00,1.212235138565302073e+00,7.117345929145816458e-03,8.018079996109008789e+00,-5.428290367126464844e+01,5.591475963592529297e-01,-2.046822103237691814e-01,3.175662801230205168e-01,6.999961134531231810e-01,-1.802354883186788603e+00,1.078023474855647645e+00,1.126159556396970059e-04,1.064293832963887176e+01,-6.140669741091858214e+01,2.391998951781999837e-04
-2.240618896221936718e-01,3.164365386757247989e-01,7.135831642489433024e-01,-1.702017921011430124e+00,6.107098318636419165e-01,1.302887499332428325e-02,1.048227310180664062e+01,-6.015253067016601562e+01,5.911529064178466797e-01,-2.221403945975126970e-01,3.252067971252318168e-01,6.999972508270018157e-01,-1.686073309751405791e+00,4.442848071062577286e-01,1.147843045758080059e-04,1.256816785469183628e+01,-6.488897189752424310e+01,1.944919545023999488e-04
-2.398031831101476441e-01,3.162089507150643297e-01,7.137258508841991533e-01,-1.574129348795396233e+00,-2.275879606604558347e-02,1.426866352558136403e-02,1.278885722160339355e+01,-6.334686279296875000e+01,1.239788532257080078e-01,-2.383440136264562137e-01,3.263797224803549057e-01,6.999984076515273212e-01,-1.551892102858368538e+00,-2.112335663005542319e-01,1.165063755487130031e-04,1.422324805146636351e+01,-6.581441950866772572e+01,1.499584299025999044e-04
-2.540861526425657324e-01,3.096132821384065537e-01,7.138196736316680946e-01,-1.428296953241807277e+00,-6.595668576657770510e-01,9.382274746894840589e-03,1.458323955535888672e+01,-6.368080615997314453e+01,-4.886388778686523438e-01,-2.531275372233164900e-01,3.209899373089509789e-01,6.999995794740749844e-01,-1.402500055774072329e+00,-8.645107610854585456e-01,1.177843451781120142e-04,1.561084143666667856e+01,-6.449186917788917128e+01,1.056866848767998757e-04
-2.667819055593069200e-01,2.968795892316096197e-01,7.138516730110645581e-01,-1.269575291674119200e+00,-1.273369290679692956e+00,3.199937939643863506e-03,1.587216615676879883e+01,-6.138024330139160156e+01,-6.182336807250976562e-01,-2.663521775559617444e-01,3.091671603626311993e-01,7.000007618682430044e-01,-1.240555581061202339e+00,-1.494592567946315453e+00,1.186212902656250140e-04,1.673436964771812896e+01,-6.122560941581998151e+01,6.176943187499983048e-05
-2.778071579591566143e-01,2.783441623541705878e-01,7.138280679326057809e-01,-1.102525239984971206e+00,-1.853542687743901851e+00,-2.360507845878597605e-03,1.670500516891479492e+01,-5.801733970642089844e+01,-5.560445785522460938e-01,-2.779055465829998184e-01,2.912355300505565237e-01,7.000019504431249651e-01,-1.068678878969899548e+00,-2.083539521791094806e+00,1.190212424712320009e-04,1.759806152309156602e+01,-5.631408300258470234e+01,1.830496968319980438e-05
-2.871096606489232927e-01,2.544528270828717020e-01,7.137424519698619685e-01,-9.302502689766704025e-01,-2.389133527129888357e+00,-8.561596274375912058e-03,1.722749710083007812e+01,-5.355908393859863281e+01,-6.201088428497314453e-01,-2.877012327692611282e-01,2.676837710389894931e-01,7.000031408531424137e-01,-8.894436250256871901e-01,-2.616361917894812095e+00,1.189892453635530112e-04,1.820700118262772094e+01,-5.004858168020310671e+01,-2.460257919259929661e-05
-2.946647797441770411e-01,2.257978089693181700e-01,7.135925706367493015e-01,-7.555119095253763906e-01,-2.865501811355352313e+00,-1.498813331127166540e-02,1.747383594512939453e+01,-4.763682842254638672e+01,-6.426537036895751953e-01,-2.956782922731466812e-01,2.391360759546530823e-01,7.000043288084583093e-01,-7.053681768141362163e-01,-3.080941774980523462e+00,1.185314138439680132e-04,1.856717610786160222e+01,-4.271194084499139620e+01,-6.684303114239933865e-05
-3.004770909742879859e-01,1.931005077975981310e-01,7.134010198156833793e-01,-5.812311230110941418e-01,-3.269730117172002792e+00,-1.915508210659026822e-02,1.742807865142822266e+01,-4.042283058166503906e+01,-4.166948795318603516e-01,-3.018006497978031888e-01,2.063238327226655511e-01,7.000055100859983170e-01,-5.189062999623219596e-01,-3.467941745224246475e+00,1.176549959445770215e-04,1.868552522234681845e+01,-3.457723423996505119e+01,-1.082999040681994411e-04
-3.045154027518079953e-01,1.572445791158073036e-01,7.133607437949180952e-01,-4.038311777519998924e-01,-3.585592868179082959e+00,-4.027602076530453767e-03,1.773999452590942383e+01,-3.158627510070800781e+01,1.512748003005981445e+00,-3.060564042980999933e-01,1.700583280698005073e-01,7.000066805411000459e-01,-3.324374133170024948e-01,-3.770700971183996941e+00,1.163684370000000237e-04,1.856998697198000059e+01,-2.590646864724009291e+01,-1.488501799999994565e-04
-3.066831078684850720e-01,1.190242204833023565e-01,7.133828125636577644e-01,-2.167705116677103305e-01,-3.822035863250494270e+00,2.206876873970034340e-03,1.870606660842895508e+01,-2.364429950714111328e+01,6.234478950500488281e-01,-3.084570347353690067e-01,1.312045577238387106e-01,7.000078361198174282e-01,-1.482563533195695449e-01,-3.985117889652793011e+00,1.146814461930170318e-04,1.822954740532516382e+01,-1.694927858043518398e+01,-1.883640677117994931e-04
-3.071425460116666839e-01,7.927960287958311925e-02,7.133358044366836515e-01,-4.594381431816199624e-02,-3.974461760371923891e+00,-4.700812697410581067e-03,1.708266973495483398e+01,-1.524258971214294434e+01,-6.907689571380615234e-01,-3.090365010718797434e-01,9.065627383976984643e-02,7.000089728719015580e-01,3.143734242224716091e-02,-4.109519982435699603e+00,1.126050654740480279e-04,1.767428825393808012e+01,-7.941620977073448273e+00,-2.267047653375995459e-04
-3.058925169822256374e-01,3.908026680529046171e-02,7.132201451103686862e-01,1.250029029441060702e-01,-4.019933607429265976e+00,-1.156593263149261266e-02,1.709467172622680664e+01,-4.547184705734252930e+00,-6.865119934082031250e-01,-3.078502356970135856e-01,4.931240018360327770e-02,7.000100869644830803e-01,2.045506323659198600e-01,-4.144520474050869652e+00,1.101517408544730345e-04,1.691543501269065786e+01,8.955301090156808641e-01,-2.637282229873995072e-04
-3.029277296758451921e-01,-9.876764920361061351e-04,7.130654192309379136e-01,2.964787306380453069e-01,-4.006794329732656479e+00,-1.547258794307708463e-02,1.714758276939392090e+01,1.313927769660949707e+00,-3.906655311584472656e-01,-3.049740204771079766e-01,8.054945604548668925e-03,7.000111746964787773e-01,3.691086490689050592e-01,-4.092861976354630116e+00,1.073353960737920379e-04,1.596540502009532148e+01,9.357488815294445317e+00,-2.992829053631996107e-04
-2.984941458778417878e-01,-3.983536584496569916e-02,7.128794047276972856e-01,4.433583798003377652e-01,-3.884768935292959302e+00,-1.860145032405852855e-02,1.468796491622924805e+01,1.220253944396972656e+01,-3.128862380981445312e-01,-3.005027446209351805e-01,-3.227145367367456608e-02,7.000122325137476675e-01,5.232668580266710556e-01,-3.959247080090563919e+00,1.041715086406250370e-04,1.483785553862938400e+01,1.725716277811494592e+01,-3.332095543749996288e-04
-2.926209110674177771e-01,-7.672530130118203340e-02,7.127736831645964388e-01,5.873234810424031727e-01,-3.688993545621633618e+00,-1.057215631008147708e-02,1.439651012420654297e+01,1.957753896713256836e+01,8.029294013977050781e-01,-2.945490385527855803e-01,-7.087823241163926369e-02,7.000132570250181541e-01,6.653236973139673438e-01,-3.750155893362625115e+00,1.006771882475520393e-04,1.354773183505941248e+01,2.442635844031727288e+01,-3.653409517567997506e-04
-2.853658305443320109e-01,-1.108415608388192697e-01,7.126465404074190380e-01,7.255080523085775113e-01,-3.411625953763723462e+00,-1.271427571773528498e-02,1.381845712661743164e+01,2.773675918579101562e+01,-2.142119407653808594e-01,-2.872417789851214875e-01,-1.070497048323618139e-01,7.000142450186120913e-01,7.937336980293423494e-01,-3.473650527032265956e+00,9.687125755979304753e-05,1.211131526076562714e+01,3.071708635882768590e+01,-3.955016816825997791e-04
-2.769607484953673371e-01,-1.417925748434669952e-01,7.127016163210867505e-01,8.405082048964681585e-01,-3.095101400464773445e+00,5.507591366767889546e-03,1.150001525878906250e+01,3.165245532989501953e+01,1.822186708450317383e+00,-2.787244603827697120e-01,-1.401578526880476461e-01,7.000151934799886400e-01,9.071210855428981645e-01,-3.139166527039591870e+00,9.277433537772803362e-05,1.054627133206625444e+01,3.600286651225643197e+01,-4.235078933823997380e-04
-2.675146877762824005e-01,-1.694343342018134746e-01,7.128151028792857336e-01,9.446060719084921065e-01,-2.764175935834646491e+00,1.134865581989288885e-02,1.040978670120239258e+01,3.309254646301269531e+01,5.841064453125000000e-01,-2.691534280106204768e-01,-1.696749623846667832e-01,7.000160996101307820e-01,1.004293861547296274e+00,-2.757291253648531004e+00,8.840892217325705218e-05,8.871697810541915530e+00,4.018003360849614580e+01,-4.491670637581998281e-04
-2.571817767001418065e-01,-1.933689423856146394e-01,7.128885351161956541e-01,1.033291107614058513e+00,-2.393460818380117594e+00,7.343223690986638852e-03,8.868503570556640625e+00,3.707151174545288086e+01,-4.005432128906250000e-01,-2.586959677568000382e-01,-1.951839806335999850e-01,7.000169608448000291e-01,1.084258366911999616e+00,-2.339529207616002360e+00,8.379948800000003057e-05,7.108172783360000579e+00,4.316904239232002283e+01,-4.722777599999998413e-04
-2.462447910266425122e-01,-2.133005469721562797e-01,7.129217693846225945e-01,1.093698567349928874e+00,-1.993160458654165357e+00,3.323426842689519711e-03,6.040745973587036133e+00,4.003003597259521484e+01,-4.019796848297119141e-01,-2.475282479232843724e-01,-2.163864580995992215e-01,7.000177748746815309e-01,1.146234325340762528e+00,-1.898054303285132915e+00,7.897256277733703616e-05,5.277802743599056434e+00,4.491577295297960859e+01,-4.926294022017999302e-04
-2.349070202049994560e-01,-2.289315066841251800e-01,7.129592820744514725e-01,1.133777082164305616e+00,-1.563095971196889922e+00,3.751268982887273618e-03,4.007851481437683105e+00,4.300644874572753906e+01,4.278421401977539062e-02,-2.358331081759220127e-01,-2.331079505142986674e-01,7.000185396664438953e-01,1.189670367832368569e+00,-1.445449088602489551e+00,7.395682894828804472e-05,3.404270670573110280e+00,4.539283603180312809e+01,-5.100020259775999137e-04
-2.233131591297648488e-01,-2.401596515309817881e-01,7.130213866870404038e-01,1.159386107523459275e+00,-1.122814484685659364e+00,6.210461258888249833e-03,2.560902535915374756e+00,4.402814865112304688e+01,2.459192276000976562e-01,-2.237976908458335357e-01,-2.453007467245194029e-01,7.000192534847379244e-01,1.214260037944601134e+00,-9.944309120593179951e-01,6.878321651123300959e-05,1.512884110156145212e+00,4.460087832979363043e+01,-5.241660450773998840e-04
-2.116124859424968752e-01,-2.470693073031313414e-01,7.131183157901764824e-01,1.170067318726796035e+00,-6.909655772149562170e-01,9.692910313606268452e-03,1.068121120333671570e+00,4.318489074707031250e+01,3.482449054718017578e-01,-2.116109097741544209e-01,-2.530437931446052335e-01,7.000199149151570266e-01,1.219958277861469043e+00,-5.575650365567856870e-01,6.348500042547201470e-05,-3.693767448936533526e-01,4.256988781522703391e+01,-5.348820140032000542e-04
-1.999555024271327530e-01,-2.499008542877442784e-01,7.132570993940831050e-01,1.165698351536411215e+00,-2.831546984612940965e-01,1.387836039066315391e-02,-4.368967190384864807e-01,4.078108787536621094e+01,4.185450077056884766e-01,-1.994607518920898936e-01,-2.565396840820308721e-01,7.000205228881836161e-01,1.206998395263671586e+00,-1.469647001953064969e-01,5.809790039062502371e-05,-2.213810974609380366e+00,3.936049903125007177e+01,-5.419003906249999017e-04
-1.884745114006297351e-01,-2.490261389222748201e-01,7.134446776251793798e-01,1.148099102650302905e+00,8.747153654694567182e-02,1.875782310962677626e-02,-1.759924888610839844e+00,3.706262350082397461e+01,4.879462718963623047e-01,-1.875314067282493335e-01,-2.561085874055261113e-01,7.000210767041457061e-01,1.175909511002299901e+00,2.260218760122214565e-01,5.266018299987201118e-05,-3.989948851491156745e+00,3.506529840347864990e+01,-5.449612987967998590e-04
-1.772583222935870118e-01,-2.449114404749877238e-01,7.136684046428204420e-01,1.121618910704273331e+00,4.114698447287084004e-01,2.237270176410675535e-02,-2.648019194602966309e+00,3.239983081817626953e+01,3.614878654479980469e-01,-1.760002190352264184e-01,-2.521789750249475714e-01,7.000215760592060077e-01,1.127534487575798661e+00,5.511375335030384015e-01,4.721276626703301504e-05,-5.665503760181689330e+00,2.981012954759600575e+01,-5.437942909725997521e-04
-1.663463635189188494e-01,-2.380871191677458032e-01,7.137532214860916602e-01,1.091195877466816011e+00,6.824321307241918433e-01,8.481684327125553827e-03,-3.042303323745727539e+00,2.709622859954833984e+01,-1.389101743698120117e+00,-1.650344597273940006e-01,-2.452750276521522554e-01,7.000220210724090730e-01,1.063048338410156113e+00,8.195552746032298552e-01,4.179932652748798833e-05,-7.206324117141932106e+00,2.375539857695061130e+01,-5.381181108223998411e-04
-1.561850900784563234e-01,-2.288352947515256142e-01,7.136855117123127590e-01,1.016127344046253267e+00,9.251824416220190139e-01,-6.770977377891536711e-03,-7.506853342056274414e+00,2.427503108978271484e+01,-1.525266170501708984e+00,-1.547879103218815777e-01,-2.360005833120928376e-01,7.000224123138086840e-01,9.839771179423411063e-01,1.024230414042347270e+00,3.646640771293701959e-05,-8.576345290326614190e+00,1.709737941015394824e+01,-5.276404558481999092e-04
-1.469407750296602144e-01,-2.177768529561168731e-01,7.136388724188805766e-01,9.244315048796120093e-01,1.105844179540872663e+00,-4.663929343223568308e-03,-9.169583916664123535e+00,1.806617379188537598e+01,2.107048034667968750e-01,-1.453972560747001652e-01,-2.250194990733989098e-01,7.000227508337000248e-01,8.922172925069995486e-01,1.160265783544011775e+00,3.126353300000001359e-05,-9.737541518860020062e+00,1.006951907868005947e+01,-5.120577399999996521e-04
-1.386459256133027451e-01,-2.056603984367854077e-01,7.135432040135861742e-01,8.294849416357460425e-01,1.211645451933145656e+00,-9.566840529441830721e-03,-9.494656324386596680e+00,1.058012723922729492e+01,-4.902911186218261719e-01,-1.369782830039860955e-01,-2.130322954676636682e-01,7.000230381929805068e-01,7.900555920263601095e-01,1.225289989492566400e+00,2.624331883265699822e-05,-1.064987783271148203e+01,2.943743034461441255e+00,-4.910548562917999363e-04
-1.315843244307404458e-01,-1.936643624585873691e-01,7.134793262224198296e-01,7.061601182562294854e-01,1.199603597819805190e+00,-6.387779116630551250e-03,-1.233248233795166016e+01,-1.204185411334037781e+00,3.179061412811279297e-01,-1.296218739923292729e-01,-2.007489530666860533e-01,7.000232764946624497e-01,6.801893425034339913e-01,1.219848723675657665e+00,2.146159131852808154e-05,-1.127126197237105032e+01,-3.968239542510424656e+00,-4.643049394176003149e-04
-1.255602299477402151e-01,-1.820671752524382625e-01,7.133182265799046240e-01,6.024094483000221878e-01,1.159718720614910215e+00,-1.610996425151824812e-02,-1.037506699562072754e+01,-3.988487720489501953e+00,-9.722185134887695312e-01,-1.233897991601511646e-01,-1.888577306869142491e-01,7.000234684165610455e-01,5.657472793183915272e-01,1.147809127102747073e+00,1.697750499899307265e-05,-1.155749630852518095e+01,-1.031363043659003154e+01,-4.314691283674005023e-04
-1.206753102837326008e-01,-1.719529262167222017e-01,7.132806181054115457e-01,4.884919664007607021e-01,1.011424903571605860e+00,-3.760847449302670911e-03,-1.139174818992614746e+01,-1.482938170433044434e+01,1.234911680221557617e+00,-1.183102957021052587e-01,-1.779898746903048057e-01,7.000236172451831385e-01,4.503108413282590483e-01,1.016777206899754482e+00,1.285366399315209451e-05,-1.146222976173222463e+01,-1.569723708887552505e+01,-3.921963290432005475e-04
-1.169324469656646270e-01,-1.634911337029940626e-01,7.131464247148037172e-01,3.742863318067970457e-01,8.461792513728143561e-01,-1.341933906078338415e-02,-1.142056345939636230e+01,-1.652456521987915039e+01,-9.658491611480712891e-01,-1.143734323784633133e-01,-1.686800888508845353e-01,7.000237269108383620e-01,3.379359457697965752e-01,8.385283062794746112e-01,9.156245515625047356e-06,-1.093690972209814660e+01,-1.968016728961472950e+01,-3.461229768750004646e-04
-1.142731605652449745e-01,-1.569993390721089455e-01,7.130865784626007065e-01,2.659286400419654806e-01,6.491794630885125983e-01,-5.984625220298764835e-03,-1.083576917648315430e+01,-1.969997882843017578e+01,7.434713840484619141e-01,-1.115262538534564501e-01,-1.613226342562097959e-01,7.000238020239972769e-01,2.331752439656562537e-01,6.294506275881781576e-01,5.955125768192050576e-06,-9.930733968952150548e+00,-2.177852387060477213e+01,-2.928727994368007857e-04
-1.125247109806593593e-01,-1.526639594268805467e-01,7.130012210648060123e-01,1.748449584585609340e-01,4.335379645228387702e-01,-8.535739779472348299e-03,-9.108368158340454102e+00,-2.156414985656738281e+01,-2.551114559173583984e-01,-1.096677000725391760e-01,-1.561229287129659027e-01,7.000238479129212710e-01,1.411008578337638042e-01,4.110018084280724349e-01,3.324008205273046865e-06,-8.390602590522224347e+00,-2.146209939759386032e+01,-2.320565790626007824e-04
-1.115059232183927829e-01,-1.503971866351372644e-01,7.128510179858208451e-01,1.018787762266578495e-01,2.266772791743280335e-01,-1.502030789852142056e-02,-7.296618223190307617e+00,-2.068606853485107422e+01,-6.484568119049072266e-01,-1.086432958705418339e-01,-1.530445151259988701e-01,7.000238706625853125e-01,6.732759719995473624e-02,2.101785508558364768e-01,1.340554173248045995e-06,-6.261069903610909648e+00,-1.815307086268506964e+01,-1.632719154624006448e-04
-1.110647275906019166e-01,-1.499007240068919167e-01,7.126633769910336591e-01,4.411956277908704593e-02,4.964626282453554751e-02,-1.876409947872161726e-02,-5.775921344757080078e+00,-1.770310163497924805e+01,-3.743791580200195312e-01,-1.082396060026817458e-01,-1.517512683199542245e-01,7.000238771549210925e-01,1.803665791385689054e-02,5.999930365684091882e-02,8.651592361705946928e-08,-3.484296373270767688e+00,-1.122469437673543524e+01,-8.610298833820067849e-05
