1.747049999999999992e-01,1.296950000000000047e-01,6.909980000000000011e-01,1.000000000000000000e+00,0.000000000000000000e+00,-9.000000000000000222e-01,1.000000000000000000e+02,0.000000000000000000e+00,-9.000000000000000000e+01,1.648427691172643927e-01,1.297266789126629571e-01,6.999980002276834368e-01,4.017460844696339739e-02,9.398855179736835888e-03,6.797274813500000029e-08,7.577528395493556168e+00,1.837914602575001499e+00,1.346150414100000199e-05
1.759187044456023696e-01,1.297923714569831910e-01,6.913780007057190868e-01,1.213704445602371562e-01,9.737145698319899303e-03,3.800007057190379900e-02,-8.786295554397628393e+01,9.737145698319898957e-01,9.380000705719038478e+01,1.657166816286274325e-01,1.299400747413354262e-01,6.999980017948339572e-01,1.429065660618235589e-01,3.592850090968550264e-02,2.665567638400000159e-07,1.256172203591538583e+01,3.426907797032051395e+00,2.612103331200000509e-05
1.762060723455395883e-01,1.301512672277499172e-01,6.935884033712210739e-01,2.873678999372240861e-02,3.588957707667125852e-02,2.210402665502035902e-01,-9.263365456651474261e+00,2.615243137835135734e+00,1.830401959782997778e+01,1.657166816286274325e-01,1.299400747413354262e-01,6.999980017948339572e-01,1.429065660618235589e-01,3.592850090968550264e-02,2.665567638400000159e-07,1.256172203591538583e+01,3.426907797032051395e+00,2.612103331200000509e-05
1.762736887883513126e-01,1.305194003687813187e-01,6.958996381088194960e-01,6.761644281172842635e-03,3.681331410314081509e-02,2.311234737598396871e-01,-2.197514571254956639e+00,9.237370264695551891e-02,1.008320720963610251e+00,1.714471470265342412e-01,1.315233586009985911e-01,6.999980139302224291e-01,4.412787951556321753e-01,1.305664024927682410e-01,1.023270748160000067e-06,1.594220795059794327e+01,5.877596398337638028e+00,4.900683878400000494e-05
1.793976795062466600e-01,1.318168091687791921e-01,6.979536988311418888e-01,3.123990717895334113e-01,1.297408799997876727e-01,2.054060722322404442e-01,3.056374275083605596e+01,9.292756589664683986e+00,-2.571740152759924847e+00,1.766466011262179669e-01,1.331384072126937657e-01,6.999980267869414519e-01,5.969017212430157704e-01,1.938976515005625123e-01,1.565097109375000386e-06,1.492070683136188336e+01,6.750300573129999648e+00,5.922119062500000503e-05
1.846167690824800367e-01,1.338535669117843219e-01,6.997098434432911240e-01,5.219089576233368888e-01,2.036757743005124244e-01,1.756144612149209694e-01,2.095098858338034375e+01,7.393489430072475166e+00,-2.979161101731946371e+00,1.833262037079129714e-01,1.354265951617807662e-01,6.999980455588982187e-01,7.349235876782399535e-01,2.648161576533403783e-01,2.204942074560000377e-06,1.246812428793791483e+01,7.396146857172441358e+00,6.860982441600000552e-05
1.915097890970839656e-01,1.366421725801833797e-01,7.011956749452286086e-01,6.893020014603924439e-01,2.788605668399045667e-01,1.485831501937533994e-01,1.673930438370555862e+01,7.518479253939213791e+00,-2.703131102116758111e+00,1.912429669566310664e-01,1.384525644286833668e-01,6.999980711849228543e-01,8.424029786421015631e-01,3.410872744270366241e-01,2.934527823815000965e-06,8.856859045777945028e+00,7.822018642338890437e+00,7.716875558700000807e-05
1.996841668627449828e-01,1.402240591175228646e-01,7.024491530422896091e-01,8.174377765661029471e-01,3.581886537339489252e-01,1.253478097060962693e-01,1.281357751057104544e+01,7.932808689404438063e+00,-2.323534048765711901e+00,2.000379562398018618e-01,1.422589644854917457e-01,6.999981045208826247e-01,9.090762368956502026e-01,4.205481349898403942e-01,3.745541079040000718e-06,4.349884105303662984e+00,8.035392306996428147e+00,8.489488588800001923e-05
2.086776058773422426e-01,1.446293640721357243e-01,7.035057536524104149e-01,8.993439014597269798e-01,4.405304954612850876e-01,1.056600610120845551e-01,8.190612489362401050e+00,8.234184172733616691e+00,-1.968774869401170857e+00,2.000379562398018618e-01,1.422589644854917457e-01,6.999981045208826247e-01,9.090762368956502026e-01,4.205481349898403942e-01,3.745541079040000718e-06,4.349884105303662984e+00,8.035392306996428147e+00,8.489488588800001923e-05
2.167556444599750831e-01,1.486707161156496926e-01,7.043961866919287163e-01,8.078038582632846021e-01,4.041352043513979919e-01,8.904330395183254754e-02,-9.154004319644233334e+00,-3.639529110988707572e+00,-1.661675706025200761e+00,2.092625784078061546e-01,1.468672001253888970e-01,6.999981463393725178e-01,9.272578068245780347e-01,5.011136970208286412e-01,4.629642231734999383e-06,-8.003331991547463220e-01,8.044360206745476916e+00,9.178605630900001620e-05
2.248821433728464547e-01,1.533519177837552872e-01,7.051465464125240556e-01,8.126498912871374936e-01,4.681201668105584579e-01,7.503597205953382865e-02,4.846033023852857613e-01,6.398496245916045488e+00,-1.400733189229872444e+00,2.184038195279000005e-01,1.522782408898000206e-01,6.999981973294999715e-01,8.917297780730001344e-01,5.807830174359999154e-01,5.578475000000000829e-06,-6.352911140419985614e+00,7.857653665159998191e+00,9.784110000000002111e-05
2.328003534072069503e-01,1.588841575662413852e-01,7.057788620728911999e-01,7.918210034360502192e-01,5.532239782486084723e-01,6.323156603671775677e-02,-2.082888785108732321e+00,8.510381143804996995e+00,-1.180440602281607188e+00,2.269083240574236715e-01,1.584734943923394590e-01,6.999982580967682999e-01,7.996206297666192953e-01,6.576457570217110193e-01,6.583676614735001235e-06,-1.207963353952883523e+01,7.484665964527680515e+00,1.030598951910000126e-04
2.399531205948427226e-01,1.652773386576893433e-01,7.063117064278418011e-01,7.152767187635773460e-01,6.393181091447950326e-01,5.328443549505572363e-02,-7.654428467247291756e+00,8.609413089618660919e+00,-9.947130541662030367e-01,2.342052074621891744e-01,1.654157458386290303e-01,6.999983291630649251e-01,6.502731753252749547e-01,7.298889149755145578e-01,7.636888535039999557e-06,-1.776602970679356375e+01,6.935475336590130269e+00,1.074434181119999999e-04
2.457184495619857134e-01,1.724810498108617085e-01,7.067607321966011824e-01,5.765328967142993033e-01,7.203711153172370762e-01,4.490257687593476876e-02,-1.387438220492780694e+01,8.105300617244200367e+00,-8.381858619120952092e-01,2.397274942859399793e-01,1.730501660410616593e-01,6.999984109667600762e-01,4.451017078648874525e-01,7.958037933544003240e-01,8.729767692815002347e-06,-2.321245438286313245e+01,6.220867953283065965e+00,1.109937959130000162e-04
2.494812898413792945e-01,1.804187250154882238e-01,7.071391297508515805e-01,3.762840279393578902e-01,7.937675204626502001e-01,3.783975542504385003e-02,-2.002488687749414353e+01,7.339640514541308391e+00,-7.062821450890921504e-01,2.429320736767776046e-01,1.813053902275844065e-01,6.999985038629191747e-01,1.874383461887779156e-01,8.537931914304361936e-01,9.853998266560001722e-06,-2.823516767978457764e+01,5.352360917476517876e+00,1.137143595840000161e-04
2.506651070502181611e-01,1.889965290224833172e-01,7.074580141242795550e-01,1.183817208838890411e-01,8.577804006995096708e-01,3.188843734279273728e-02,-2.579023070554688601e+01,6.401288023685950179e+00,-5.951318082251111363e-01,2.404434811783809911e-01,1.993171003458858170e-01,6.999987239384957149e-01,-4.634439760866182478e-01,9.402090053232884381e-01,1.216346095616000021e-05,-3.636050708772943807e+01,3.203508898957720952e+00,1.166857052160000290e-04
2.456041185077952327e-01,1.995042655142665322e-01,7.077267746512158064e-01,-5.060988542422923953e-01,1.050773649178320390e+00,2.687605269362260477e-02,-6.244805751261813498e+01,1.929932484788107416e+01,-5.012384649170131823e-01,2.339400948603810038e-01,2.088589251881292630e-01,6.999988514151573860e-01,-8.419436484688841427e-01,9.660664736640396377e-01,1.333231103501500151e-05,-3.918489974938881204e+01,1.950059693318767051e+00,1.169496446370000246e-04
2.360648397763759898e-01,2.104764043597321943e-01,7.079532837962607683e-01,-9.539278731419253976e-01,1.097213884546567320e+00,2.265091450449614047e-02,-4.478290188996329135e+01,4.644023536824693821e+00,-4.225138189126464994e-01,2.235263775978556522e-01,2.185949217962787072e-01,6.999989905800879653e-01,-1.243879542524469084e+00,9.788765648129069685e-01,1.449977570784000060e-05,-4.103127401529489049e+01,5.965483708073059388e-01,1.164101906880000227e-04
2.222910194883210011e-01,2.214820322234222483e-01,7.081441876016365544e-01,-1.377382028805499203e+00,1.100562786369004398e+00,1.909038053758255887e-02,-4.234541556635738857e+01,3.348901822437180265e-01,-3.560533966913581594e-01,2.090184258634814607e-01,2.283898683336589297e-01,6.999991413794265371e-01,-1.659013200514597441e+00,9.777155262110502898e-01,1.565787051513500215e-05,-4.181161597040431843e+01,-8.415084499322498246e-01,1.150774873590000358e-04
2.042533224319084406e-01,2.323254072545777316e-01,7.083050892297855228e-01,-1.803769705641256493e+00,1.084337503115549106e+00,1.609016281489576705e-02,-4.263876768357573610e+01,-1.622528325345535816e+00,-3.000217722686793209e-01,1.903387528192002631e-01,2.381000956543999902e-01,6.999993036799999624e-01,-2.076337050687996122e+00,9.618190967040001205e-01,1.679872000000000372e-05,-4.146029671743997369e+01,-2.347725274880002821e+00,1.129632000000000233e-04
1.819507352944225720e-01,2.428581203896706953e-01,7.084407108088330851e-01,-2.230258713748586086e+00,1.053271313509297036e+00,1.356215790475243446e-02,-4.264890081073297523e+01,-3.106618960625208814e+00,-2.528004910143333284e-01,1.675228422064377609e-01,2.475751260444287172e-01,6.999994772704899448e-01,-2.484303657163884349e+00,9.305913102491130129e-01,1.791457318633499931e-05,-3.993515231795153397e+01,-3.904824743900439987e+00,1.100805682410000336e-04
1.554850899158766175e-01,2.529363859298141559e-01,7.085550315174325986e-01,-2.646564537854593890e+00,1.007826554014345621e+00,1.143207085995012577e-02,-4.163058241060078757e+01,-4.544475949495139666e+00,-2.130087044802309038e-01,1.407233557404392876e-01,2.566594011490719307e-01,6.999996618627569722e-01,-2.871065769225526143e+00,8.836135295304314852e-01,1.899781958624000185e-05,-3.721856373337762847e+01,-5.494614640002190242e+00,1.064444589120000343e-04
1.250798409479769724e-01,2.624127629539972362e-01,7.086514043475926616e-01,-3.040524896789965403e+00,9.476377024183053610e-01,9.637283016010432524e-03,-3.939603589353713886e+01,-6.018885159604020707e+00,-1.794787843939693595e-01,1.102118860146182877e-01,2.651941013863448049e-01,6.999998570933281261e-01,-3.224727170024444867e+00,8.206537094809408517e-01,2.004100573661500321e-05,-3.331853676610624149e+01,-7.097964898597854955e+00,1.020714189630000544e-04
9.108363383453738082e-02,2.711360489975770949e-01,7.087326545918730680e-01,-3.399620711343959378e+00,8.723286043579867588e-01,8.125024428035931140e-03,-3.590958145539940460e+01,-7.530909806031863774e+00,-1.512258587974502078e-01,7.637814692080713286e-02,2.730190591449993542e-01,7.000000625250517583e-01,-3.533604324695207133e+00,7.416758907122323885e-01,2.103685226496000064e-05,-2.826978200053666157e+01,-8.694784616763808316e+00,9.697972838400004114e-05
5.396820156463481150e-02,2.789531267035139650e-01,7.088011628573259726e-01,-3.711543226990257072e+00,7.817077705936865684e-01,6.850826545291831618e-03,-3.119225156462978177e+01,-9.062083376430019044e+00,-1.274197882744099175e-01,3.972649359130897562e-02,2.799747680664061988e-01,7.000002776489258061e-01,-3.786498827880851792e+00,6.468499228515618427e-01,2.197827148437500141e-05,-2.213479474414052106e+01,-1.026399906250000527e+01,9.118945312500001616e-05
1.432277158336697775e-02,2.857112986004359256e-01,7.088589350234749675e-01,-3.964542998126783235e+00,6.758171896921936206e-01,5.777216614897006525e-03,-2.529997711365263413e+01,-1.058905809014929744e+01,-1.073609930394825440e-01,8.696638686423452391e-04,2.859044907093440946e-01,7.000005018861054085e-01,-3.972980650668923364e+00,5.365614177863249346e-01,2.285838551775999888e-05,-1.500493496852296715e+01,-1.178352668398981073e+01,8.472249801600005451e-05
-2.715458189369016062e-02,2.912607721083400047e-01,7.089076611945295259e-01,-4.147735347705713949e+00,5.549473507904069125e-01,4.872617105456921935e-03,-1.831923495789306600e+01,-1.208698389017867214e+01,-9.045995094400849368e-02,-3.948036669112797714e-02,2.906564668967708265e-01,7.000007345900932654e-01,-4.083682186938101033e+00,4.114219328159107181e-01,2.367054495121500481e-05,-7.001507250484806377e+00,-1.323025611885976183e+01,7.760265968700000663e-05
-6.966861933280378560e-02,2.954572230858711901e-01,7.089487653765943476e-01,-4.251403743911362554e+00,4.196450977531200888e-01,4.110418206476906117e-03,-1.036683962056482677e+01,-1.353022530372868459e+01,-7.621988989800154712e-02,-8.052452427558370873e-02,2.940862250436507286e-01,7.000009750491201777e-01,-4.110603099115481385e+00,2.722793837109805382e-01,2.440834801664000227e-05,1.723159286917844035e+00,-1.458002320343941882e+01,6.985567948800003335e-05
-1.123417286138147786e-01,2.981644283539644502e-01,7.089834473390512759e-01,-4.267310928101099243e+00,2.707205268093234585e-01,3.468196245698139998e-03,-1.590718418973628756e+00,-1.489245709437966170e+01,-6.422219607787660323e-02,-1.213918787277597500e-01,2.960589987649104859e-01,7.000012224887190992e-01,-4.047425963344402078e+00,1.202286876801398063e-01,2.506566030353499881e-05,1.098463103331056523e+01,-1.580758798202117354e+01,6.150929640900009733e-05
-1.542319298801124727e-01,2.992569714785175417e-01,7.090127178898781857e-01,-4.189020126629770857e+00,1.092543124553077838e-01,2.927055082692730289e-03,7.829080147132864376e+00,-1.614662143540156691e+01,-5.411411630054097088e-02,-1.611580959066988283e-01,2.964522510625998697e-01,7.000014760745000286e-01,-3.889842714062980544e+00,-4.337736375600115962e-02,2.563663499999999684e-05,2.056528994994009807e+01,-1.688661171612000089e+01,5.259330000000001025e-05
-1.943541988695668132e-01,2.986230286263088507e-01,7.090374286012112170e-01,-4.012226898945434606e+00,-6.339428522087142692e-02,2.471071133300650063e-03,1.767932276843360739e+01,-1.726485976761792074e+01,-4.559839493920803122e-02,-1.988672084908318372e-01,2.951583083913295047e-01,7.000017349151290702e-01,-3.635891887993173643e+00,-2.169170019833376595e-01,2.611573366293500328e-05,3.021325362861331243e+01,-1.778963389373336668e+01,4.313958329100007615e-05
-2.317052163896687333e-01,2.961672412728655335e-01,7.090582968584131507e-01,-3.735101752010193010e+00,-2.455787353443299181e-01,2.086825720188011709e-03,2.771251469352417729e+01,-1.821844501234584968e+01,-3.842454131126382677e-02,-2.335568132183030721e-01,2.920871069010608223e-01,7.000019980655182161e-01,-3.286306667540513260e+00,-3.984881486054044353e-01,2.649774751744000048e-05,3.964129535063501208e+01,-1.848804923860091520e+01,3.318219571200001379e-05
-2.652916518999429707e-01,2.918136819963310646e-01,7.090759269685081856e-01,-3.358643551027426177e+00,-4.353559276534469946e-01,1.763011009508041148e-03,3.764582009827667264e+01,-1.897771923091170621e+01,-3.238147106799704744e-02,-2.642868025583542391e-01,2.871690531563213522e-01,7.000022645302308444e-01,-2.844873723604334881e+00,-5.858968528470905879e-01,2.677781928541500385e-05,4.852576414574789254e+01,-1.895208471946437712e+01,2.275739601300010487e-05
-2.941620892283843824e-01,2.855089190102516605e-01,7.090908279480622189e-01,-2.887043732844140287e+00,-6.304762986079427423e-01,1.490097955397872483e-03,4.715998181832857483e+01,-1.951203709544957832e+01,-2.729130541101687513e-02,-2.901717388078568494e-01,2.803580016309202838e-01,7.000025332671081513e-01,-2.318802857798873518e+00,-7.766454990509652490e-01,2.695146554335999943e-05,5.650550485106976595e+01,-1.915077655932734046e+01,1.190370518400000107e-05
-3.174427024574896228e-01,2.772251845695150041e-01,7.091034285130198844e-01,-2.328061322910526698e+00,-8.283734440736645332e-01,1.260056495770633164e-03,5.589824099336135532e+01,-1.978971454657218487e+01,-2.300414596272393197e-02,-3.104169786071113712e-01,2.716343512772373403e-01,7.000028031911210702e-01,-1.719107444084714498e+00,-9.679207842661903261e-01,2.701459960937500546e-05,6.318077817003332797e+01,-1.905194724471501289e+01,6.619593750000798218e-07
-3.343767900122426862e-01,2.669636519397176611e-01,7.091140897108000329e-01,-1.693408755475304561e+00,-1.026153262979732084e+00,1.066119778015250236e-03,6.346525674352221102e+01,-1.977798189060676037e+01,-1.939367177553830146e-02,-3.243586558689989796e-01,2.610082634691601733e-01,7.000030731784552263e-01,-1.060995669810943731e+00,-1.156581465930031971e+00,2.696355495935999689e-05,6.811218073132486950e+01,-1.862218253493414721e+01,-1.092463718399993200e-05
-3.443682749771783680e-01,2.547578252445016900e-01,7.091231155656679830e-01,-9.991484964935665181e-01,-1.220582669521595998e+00,9.025854867956699824e-04,6.942602589817380476e+01,-1.944294065418639050e+01,-1.635342912195802967e-02,-3.315076311156492928e-01,2.485230036177428492e-01,7.000033420708311471e-01,-3.642725761678805574e-01,-1.339145879641992165e+00,2.679510917241499461e-05,7.081956514782207535e+01,-1.782680847133268287e+01,-2.281045926300001239e-05
-3.470292796646468614e-01,2.406770461883981638e-01,7.091307620500298947e-01,-2.661004687468467855e-01,-1.408077905610351621e+00,7.646484361957688915e-04,7.330480277467196970e+01,-1.874952360887557035e+01,-1.379370505999011343e-02,-3.315975152166285023e-01,2.342584087586603858e-01,7.000036086800672797e-01,3.462471019493679747e-01,-1.511779227030496608e+00,2.650650840544001427e-05,7.078096007553391189e+01,-1.662986838655975319e+01,-3.494740771199996039e-05
-3.422318824520280689e-01,2.248301213854993486e-01,7.091372446450999734e-01,4.797397212618791373e-01,-1.584692480289880745e+00,6.482595070044000398e-04,7.458401900087258696e+01,-1.766145746795290705e+01,-1.163889291913688950e-02,-3.246368755228763447e-01,2.183344834105344079e-01,7.000038717928906973e-01,1.040315296667011724e+00,-1.670280633712219798e+00,2.609549239693499670e-05,6.743149027253774364e+01,-1.499409991382529483e+01,-4.728485654099997545e-05
-3.301641649019446123e-01,2.073690737990877830e-01,7.091427447129394768e-01,1.206771755008343661e+00,-1.746104758641156662e+00,5.500067839505845893e-04,7.270320337464644922e+01,-1.614122783512758375e+01,-9.825272305381549387e-03,-3.109660000000000202e-01,2.009150000000000102e-01,7.000039999999999596e-01,1.681815999999999978e+00,-1.810070000000000068e+00,2.599999999999999840e-05,6.016229599999999778e+01,-1.288091200000000036e+01,-6.000000000000000152e-05
-3.113906906436945676e-01,1.884930063059149230e-01,7.091474027609546704e-01,1.877347425825004024e+00,-1.887606749317284560e+00,4.658048015159005806e-04,6.705756708166602209e+01,-1.415019906761279955e+01,-8.420198243468401955e-03,-2.912951101992771741e-01,1.822091098464491410e-01,7.000042567949755767e-01,2.237023223671844807e+00,-1.927278707839553018e+00,2.533879076827699750e-05,5.095896644782173013e+01,-1.058330501482896935e+01,-7.212250099380000559e-05
-2.868187506848615120e-01,1.684396625192797481e-01,7.091513588437413640e-01,2.457193995883307114e+00,-2.005334378663517825e+00,3.956082786676912285e-04,5.798465700583030724e+01,-1.177276293462331225e+01,-7.019652284820931953e-03,-2.665243548512559735e-01,1.624437689408376184e-01,7.000045063836934922e-01,2.702582887062850769e+00,-2.022184190053696984e+00,2.455994694252800173e-05,4.223190258749575321e+01,-8.420118672384692360e+00,-8.352594860159995066e-05
-2.574260530706844463e-01,1.474478118253862435e-01,7.091547234094089935e-01,2.939269761417704352e+00,-2.099185069389351455e+00,3.364565667645086485e-04,4.820757655343971493e+01,-9.385069072583357652e+00,-5.915171190318257999e-03,-2.375264845992351159e-01,1.418353041250294821e-01,7.000047476258531853e-01,3.083231132024589982e+00,-2.096125887399367116e+00,2.367068634833300109e-05,3.397579480973318056e+01,-6.390367520908256438e+00,-9.420506909339997059e-05
-2.241539583269810676e-01,1.257430299881606983e-01,7.091575876519559118e-01,3.327209474370337983e+00,-2.170478183722553300e+00,2.864242546927847871e-04,3.879397129526336130e+01,-7.129311433320192570e+00,-5.003231207172387229e-03,-2.051271547028289122e-01,1.205867003824592082e-01,7.000049794535769809e-01,3.383650848528153787e+00,-2.150432398672154743e+00,2.267827385139200124e-05,2.618530655666320683e+01,-4.492866828591518313e+00,-1.041557440511999737e-04
-1.878852630895502807e-01,1.035349262103682499e-01,7.091600279012931773e-01,3.626869523743079693e+00,-2.220810377779244060e+00,2.440249337284589384e-04,2.996600493727417103e+01,-5.033219405669056457e+00,-4.239932096432585951e-03,-1.701054584833071037e-01,9.888771940087738577e-02,7.000052008718210539e-01,3.608471531446390212e+00,-2.186419434166859688e+00,2.159000932812499827e-05,1.885509957544187642e+01,-2.726221835785628045e+00,-1.133751056249999892e-04
-1.494416242419893959e-01,8.101702294597812326e-02,7.091621082939475462e-01,3.844363884756087923e+00,-2.251790326439012446e+00,2.080392654370872185e-04,2.174943610130084082e+01,-3.097994865976850143e+00,-3.598566829137173073e-03,-1.331944609384325129e-01,7.691503913788029501e-02,7.000054109586621998e-01,3.762269389872211267e+00,-2.205387661660124898e+00,2.041321468371199945e-05,1.197985917186112914e+01,-1.088817007209607723e+00,-1.218616317888000051e-04
-1.095852831653540971e-01,5.836721477277526104e-02,7.091638827793452782e-01,3.985634107663530212e+00,-2.264980817320286111e+00,1.774485397784570382e-04,1.412702229074423954e+01,-1.319049088127350888e+00,-3.059072565863019122e-03,-9.508173000143527176e-02,5.483241546400319244e-02,7.000056088654483810e-01,3.849567708972998048e+00,-2.208620444915160075e+00,1.915521991757299845e-05,5.554319463957696712e+00,4.211947158410804803e-01,-1.296152415966000102e-04
-6.902150370393322909e-02,3.574832560891916949e-02,7.091653967523641189e-01,4.056377946142087687e+00,-2.261888916385609072e+00,1.513973018853804098e-04,7.074383847855787444e+00,3.091900934677085933e-01,-2.605123789307661752e-03,-5.640986291876248782e-02,3.279086695815569552e-02,7.000057938168066096e-01,3.874837464381095664e+00,-2.197381474708545834e+00,1.782334823628800322e-05,-4.267113643777875609e-01,1.805902663285957388e+00,-1.366373904383999538e-04
-2.840091831602357952e-02,1.330865996702082499e-02,7.091666884151129890e-01,4.062058538790965123e+00,-2.243966564189834312e+00,1.291662748855499265e-04,5.680592648877489381e-01,1.792235219577485994e+00,-2.223102699983048325e-03,-1.777700522124175952e-02,1.092888393017815707e-02,7.000059651104963976e-01,3.842498189120393981e+00,-2.172912292379129084e+00,1.642490021395700482e-05,-5.968325809792062842e+00,3.067649184050994293e+00,-1.429311652961999903e-04
1.167837058779739451e-02,-8.817468132972485634e-03,7.091677899209988256e-01,4.007928890382097542e+00,-2.212612809999331187e+00,1.101505885838788680e-04,-5.412964840886714590e+00,3.135375419050316470e+00,-1.901568630167105312e-03,2.026264023669988035e-02,-1.062733725469997004e-02,7.000061221171000048e-01,3.756919093069000404e+00,-2.136429705899000275e+00,1.496713700000000062e-05,-1.107549179585998900e+01,4.209040393859995177e+00,-1.485013799999999927e-04
5.066893855302329053e-02,-3.050922529083184911e-02,7.091687283377903217e-01,3.899056796522589519e+00,-2.169175715785936376e+00,9.384167915091839009e-05,-1.088720938595078636e+01,4.343709421339490895e+00,-1.630890943296048334e-03,5.719831669512587258e-02,-3.176363347472344056e-02,7.000062642795407131e-01,3.622420434958002033e+00,-2.089123098466558748e+00,1.345726257439700082e-05,-1.575302741947578511e+01,5.232956923026053531e+00,-1.533546704837999866e-04
8.807241072859003927e-02,-5.165876092297291833e-02,7.091695264587125624e-01,3.740347217556674764e+00,-2.114953563214107213e+00,7.981209222391821389e-05,-1.587095789659148082e+01,5.422215257182906534e+00,-1.402958692700018162e-03,9.256223188934709079e-02,-5.237758669901476649e-02,7.000063911124183580e-01,3.443275146906319861e+00,-2.032151629621662181e+00,1.190240505036799777e-05,-2.000557569724395535e+01,6.142564664242991412e+00,-1.574995900415999885e-04
1.234380291212723579e-01,-7.217071453285703320e-02,7.091702034855862369e-01,3.536561839268231644e+00,-2.051195360988410599e+00,6.770268736457867693e-05,-2.037853782884432619e+01,6.375820222569683615e+00,-1.210940485933953426e-03,1.259290939587087710e-01,-7.237820730874000574e-02,7.000065022011529026e-01,3.223710711491650116e+00,-1.966641328882860806e+00,1.030959702449300001e-05,-2.383757931187038537e+01,6.941325520376777192e+00,-1.609467045833999795e-04
1.563613904791156806e-01,-9.196172176379893703e-02,7.091707756041381039e-01,3.292336135784332818e+00,-1.979100723094189718e+00,5.721185518792142570e-05,-2.442257034838986840e+01,7.209463789422093427e+00,-1.049083217665724987e-03,1.569156673887658338e-01,-9.168558781725710816e-02,7.000065972009273940e-01,2.967911291357489212e+00,-1.893682081906721937e+00,8.685754974271998646e-06,-2.725325535855328951e+01,7.633008152256964607e+00,-1.637086878911999874e-04
1.864833337571167315e-01,-1.109599137101335009e-01,7.091712564684160558e-01,3.012194327800106208e+00,-1.899819194633456609e+00,4.808642780060827905e-05,-2.801418079842263609e+01,7.928152846073313498e+00,-9.125427387313145289e-04,1.851803515122100730e-01,-1.102305259144680250e-01,7.000066758354195340e-01,2.680020111356264056e+00,-1.814324509169234378e+00,7.037657703124994919e-06,-3.025657009137438536e+01,8.221698726468124718e+00,-1.658004168750000062e-04
2.134889597332645106e-01,-1.291044046500097464e-01,7.091716576085694834e-01,2.700562597614778237e+00,-1.814449093987624995e+00,4.011401534749163810e-05,-3.116317301853280242e+01,8.537010064583162361e+00,-7.972412453116639597e-04,2.104227840939095207e-01,-1.279541157605955104e-01,7.000067378953132025e-01,2.364142093228538410e+00,-1.729576737169301826e+00,5.371923832831990728e-06,-3.285121366968975565e+01,8.711811663141274309e+00,-1.672390668287999970e-04
2.371067684609028670e-01,-1.463447639519782906e-01,7.091719887740094430e-01,2.361780872763836747e+00,-1.724035930196854416e+00,3.311654399356049724e-05,-3.387817248509415435e+01,9.041316379077064980e+00,-6.997471353931139504e-04,2.323834725254180777e-01,-1.448073064546048783e-01,7.000067832365804987e-01,2.024346742818312173e+00,-1.640401062154320133e+00,3.694988343412989495e-06,-3.504057490452105128e+01,9.108100383745311390e+00,-1.680442066865999698e-04
2.571079028876736561e-01,-1.626404684060842876e-01,7.091722582220706395e-01,2.000113442677078801e+00,-1.629570445410600810e+00,2.694480611942167057e-05,-3.616674300867581593e+01,9.446548478625368617e+00,-6.171737874138827351e-04,2.508434551543212154e-01,-1.607504266024922801e-01,7.000068117785236410e-01,1.664671289824412703e+00,-1.547710506367845795e+00,2.013078160448009086e-06,-3.682771600494626796e+01,9.415668058878440050e+00,-1.682378942783999847e-04
2.733054892035713390e-01,-1.779603316508284183e-01,7.091724729607036259e-01,1.619758631589770292e+00,-1.531986324474414296e+00,2.147386329398541703e-05,-3.803548110873084198e+01,9.758412093618654026e+00,-5.470942825436253543e-04,2.656239952737751708e-01,-1.757526739106601843e-01,7.000068235015686202e-01,1.289124080087970858e+00,-1.452365266819338530e+00,3.321867898370051467e-07,-3.821534732449120497e+01,9.639978356059627274e+00,-1.678447715861999898e-04
2.855540663626341957e-01,-1.922819077219511674e-01,7.091726389523805851e-01,1.224857715906285449e+00,-1.432157607112275244e+00,1.659916769900464435e-05,-3.949009156834847545e+01,9.982871736213905223e+00,-4.874695594980771318e-04,2.765863102975997800e-01,-1.897915687295999576e-01,7.000068184447999498e-01,9.016882204159993863e-01,-1.355169056576001063e+00,-1.341951999999993619e-06,-3.920580210752000028e+01,9.786866187519995819e+00,-1.668921599999999847e-04
2.937490988088954369e-01,-2.055908660478263927e-01,7.091727612852687379e-01,8.195032446261236725e-01,-1.330895832587521310e+00,1.223328881219069836e-05,-4.053544712801618033e+01,1.012617745247538714e+01,-4.365878886813945314e-04,2.836313386462899211e-01,-2.028523704731044486e-01,7.000067967032280736e-01,5.063254759410495964e-01,-1.256865338576702129e+00,-3.003891448482995602e-06,-3.980101123562653243e+01,9.862548457994288142e+00,-1.654101555737999942e-04
2.978265677738071715e-01,-2.178803354680684812e-01,7.091728443167683027e-01,4.077468964911716842e-01,-1.228946942024208289e+00,8.303149960119979815e-06,-4.117563481349520060e+01,1.019488905633129505e+01,-3.930138852070719224e-04,2.866995468693027127e-01,-2.149274558382291977e-01,7.000067584247787744e-01,1.069804200169395259e-01,-1.158133451967979344e+00,-4.648500025791995320e-06,-4.000247797402523986e+01,9.873634812512273484e+00,-1.634317242815999877e-04
2.977626376386442453e-01,-2.291502150641548941e-01,7.091728917937120125e-01,-6.393013516292733733e-03,-1.126987959608641399e+00,4.747694372774821485e-06,-4.141399100074644224e+01,1.019589824155668190e+01,-3.555455587345157653e-04,2.857707795289818331e-01,-2.260156577512246745e-01,7.000067038069958114e-01,-2.924151633493639046e-01,-1.059584630962131513e+00,-6.270990608347001865e-06,-3.981125271794230969e+01,9.827138384190208242e+00,-1.609927972733999886e-04
2.935733948044778607e-01,-2.394064497696757055e-01,7.091729069528419638e-01,-4.189242834166408969e-01,-1.025623470552080585e+00,1.515912996174525939e-06,-4.125312699003481498e+01,1.013644890565607426e+01,-3.231781376600295630e-04,2.808641543714833211e-01,-2.361215639646597197e-01,7.000066330934470171e-01,-6.879376245298645109e-01,-9.617579162174020313e-01,-7.866950606848004487e-06,-3.922790773900658223e+01,9.730486542022239504e+00,-1.581323661311999937e-04
2.853146573120562413e-01,-2.486602688784969317e-01,7.091728926046120263e-01,-8.258737492421608373e-01,-9.253819108821236261e-01,-1.434822991730991422e-06,-4.069494658255199226e+01,1.002415596699569100e+01,-2.950735987905517277e-04,2.720380053100583395e-01,-2.452547742309570955e-01,7.000065465698241951e-01,-1.075666540771484048e+00,-8.651159587402350581e-01,-9.432373046875004041e-06,-3.825251193164064034e+01,9.591531638671868976e+00,-1.548925781249999739e-04
2.730818541278439149e-01,-2.569273856960915814e-01,7.091728512028813158e-01,-1.223280318421234858e+00,-8.267116817594628575e-01,-4.140173067957400920e-06,-3.974065691790740118e+01,9.867022912266076418e+00,-2.705350076226409328e-04,2.593898757460574855e-01,-2.534291149775623753e-01,7.000064445597279361e-01,-1.451679556155978101e+00,-7.700407163096303353e-01,-1.096368860204799511e-05,-3.688460555945182762e+01,9.418561758263352957e+00,-1.513188314687999834e-04
2.570099735803447194e-01,-2.642271566862813836e-01,7.091727849026596697e-01,-1.607188054749918438e+00,-7.299770990189830000e-01,-6.630022167253793615e-06,-3.839077363286835975e+01,9.673458274047984418e+00,-2.489849099296392865e-04,2.430565647530179008e-01,-2.606618104089668542e-01,7.000063274201268060e-01,-1.812046969023726639e+00,-6.768290424235781089e-01,-1.245779857974700386e-05,-3.512317500162335193e+01,9.220311464173134297e+00,-1.474598705765999712e-04
2.372735809093596271e-01,-2.705816985557885079e-01,7.091726956077240018e-01,-1.973639267098510119e+00,-6.354541869507115415e-01,-8.929493562193594416e-06,-3.664512123485917527e+01,9.452291206827140968e+00,-2.299471394939800462e-04,2.232142286491901051e-01,-2.669726089608039921e-01,7.000061955364819122e-01,-2.152826066861440957e+00,-5.856881677675773723e-01,-1.391210885939200877e-05,-3.296662749930517577e+01,9.005972546821324087e+00,-1.433678813183999980e-04
2.140869052940576889e-01,-2.760149617949642087e-01,7.091725850096380901e-01,-2.318667561530194376e+00,-5.433263239175687431e-01,-1.105980858633388937e-05,-3.450282944316840883e+01,9.212786303314285163e+00,-2.130315024140294611e-04,2.000785404838709147e-01,-2.723828640312432880e-01,7.000060493175279674e-01,-2.470055208653807899e+00,-4.967310742052428729e-01,-1.532456478328300179e-05,-3.041276590200516239e+01,8.785204771463059004e+00,-1.390985862761999394e-04
1.877039970655243750e-01,-2.805517592570801466e-01,7.091724546194635437e-01,-2.638290822853331719e+00,-4.536797462115939594e-01,-1.303901745164422351e-05,-3.196232613231373065e+01,8.964657770597479924e+00,-1.979208865310333465e-04,1.739049099628997563e-01,-2.769145679149001005e-01,7.000058891896999702e-01,-2.759747654698999408e+00,-4.099717612909998810e-01,-1.669368700000000699e-05,-2.745876341397998033e+01,8.568146625979993658e+00,-1.347113399999999475e-04
1.584189560957709464e-01,-2.842167484125099342e-01,7.091723057932476371e-01,-2.928504096975341309e+00,-3.664989155429781431e-01,-1.488262159321569896e-05,-2.902132741220095369e+01,8.718083066861581187e+00,-1.843604141571475452e-04,1.449887663386780212e-01,-2.805893378644816472e-01,7.000057155911967310e-01,-3.017885143888138888e+00,-3.253204053048619482e-01,-1.801860826036298882e-05,-2.410113834062647697e+01,8.365426068671711235e+00,-1.302692242637999904e-04
1.265662325964577173e-01,-2.870333659595846743e-01,7.091721397522000592e-01,-3.185272349931321134e+00,-2.816617547074740102e-01,-1.660410476207514971e-05,-2.567682529559796478e+01,8.483716083550410403e+00,-1.721483168859450075e-04,1.136659067900777087e-01,-2.834273532053928624e-01,7.000055289656724744e-01,-3.240411218448646213e+00,-2.425784108092878810e-01,-1.929911116595199575e-05,-2.033572883487214256e+01,8.188171276047155445e+00,-1.258391433216000433e-04
9.252100176389158048e-02,-2.890227135122104274e-01,7.091719575983265189e-01,-3.404523083256613347e+00,-1.989347552625762017e-01,-1.821538735951085204e-05,-2.192507333252923019e+01,8.272699944489779966e+00,-1.611282597435703678e-04,8.031291281759456169e-02,-2.854462424285203470e-01,7.000053297555449694e-01,-3.423224296151487156e+00,-1.614333547281399106e-01,-2.053566687018699698e-05,-1.615766764356669682e+01,8.048021390616030502e+00,-1.214919191633999807e-04
5.669961387817514659e-02,-2.902023931166117232e-01,7.091717603261639136e-01,-3.582138788571643140e+00,-1.179679604401301651e-01,-1.972721626579739069e-05,-1.776157053150299703e+01,8.096679482244603321e+00,-1.511828906286538654e-04,4.534763717911149961e-02,-2.866599191864159235e-01,7.000051183949131950e-01,-3.562170489982380506e+00,-8.145382294771330578e-02,-2.172947473196800195e-05,-1.156135685387272360e+01,7.957137268680332554e+00,-1.173023867711999428e-04
1.956012160874645578e-02,-2.905852913767633661e-01,7.091715488311596260e-01,-3.713949226942869331e+00,-3.828982601516674189e-02,-2.114950043412607090e-05,-1.318104383712263683e+01,7.967813442496342269e+00,-1.422284168328680209e-04,9.229763891624831462e-03,-2.870773661181025282e-01,7.000048953020726605e-01,-3.653036175276859421e+00,-2.084139439860743792e-03,-2.288250292187500175e-05,-6.540442639656902202e+00,7.928212228125628869e+00,-1.133494893749999573e-04
-1.839711359980532313e-02,-2.901783109909920055e-01,7.091713239151500314e-01,-3.795723520855177835e+00,4.069803857713373552e-02,-2.249160095728670956e-05,-8.177429391230846889e+00,7.898786459230048074e+00,-1.342100523160638659e-04,-2.753855617568856662e-02,-2.867013654277201229e-01,7.000046608716199437e-01,-3.691540304319259835e+00,7.736101209280876745e-02,-2.399752998092798993e-05,-1.087790007881139331e+00,7.974482796212631897e+00,-1.097163737087999806e-04
-5.662873408525456037e-02,-2.889810485215404956e-01,7.091710862893209066e-01,-3.823162048544923586e+00,1.197262469451489952e-01,-2.376258291096940229e-05,-2.743852768974567091e+00,7.902820836801525139e+00,-1.270981953682692733e-04,-6.441199159172841804e-02,-2.855271751422344684e-01,7.000044154661382301e-01,-3.673326468405671452e+00,1.577020740496264395e-01,-2.507818733190700180e-05,4.804542455006696855e+00,8.109739457368570825e+00,-1.064904852665999257e-04
-9.454761540581657631e-02,-2.869844172351627698e-01,7.091708365749697096e-01,-3.791888132056201677e+00,1.996631286377718584e-01,-2.497143512509898908e-05,3.127391648872210883e+00,7.993688169262284759e+00,-1.208852214129585434e-04,-1.008012360116642137e-01,-2.835411499734302176e-01,7.000041594074509765e-01,-3.593954707370703883e+00,2.399002082425001348e-01,-2.612900274323200268e-05,1.114532783668151694e+01,8.348337400978612877e+00,-1.037636635583999748e-04
-1.315220105232295100e-01,-2.841692138665295464e-01,7.091705753023386238e-01,-3.697439511741293483e+00,2.815203368633237280e-01,-2.612726310795617041e-05,9.444862031490810494e+00,8.185720822555186516e+00,-1.155827982857182690e-04,-1.360721306577241108e-01,-2.807193057094067301e-01,7.000038929674377020e-01,-3.448893066578211819e+00,3.250629966844322816e-01,-2.715544474540299802e-05,1.794419615255011990e+01,8.705207269177288154e+00,-1.016322373661999025e-04
-1.668746065339516416e-01,-2.805046281677809339e-01,7.091703029077439657e-01,-3.535259601072213265e+00,3.664585698748616394e-01,-2.723945946634438747e-05,1.621799106690802361e+01,8.493823301153792471e+00,-1.112196358388217732e-04,-1.695440000000000003e-01,-2.770250000000000212e-01,7.000039999999999596e-01,-3.233509000000000189e+00,4.144510000000000138e-01,-2.799999999999999958e-05,2.521165999999999840e+01,9.195866000000000540e+00,-1.000000000000000048e-04
-1.998814083520218665e-01,-2.759465889878974787e-01,7.091700670798957162e-01,-3.300680181807023050e+00,4.558039179883432990e-01,-2.358278482135263302e-05,2.345794192651901255e+01,8.934534811348164851e+00,3.656674644991753098e-04,-2.004985971076302387e-01,-2.724117759206454159e-01,7.000037150165926425e-01,-2.945933398159663597e+00,5.090399226174833203e-01,-2.899506163844299948e-05,3.209871783134268242e+01,9.703545523299720088e+00,-9.902784918580000563e-05
-2.298033113732728117e-01,-2.704414487476776707e-01,7.091698247159581303e-01,-2.992190302125093293e+00,5.505140240219797976e-01,-2.423639376107951127e-05,3.084898796819297573e+01,9.471010603363648528e+00,-6.536089397268796120e-05,-2.282533467831518448e-01,-2.668291118172329557e-01,7.000034201296897463e-01,-2.595544293750967402e+00,6.081561120420523325e-01,-2.998084121875199963e-05,3.778293456880565060e+01,1.010149325037179047e+01,-9.814094354560000161e-05
-2.559882212310281568e-01,-2.639406764391402094e-01,7.091695668646792461e-01,-2.618490985775535407e+00,6.500772308537462463e-01,-2.578512789137617103e-05,3.736993163495579751e+01,9.956320683176640429e+00,-1.548734130296658407e-04,-2.522393919756168446e-01,-2.602372032394319468e-01,7.000031154281172174e-01,-2.194110210180102438e+00,7.107078610907333616e-01,-3.095811056814700205e-05,4.231655196712032563e+01,1.039087125233717224e+01,-9.732302934940000223e-05
-2.779050598536995098e-01,-2.564065335922184885e-01,7.091692924839211321e-01,-2.191683862267133076e+00,7.534142846921723091e-01,-2.743807580649677852e-05,4.268071235084023840e+01,1.033370538384260229e+01,-1.652947915120606126e-04,-2.720029226480374929e-01,-2.526071006506350192e-01,7.000028009938085161e-01,-1.752869442842107439e+00,8.156163059592758113e-01,-3.192747506892799095e-05,4.575336217554040985e+01,1.057308865479004112e+01,-9.655706705920000742e-05
-2.951455930345358025e-01,-2.478131117356220103e-01,7.091690022435848118e-01,-1.724053318083627939e+00,8.593421856596468178e-01,-2.902403363489509963e-05,4.676305441835051369e+01,1.059279009674744643e+01,-1.585957828398321112e-04,-2.871997971473741473e-01,-2.439205683893500842e-01,7.000024769035085859e-01,-1.282514906123018994e+00,9.218179723959993854e-01,-3.288936567187499205e-05,4.814863754836311216e+01,1.064981676362000051e+01,-9.582520562500000325e-05
-3.074188370377441970e-01,-2.381462802159458880e-01,7.091686970815309632e-01,-1.227324400320837672e+00,9.666831519676120088e-01,-3.051620538481232428e-05,4.967289177627901609e+01,1.073409663079651644e+01,-1.492171749917226009e-04,-2.975900155540164294e-01,-2.341699174125632665e-01,7.000021432305592040e-01,-7.931796822968615324e-01,1.028267473133852583e+00,-3.384403065260799145e-05,4.955906045545012972e+01,1.062300419083427983e+01,-9.510875678080001180e-05
-3.145438741141589056e-01,-2.274033805486255777e-01,7.091683778836708196e-01,-7.125037076414734161e-01,1.074289966732030255e+00,-3.191978601693230442e-05,5.148206926793642424e+01,1.076068147644182105e+01,-1.403580632119982852e-04,-3.030320520297106190e-01,-2.233578103084892796e-01,7.000018000467683743e-01,-2.944232723173771937e-01,1.133940356580705133e+00,-3.479152711090699186e-05,5.004265309274889262e+01,1.049489198037995052e+01,-9.438816934060000562e-05
-3.164424225269195645e-01,-2.155928604138957205e-01,7.091680454275719470e-01,-1.898548412760681092e-01,1.181052013472985607e+00,-3.324560989079789646e-05,5.226488663654053113e+01,1.067620467409554408e+01,-1.325823873865594749e-04,-3.034770531828764328e-01,-2.114970370661284904e-01,7.000014474243649865e-01,2.047814514954344745e-01,1.237836106767855160e+00,-3.573171221299199275e-05,4.965870729281373031e+01,1.026802873396613336e+01,-9.364300349440001176e-05
-3.131314492032948871e-01,-2.027338884437351885e-01,7.091677003858395389e-01,3.310973323624653020e-01,1.285897197016054205e+00,-3.450417323558381018e-05,5.209521736385333668e+01,1.048451835430685364e+01,-1.258563344785912363e-04,-2.989629094702644929e-01,-1.986102600890472247e-01,7.000010854380436243e-01,6.960605908739871950e-01,1.338981294556762514e+00,-3.666423417676299614e-05,4.846771433532694573e+01,9.945285736886203765e+00,-9.285190510420001265e-05
-3.047158679002611170e-01,-1.888559554333175683e-01,7.091673433413651084e-01,8.415581303033744520e-01,1.387793301041762684e+00,-3.570444744460716553e-05,5.104607979409091456e+01,1.018961040257084072e+01,-1.200274209023355354e-04,-2.896082066539000799e-01,-1.847297269408000320e-01,7.000007141670999689e-01,1.171650865126998564e+00,1.436432880103999832e+00,-3.758852299999999722e-05,4.653129475762001732e+01,9.529872083840000840e+00,-9.199258000000000955e-05
-2.913813124214988393e-01,-1.739984596504615399e-01,7.091669748034485909e-01,1.333455547876226222e+00,1.485749578285602723e+00,-3.685379165059338749e-05,4.918974175728517650e+01,9.795627724384015522e+00,-1.149344205986224665e-04,-2.756060643322624237e-01,-1.698969493094112937e-01,7.000003336976602375e-01,1.624410552768583482e+00,1.529281666584430877e+00,-3.850378093152300059e-05,4.391212816519469442e+01,9.025349804756039873e+00,-9.104176827580000471e-05
-2.733869658512373957e-01,-1.582102724222412826e-01,7.091665952225055802e-01,1.799434657026143913e+00,1.578818722822024290e+00,-3.795809430384762014e-05,4.659791091499175764e+01,9.306914453642152196e+00,-1.104302653254229938e-04,-2.572178685646468455e-01,-1.541623466783336172e-01,6.999999441250077670e-01,2.047829731252563068e+00,1.616655905172606822e+00,-3.940897268531200106e-05,4.067388304224419926e+01,8.435648990613708875e+00,-8.997521858560001058e-05
-2.510584281823513009e-01,-1.415492801560413183e-01,7.091662050030835829e-01,2.232853766888609925e+00,1.666099226619996099e+00,-3.902194220135652461e-05,4.334191098624661009e+01,8.728050379797171132e+00,-1.063847897508907181e-04,-2.347669056076577276e-01,-1.375848531913015649e-01,6.999995455560080737e-01,2.436039814811989057e+00,1.697725051282386044e+00,-4.030281539758699683e-05,3.688114656217432952e+01,7.765082919265491768e+00,-8.876766243940000488e-05
-2.247806079554932057e-01,-1.240818992275808108e-01,7.091658045153502732e-01,2.627782022685810404e+00,1.746738092846050527e+00,-4.004877332688444911e-05,3.949282557972005492e+01,8.063886622605449972e+00,-1.026831125527927213e-04,-2.086319037827802370e-01,-1.202314861984978278e-01,6.999991381116359435e-01,2.783822390403867697e+00,1.771703672064776747e+00,-4.118376832684800108e-05,3.259935439812458213e+01,7.018363181259159589e+00,-8.739278849920000761e-05
-1.949906267421838424e-01,-1.058825604700679435e-01,7.091653941052834531e-01,2.978998121330936666e+00,1.819933875751286401e+00,-4.104100668731508521e-05,3.512160986451260669e+01,7.319578290523592656e+00,-9.922333604306388111e-05,-1.792404904939788046e-01,-1.021768749714499769e-01,6.999987219296069929e-01,3.086617351759109784e+00,1.837855505164000203e+00,-4.205002229687500467e-05,2.789472053348937663e+01,6.200614805659998119e+00,-8.582321687500000899e-05
-1.621707281303295944e-01,-8.703316026936261385e-02,7.091649741037783228e-01,3.281989861185425017e+00,1.884940020070533073e+00,-4.200015050936972878e-05,3.029917398544883156e+01,6.500614431924663705e+00,-9.591438220546422144e-05,-1.470625714142704543e-01,-8.350274807407540023e-02,6.999982971671157017e-01,3.340530331537679753e+00,1.895497668731776830e+00,-4.289948888268799144e-05,2.283416707243912924e+01,5.317391385873005305e+00,-8.403047342080001935e-05
-1.268411852790058136e-01,-6.762247550207413360e-02,7.091645448348620207e-01,3.532954285132377414e+00,1.941068476728847747e+00,-4.292689163290003593e-05,2.509644239469526283e+01,5.612845665831457609e+00,-9.267411235303057992e-05,-1.126036388602180138e-01,-6.429737787729189469e-02,6.999978640036829125e-01,3.542339431588973131e+00,1.944005022699835994e+00,-4.372978933946699946e-05,1.748525405044137315e+01,4.374690205465073589e+00,-8.198496403060001061e-05
-8.955320314527032144e-02,-4.774553974998922701e-02,7.091641066231728630e-01,3.728798213373548887e+00,1.987693575208490326e+00,-4.382116891148474702e-05,1.958439282411715254e+01,4.662509847964254384e+00,-8.942772785847097339e-05,-7.639801637329876605e-02,-4.465498070461312863e-02,6.999974226441157965e-01,3.689501251317375274e+00,1.982814681310644644e+00,-4.453824327443199778e-05,1.191610924478191968e+01,3.378967363987256611e+00,-7.965594893440002043e-05
-5.088181320289981296e-02,-2.750297839000208355e-02,7.091636598008425052e-01,3.867138994237050653e+00,2.024256135998714345e+00,-4.468223303557611645e-05,1.383407808635016956e+01,3.656256079022389027e+00,-8.610641240913707861e-05,-3.900204652708630371e-02,-2.467507109614480720e-02,6.999969733215818390e-01,3.780156214153060912e+00,2.011430676906358794e+00,-4.532185706168299878e-05,6.195357985086186403e+00,2.337152902796927556e+00,-7.701151699420001238e-05
-1.141875992025274261e-02,-7.000300298462942827e-03,7.091632047138934913e-01,3.946305328264707146e+00,2.050267809153913934e+00,-4.550869490145321197e-05,7.916633402765651084e+00,2.601167315519980594e+00,-8.264618658770928050e-05,-9.872289792003385855e-04,-4.461768678400090948e-03,6.999965163007999536e-01,3.813133192127999838e+00,2.029428774976000049e+00,-4.607731199999999961e-05,3.920529638400438444e-01,1.256665930880002335e+00,-7.401856000000002066e-05
2.823462051586535931e-02,1.365285597336922743e-02,7.091627417282508894e-01,3.965338043611810193e+00,2.065315627183216929e+00,-4.629856426274831823e-05,1.903271534710305080e+00,1.504781802930311718e+00,-7.898693612951035448e-05,3.706668421302916627e-02,1.587694387264715346e-02,6.999960518813520549e-01,3.787953428557151891e+00,2.036461440460850536e+00,-4.680095221360299667e-05,-5.424395953088883005e+00,1.454297506731609957e-01,-7.064274696580002391e-05
6.747452771567497010e-02,3.434352359684254841e-02,7.091622712354492819e-01,3.923990719980960495e+00,2.069066762347332222e+00,-4.704928015641980128e-05,-4.134732363084983930e+00,3.751135164115155796e-01,-7.507158936714830588e-05,7.457862899423606251e-02,3.623001328785480091e-02,6.999955804011158689e-01,3.704833758824911616e+00,2.032262955318073772e+00,-4.748877229587199846e-05,-1.118429191593000027e+01,-9.881130161139690671e-01,-6.684849842560000859e-05
1.057018284605042158e-01,5.495625839684213643e-02,7.091617936581056103e-01,3.822730074482924678e+00,2.061273479999958358e+00,-4.775773436736014570e-05,-1.012606454980359949e+01,-7.793282347373698959e-01,-7.084542109403457744e-05,1.109731984110834124e-01,5.648416009313167452e-02,6.999951022398234191e-01,3.564689129276723545e+00,2.016654687342551266e+00,-4.813640469602700311e-05,-1.681772128048882209e+01,-2.134985302676589924e+00,-6.259896072940000539e-05
1.423291888249484660e-01,7.537404120611043701e-02,7.091613094552158270e-01,3.662736036444425469e+00,2.041778280926830558e+00,-4.842028897733603206e-05,-1.599940380384993688e+01,-1.949519907312780465e+00,-6.625546099758850005e-05,1.456876333917706823e-01,7.652477644216681973e-02,6.999946178227463012e-01,3.369134414215931184e+00,1.989550510246948622e+00,-4.873910684876800144e-05,-2.225462379762562293e+01,-3.285660471292519702e+00,-5.785598033920000358e-05
1.767882033216071624e-01,9.547923347355352641e-02,7.091608191273269801e-01,3.445901449665870864e+00,2.010519226744309051e+00,-4.903278888912560892e-05,-2.168345867785544812e+01,-3.125905418252147072e+00,-6.124999117895768563e-05,1.781788281860348377e-01,9.623687890625004515e-02,6.999941276245116306e-01,3.120485531005860569e+00,1.950962375000000026e+00,-4.929174804687499881e-05,-2.742486280273436350e+01,-4.430047187500003147e+00,-5.258007812500000095e-05
2.085365168246897660e-01,1.151545879070907247e-01,7.091603232216262542e-01,3.174831350308260358e+00,1.967535443353719993e+00,-4.959057007765161376e-05,-2.710700993576104523e+01,-4.298378339058899655e+00,-5.577811885260075542e-05,2.079303434466990008e-01,1.155061177337665668e-01,6.999936321730498845e-01,2.821759853277038044e+00,1.901006032423012915e+00,-4.978879605676800156e-05,-3.225829540522154559e+01,-5.557474294275483118e+00,-4.673042366079999268e-05
2.370649345921114759e-01,1.342843158894406197e-01,7.091598223369842691e-01,2.852841776742171653e+00,1.912972798234988892e+00,-5.008846420102625632e-05,-3.219895735660885805e+01,-5.456264511873103018e+00,-4.978941233746425610e-05,2.344594199338192742e-01,1.342198440919484259e-01,6.999931320536781909e-01,2.476675922239722549e+00,1.839906907044599027e+00,-5.022430347702700192e-05,-3.668484267798505982e+01,-6.656675686211414700e+00,-4.026480952059999420e-05
2.619045153377386748e-01,1.527552133697062109e-01,7.091593171289832798e-01,2.483958074562720775e+00,1.847089748026559342e+00,-5.052080010428167443e-05,-3.688837021794508075e+01,-6.588305020842962989e+00,-4.323359032554208170e-05,2.573239858224818377e-01,1.522682368034629086e-01,6.999926279133212859e-01,2.089652456101572131e+00,1.768006122213625630e+00,-5.059189383987200205e-05,-4.063455984689313993e+01,-7.715775183694033146e+00,-3.313962557439998941e-05
2.826336419953769385e-01,1.704578469036822086e-01,7.091588083149567012e-01,2.072912665763826823e+00,1.770263353397598660e+00,-5.088140266225111321e-05,-4.110454087988941296e+01,-7.682639462896062810e+00,-3.606025579694360772e-05,2.761296505953066971e-01,1.695454900904230233e-01,6.999921204648730244e-01,1.665806657590532591e+00,1.685766676470386471e+00,-5.088474745560300267e-05,-4.403770648026304002e+01,-8.722271407081164440e+00,-2.530983328419996706e-05
2.988850645548177809e-01,1.872878014905785815e-01,7.091582966790633824e-01,1.625142255944085345e+00,1.682995458689637625e+00,-5.116358933434700704e-05,-4.477704098197413884e+01,-8.726789470796113335e+00,-2.821866720958965402e-05,2.905366785006995300e-01,1.859510638384000991e-01,6.999916104917000004e-01,1.210951819582999800e+00,1.593779771175999560e+00,-5.109558699999999689e-05,-4.682481667833997108e+01,-9.663022650880003894e+00,-1.672893999999997743e-05
3.103529091300923359e-01,2.031469918325956303e-01,7.091577830774157265e-01,1.146784457527457946e+00,1.585919034201705324e+00,-5.136016476745602959e-05,-4.783577984166274177e+01,-9.707642448793224688e+00,-1.965754331090252549e-05,3.002669345579190852e-01,2.013909978930213396e-01,6.999910988522912714e-01,7.315942288370740343e-01,1.492771289400022461e+00,-5.121666284468299644e-05,-4.892676926277611926e+01,-1.052423175792493204e+01,-7.348973255799938270e-06
3.167996472345552816e-01,2.179450386258710570e-01,7.091572684432787543e-01,6.446738104462956809e-01,1.479804679327542560e+00,-5.146341369597401454e-05,-5.021106470811622557e+01,-1.061143548741627285e+01,-1.032489285179849503e-05,3.051107960899942517e-01,2.157792919017355593e-01,6.999905864850557435e-01,2.349293678311905609e-01,1.383608426066291752e+00,-5.123973813043199534e-05,-5.027485796610908153e+01,-1.129143099355525770e+01,2.879544934400078086e-06
3.180630190810889713e-01,2.316007114762246577e-01,7.091567537923549880e-01,1.263371846533700715e-01,1.365567285035360623e+00,-5.146509237472557445e-05,-5.183366257929256449e+01,-1.142373942921818752e+01,-1.678678751559914417e-07,3.049340227655649160e-01,2.290393522133272186e-01,6.999900744132705466e-01,-2.711625852922350255e-01,1.267306469356987986e+00,-5.115607358346699985e-05,-5.080086162124122495e+01,-1.194946691979306941e+01,1.400762378060007945e-05
3.140629045939825059e-01,2.440434400204056498e-01,7.091562402281677002e-01,-4.000114487106438688e-01,1.244272854418100094e+00,-5.135641873124147425e-05,-5.263486333640138781e+01,-1.212944306172604314e+01,1.086736434841029109e-05,2.996845781306731737e-01,2.411055073477624267e-01,6.999895637501813983e-01,-7.781219586777514685e-01,1.145035733374912379e+00,-5.095641207468799583e-05,-5.043711435091827866e+01,-1.248248526952100157e+01,2.608782942080009029e-05
3.048081357080328901e-01,2.552148948228287750e-01,7.091557289475536319e-01,-9.254768885949603563e-01,1.117145480242310196e+00,-5.112806141220944023e-05,-5.254654398843164387e+01,-1.271273741757898534e+01,2.283573190320353774e-05,2.893993956115799016e-01,2.519245935489499710e-01,6.999890557042600658e-01,-1.276715490602771341e+00,1.018128642063998335e+00,-5.063096292187500272e-05,-4.911657575720809632e+01,-1.287391582066000417e+01,3.917431062500012896e-05
2.904032434368743476e-01,2.650706396087533223e-01,7.091552212462752802e-01,-1.440489227115853144e+00,9.855744785924550611e-01,-5.077012783210094649e-05,-5.150123385208927829e+01,-1.315710016498551305e+01,3.579335801084937430e-05,2.742110819696449431e-01,2.614576119329976023e-01,6.999885515846194783e-01,-1.757042935218140034e+00,8.880869643880411335e-01,-5.016938593484800396e-05,-4.677290111097985914e+01,-1.310645727034716224e+01,5.332282449919981896e-05
2.710551331137202036e-01,2.735818563872484122e-01,7.091547185247616403e-01,-1.934811032315415513e+00,8.511216778495080959e-01,-5.027215135942115392e-05,-4.943218051995622631e+01,-1.344528007429469341e+01,4.979764726797952790e-05,2.543545511893255950e-01,2.696814587445464650e-01,6.999880528065892671e-01,-2.208544370183607608e+00,7.565892007676355835e-01,-4.956077520358701145e-05,-4.334051154138232675e+01,-1.316206210911349395e+01,6.859076218939981625e-05
2.470796811412793448e-01,2.807371450108731570e-01,7.091542222939842821e-01,-2.397545197244086879e+00,7.155288623624731503e-01,-4.962307774103497966e-05,-4.627341649286712766e+01,-1.355928154870348834e+01,6.490736183861756103e-05,2.301735817803551021e-01,2.765907302337665130e-01,6.999875608974550634e-01,-2.620008206197895539e+00,6.254981207753600447e-01,-4.879364262931200650e-05,-3.875466422532340971e+01,-1.302192149506171326e+01,8.503717458559980778e-05
2.189082465316438686e-01,2.865443987135975479e-01,7.091537341814759809e-01,-2.817143460963547952e+00,5.807253702724411992e-01,-4.881125082768550985e-05,-4.195982637194612153e+01,-1.348034920900319378e+01,8.118269133494671053e-05,2.021272904751326982e-01,2.821996036665950780e-01,6.999870775023644409e-01,-2.979579898423826645e+00,4.968684520891676337e-01,-4.785590119852300793e-05,-3.295152257694861930e+01,-1.266645012804404224e+01,1.027227980257998304e-04
1.870940904697753204e-01,2.910327571639350075e-01,7.091532559374993383e-01,-3.181415606186853484e+00,4.488358450337486816e-01,-4.782439766480900867e-05,-3.642721452233055857e+01,-1.318895252386925243e+01,9.868531628764998231e-05,1.707965153024001148e-01,2.865437959807997648e-01,6.999866043903999469e-01,-3.274771359808007709e+00,3.729547207039995982e-01,-4.673484800000001676e-05,-2.586822643712009651e+01,-1.207527112384000922e+01,1.217100799999998550e-04
1.523186970944813146e-01,2.942546385664198683e-01,7.091527894413688360e-01,-3.477539337529399255e+00,3.221881402484865209e-01,-4.664961304566889633e-05,-2.961237313425459661e+01,-1.266477047852621851e+01,1.174784619140112341e-04,1.368819675226650157e-01,2.896804585753109396e-01,6.999855263286056672e-01,-3.495524120981126526e+00,2.556808593557358122e-01,-4.670136017626402966e-05,-1.836132383110788169e+01,-1.138936773704689642e+01,1.397507066215995667e-04
1.153634046646444672e-01,2.962816664454591686e-01,7.091522523552368229e-01,-3.695529242983684348e+00,2.027027879039318969e-01,-5.370861320156456625e-05,-2.179899054542852710e+01,-1.194853523445546273e+01,-7.059000155895667206e-04,1.011278754638915978e-01,2.916784844303857427e-01,6.999850666332908533e-01,-3.643568369876138746e+00,1.449682774519293060e-01,-4.520458251929603357e-05,-1.132569799235137076e+01,-1.076296733293228058e+01,1.596223222911995849e-04
7.700227873565412828e-02,2.971868067257443236e-01,7.091517226109399497e-01,-3.836112592899033835e+00,9.051402802851643559e-02,-5.297442968510474888e-05,-1.405833499153493094e+01,-1.121887598754154602e+01,7.341835164598187191e-05,6.423732306886903443e-02,2.925997280757903218e-01,6.999846229009426546e-01,-3.723594308255284702e+00,4.022733364148817214e-02,-4.350862012965603815e-05,-4.756947954650538435e+00,-1.019481374840167653e+01,1.795819168487996272e-04
3.796193492425306570e-02,2.970372558754547643e-01,7.091512184237390715e-01,-3.904034381140106369e+00,-1.495508502895587233e-02,-5.041872009145016318e-05,-6.792178824107235613e+00,-1.054691130574722990e+01,2.555709593654587053e-04,2.686722010945116756e-02,2.925010170644067320e-01,6.999841971272209307e-01,-3.740249647861084270e+00,-5.911729811051952277e-02,-4.161277046374404055e-05,1.349099623576467621e+00,-9.683443031304610926e+00,1.995935197183996350e-04
-1.086005802456282976e-03,2.958932242328738971e-01,7.091507441244881971e-01,-3.904794072670934924e+00,-1.144031642580877889e-01,-4.742992508725058680e-05,-7.596915308286308899e-02,-9.944807922913192044e+00,2.988795004199573668e-04,-1.037179558642900568e-02,2.914335024900960858e-01,6.999837913129594025e-01,-3.698141405329844922e+00,-1.536252180287327462e-01,-3.951670662500004192e-05,6.996414327106151632e+00,-9.227171902760632705e+00,2.196179424999996710e-04
-3.952505582124257733e-02,2.938079778319669377e-01,7.091503009897810461e-01,-3.843905001878629601e+00,-2.085246400906981268e-01,-4.431347072049224880e-05,6.088907079230546415e+00,-9.412147583261033290e+00,3.116454366758336647e-04,-4.691496098102576617e-02,2.894428274190358752e-01,6.999834074602455658e-01,-3.601837822606247741e+00,-2.438380451910276969e-01,-3.722051042918404003e-05,1.218878541460254894e+01,-8.824085343325323905e+00,2.396126015615996827e-04
-7.679246917087777236e-02,2.908281652872723444e-01,7.091498897713379712e-01,-3.726741334963519670e+00,-2.979812544694598886e-01,-4.112184431165395200e-05,1.171636669151097720e+01,-8.945661437876173849e+00,3.191626408838299511e-04,-8.224300870565853794e-02,2.865693184951124683e-01,6.999830475681607656e-01,-3.455870053051009361e+00,-3.302770380537083383e-01,-3.472470724373604356e-05,1.692984524931004842e+01,-8.472024179156308676e+00,2.595313406311996985e-04
-1.123776785568934844e-01,2.869942046170529948e-01,7.091495112609235152e-01,-3.558520938601570371e+00,-3.833960670219334621e-01,-3.785104144314928055e-05,1.682203963619490850e+01,-8.541481255247358462e+00,3.270802868504674166e-04,-1.158818036291316966e-01,2.828482019607542752e-01,6.999827136281631113e-01,-3.264733613241613153e+00,-4.134405908383567141e-01,-3.203030260121604019e-05,2.122309272974637651e+01,-8.168572668179255203e+00,2.793242533887996997e-04
-1.458208534214006646e-01,2.823406817108646272e-01,7.091491663937311563e-01,-3.344317486450716803e+00,-4.653522906188359842e-01,-3.448671924106745548e-05,2.142034521508536216e+01,-8.195622359690249326e+00,3.364322202081826418e-04,-1.474019927726270551e-01,2.783098453345877465e-01,6.999824076190953592e-01,-3.032889600466112334e+00,-4.938016057803435999e-01,-2.913882058682404060e-05,2.507191672039537877e+01,-7.911046086253890053e+00,2.989375060583997624e-04
-1.767116227529741956e-01,2.768967534573684164e-01,7.091488562461467637e-01,-3.089076933157354432e+00,-5.443928253496185254e-01,-3.101475844117292118e-05,2.552405532933622823e+01,-7.904053473078255010e+00,3.471960799894535654e-04,-1.764186662279996209e-01,2.729800259873000901e-01,6.999821315017999979e-01,-2.764765675910003218e+00,-5.718047412389989370e-01,-2.605234400000004230e-05,2.847961948239996133e+01,-7.696478313340002764e+00,3.183131599999997671e-04
-2.046879510487479847e-01,2.706865577972155656e-01,7.091485820116878447e-01,-2.797632829577378466e+00,-6.210195660152827424e-01,-2.742344588943008925e-05,2.914441035799758239e+01,-7.662674066566425246e+00,3.591312551742831261e-04,-2.025910267364076089e-01,2.668802278570915898e-01,6.999818872133239944e-01,-2.464756813536171709e+00,-6.478635356694426584e-01,-2.277355629010404233e-05,3.144944010425494696e+01,-7.521609419663455753e+00,3.373889943015997571e-04
-2.294351458976687241e-01,2.637296346928179602e-01,7.091483449744320211e-01,-2.474719484892073496e+00,-6.956923104397618740e-01,-2.370372558185891522e-05,3.229133446853048639e+01,-7.467274442447910054e+00,3.719720307571172668e-04,-2.256220655842072209e-01,2.600279675461020235e-01,6.999816766606952179e-01,-2.137225814657908174e+00,-7.223574074560750180e-01,-1.930578526617603759e-05,3.398457793249994552e+01,-7.382873251882189791e+00,3.560983283711998109e-04
-2.506849759677757805e-01,2.560413620221650977e-01,7.091481464840335702e-01,-2.124983007010703417e+00,-7.688272670652858132e-01,-1.984903984259041112e-05,3.497364778813702912e+01,-7.313495662552394805e+00,3.854685739268504108e-04,-2.452582424730425648e-01,2.524371510391932860e-01,6.999815017142527740e-01,-1.786503588204995996e+00,-7.956285306077279795e-01,-1.565304858077604008e-05,3.608821600241226690e+01,-7.276385019252236575e+00,3.743698445287998045e-04
-2.682148805080450393e-01,2.476334100750235689e-01,7.091479879328900227e-01,-1.752990454026926548e+00,-8.407951947141535376e-01,-1.585511435816584378e-05,3.719925529837767897e+01,-7.196792764886771110e+00,3.993925484424565298e-04,-2.612891670210629180e-01,2.441184622864724374e-01,6.999813642005139336e-01,-1.416889196682869168e+00,-8.679785863144766633e-01,-1.182010098790403912e-05,3.776354446869976300e+01,-7.197928879793722423e+00,3.921274105983998254e-04
-2.818472539264370025e-01,2.385142179716553679e-01,7.091478707352423250e-01,-1.363237341839195427e+00,-9.119192103368193303e-01,-1.171976476442899560e-05,3.897531121877311477e+01,-7.112401562266580157e+00,4.135349593736847851e-04,-2.735472795521951550e-01,2.350797848909383647e-01,6.999812658945593347e-01,-1.032649667824846240e+00,-9.396653903661085216e-01,-7.812483375000039488e-06,3.901378403619373358e+01,-7.142945526456874639e+00,4.092899024999998811e-04
-2.914487911874432124e-01,2.286894950031022611e-01,7.091477963078628433e-01,-9.601537261006201085e-01,-9.824722968553115665e-01,-7.442737946262111084e-06,4.030836157385752472e+01,-7.055308651849227175e+00,4.277026818166884681e-04,-2.819075288304057070e-01,2.253266581426351944e-01,6.999812085119192506e-01,-6.380195719374257557e-01,-1.010899396432256570e+00,-3.636573569024033066e-06,3.984220939054181798e+01,-7.106519773288038522e+00,4.257710268415998791e-04
-2.969298816383939554e-01,2.181627496169446512e-01,7.091477660519954762e-01,-5.481090450950727444e-01,-1.052674538615760325e+00,-3.025586740746331803e-06,4.120446810055473463e+01,-7.020224176044884246e+00,4.417151205515779111e-04,-2.862870443958795974e-01,2.148627686406965609e-01,6.999811936999423834e-01,-2.372003649386624780e-01,-1.081840075204187901e+00,7.003610833839673047e-07,4.025217262890082992e+01,-7.083368141595673961e+00,4.414791435111999323e-04
-2.982440404527026967e-01,2.069358485395139113e-01,7.091477813362557781e-01,-1.314158814308714063e-01,-1.122690107743075094e+00,1.528426024954334246e-06,4.166931636642013359e+01,-7.001556912731481397e+00,4.554012765700665710e-04,-2.866448011600489787e-01,2.036904787446630338e-01,6.999812230286307502e-01,1.656405029103922288e-01,-1.152592169398258592e+00,5.190109361663980706e-06,4.024712669062963499e+01,-7.067826446116371564e+00,4.563170882687999047e-04
-2.953873682102565734e-01,1.950096083289984128e-01,7.091478434802386266e-01,2.856672242446137155e-01,-1.192624021051548855e+00,6.214398282255497823e-06,4.170831056754850863e+01,-6.993391330847370746e+00,4.685972257301163069e-04,-2.829812739164016544e-01,1.918113930964574221e-01,6.999812979809217905e-01,5.663707125811678900e-01,-1.223201824621021672e+00,9.823460043015974251e-06,3.983064878798213471e+01,-7.053837381180855459e+00,4.701819953383999879e-04
-2.883980302579756128e-01,1.823844214882104076e-01,7.091479537386174981e-01,6.989337952280982869e-01,-1.262518684078799858e+00,1.102583788415938720e-05,4.132665709834845558e+01,-6.989466302725100277e+00,4.811439601903888530e-04,-2.753380794239999596e-01,1.792269644544000617e-01,6.999814199424000405e-01,9.608944361599998096e-01,-1.293652596095999696e+00,1.459014399999998795e-05,3.900646383680000184e+01,-7.034938106880000319e+00,4.829651199999999219e-04
-2.773557484397943251e-01,1.690609191261587818e-01,7.091481132855503855e-01,1.104228181818127430e+00,-1.332350236205163796e+00,1.595469328733394761e-05,4.052943865900290632e+01,-6.983155212636402709e+00,4.928855403174559058e-04,-2.637976037206407054e-01,1.659391400806487782e-01,6.999815901904212767e-01,1.345153931037456285e+00,-1.363861331252115283e+00,1.947877452405587207e-05,3.777846788720570714e+01,-7.004247835230823505e+00,4.945516611815997882e-04
-2.623812985826879385e-01,1.550406720399180316e-01,7.091483231992342651e-01,1.497444985710639553e+00,-1.402024708624075799e+00,2.099136838858933036e-05,3.932168038925122033e+01,-6.967447241891205678e+00,5.036675101255383424e-04,-2.484826123225864491e-01,1.519510499234445200e-01,6.999818098826312562e-01,1.715131368404645418e+00,-1.433673928173788914e+00,2.447678587494388376e-05,3.615075155429521203e+01,-6.954455416342509189e+00,5.048205840511997729e-04
-2.436360077972743732e-01,1.403269319891393141e-01,7.091485844464715527e-01,1.874529078541357308e+00,-1.471374005077870972e+00,2.612472372561740858e-05,3.770840928307177364e+01,-6.934929645379513730e+00,5.133355337028078225e-04,-2.295558409678016276e-01,1.372677378355509903e-01,6.999820800448601776e-01,2.066850896056361631e+00,-1.502860969912679368e+00,2.957037005610387297e-05,3.412762344883103793e+01,-6.877806924582407611e+00,5.136444426087998210e-04
-2.213212462177157336e-01,1.249254148520057145e-01,7.091488978671305343e-01,2.231476157955864625e+00,-1.540151713713360015e+00,3.134206589611115116e-05,3.569470794145074422e+01,-6.877770863548900770e+00,5.217342170493743936e-04,-2.072195645596193736e-01,1.218969370702651656e-01,6.999824015583769876e-01,2.396380935501265963e+00,-1.571113234661104086e+00,3.474441181593589003e-05,3.171363360793504427e+01,-6.766093244742044099e+00,5.208892022783999419e-04
-1.956779082827429517e-01,1.088451272810338766e-01,7.091492641583984069e-01,2.564333793497277192e+00,-1.608028757097183847e+00,3.662912679169798817e-05,3.328576355414124777e+01,-6.787704338382388514e+00,5.287060895586837006e-04,-1.817151419677739410e-01,1.058498912963870553e-01,6.999827751464843262e-01,2.699836713378901631e+00,-1.638037081787107496e+00,3.998242187499988405e-05,2.891359692578132012e+01,-6.610637658203127209e+00,5.264140624999999723e-04
-1.669858790616630950e-01,9.209923841780300047e-02,7.091496838587378893e-01,2.869202922107985998e+00,-1.674588886323087777e+00,4.197003395187641874e-05,3.048691286107089837e+01,-6.656012922590390346e+00,5.340907160178431923e-04,-1.533225343437275567e-01,8.914222237353042200e-02,6.999832013604373460e-01,2.973383027183716276e+00,-1.703149713731195281e+00,4.526646837913588775e-05,2.573261658428911858e+01,-6.402283429103563961e+00,5.300712793215999353e-04
-1.355634814679822497e-01,7.470599817570351686e-02,7.091501573314695772e-01,3.142239759368085750e+00,-1.739324024209948361e+00,4.734727316648650703e-05,2.730368372600998583e+01,-6.473513788686050319e+00,5.377239214610085583e-04,-1.223597946072226272e-01,7.179484612915718045e-02,6.999836805646669768e-01,3.213237245295955002e+00,-1.765874313764723258e+00,5.057710657850390302e-05,2.217610748381557784e+01,-6.131381390503448436e+00,5.317059879912000749e-04
-1.017669004887491180e-01,5.668970355767524033e-02,7.091506847479120967e-01,3.379658097923312177e+00,-1.801629461802827681e+00,5.274164425289556117e-05,2.374183385552264269e+01,-6.230543759287940908e+00,5.394371086409055494e-04,-8.918252576099022777e-02,5.383493737872030449e-02,6.999842129212930919e-01,3.415672541319516586e+00,-1.825535059609951105e+00,5.589330673254389351e-05,1.824981967384889714e+01,-5.787777530551098337e+00,5.311560255488001307e-04
-6.598958079827679790e-02,3.808171444040987785e-02,7.091512660700204362e-01,3.577731969047231342e+00,-1.860798911726536664e+00,5.813221083411595184e-05,1.980738711239191119e+01,-5.916944992370906320e+00,5.390566581220390674e-04,-5.418330569054544132e-02,3.529694543029776588e-02,6.999847983739055923e-01,3.577021362726716891e+00,-1.881352012921754913e+00,6.119238024085589794e-05,1.395986178370089448e+01,-5.360800578649036474e+00,5.282517534184001315e-04
-2.866159432760382458e-02,1.892152022658281918e-02,7.091519010324678352e-01,3.732798647067296915e+00,-1.916019421382705756e+00,6.349624473479481101e-05,1.550666780200656092e+01,-5.522050965616898566e+00,5.364033900678855105e-04,-1.779107610600039191e-02,1.622366131510033505e-02,6.999854366305999775e-01,3.693679133810000348e+00,-1.932435884630999023e+00,6.644990399999991170e-05,9.312724453200083019e+00,-4.839249591620010449e+00,5.228158800000001034e-04
9.751025468135186836e-03,-7.421412585246825455e-04,7.091525891241239332e-01,3.841261979573900920e+00,-1.966366148510750200e+00,6.880916561265942139e-05,1.084633325066040221e+01,-5.034672712804443506e+00,5.312920877864613090e-04,1.952950671717368358e-02,-3.332662014761567093e-03,6.999861271462464174e-01,3.762108192940569307e+00,-1.977782676149567376e+00,7.163964298621591635e-05,4.315303763384463309e+00,-4.211381539873001678e+00,5.146632832616002129e-04
4.874698575832600578e-02,-2.085011127088987753e-02,7.091533295688865479e-01,3.899596029019082088e+00,-2.010797001236519499e+00,7.404447626458926057e-05,5.833404944518113311e+00,-4.443085272576935196e+00,5.235310651929836467e-04,5.727876174150686728e-02,-2.330913527987027445e-02,6.999868691039757840e-01,3.778841964133932141e+00,-2.016268196437057014e+00,7.673347106406392120e-05,-1.025075332805517547e+00,-3.464898893569243299e+00,5.036008333312002585e-04
8.779047589408928154e-02,-4.133158271487271523e-02,7.091541213058266679e-01,3.904349013576327021e+00,-2.048147144398283714e+00,7.917369400832713431e-05,4.752984557244862573e-01,-3.735014316176401561e+00,5.129217743737868318e-04,9.492271585807990353e-02,-4.363100301706862583e-02,6.999876613958655458e-01,3.740489362922408301e+00,-2.046642454929129329e+00,8.170129002098392248e-05,-6.700635579834251843e+00,-2.586937208788187448e+00,4.894272150888003556e-04
1.263119512645017317e-01,-6.210281645145371288e-02,7.091549629686116907e-01,3.852147537041245240e+00,-2.077123373658099403e+00,8.416627850007469343e-05,-5.220147653508176333e+00,-2.897622925981560460e+00,4.992584491747553699e-04,1.318938818073352170e-01,-6.421035703161886987e-02,6.999885026028067614e-01,3.643739436534533471e+00,-2.067523930327525683e+00,8.651094682777591533e-05,-1.270312398887774030e+01,-1.564052713693577346e+00,4.719327507584003198e-04
1.637089622561117286e-01,-8.306580003814686974e-02,7.091558528641742631e-01,3.739701099161000020e+00,-2.096298358669316020e+00,8.898955625384846833e-05,-1.124464378802453268e+01,-1.917498501121648546e+00,4.823277753773780319e-04,1.675920836732109620e-01,-8.494479191657078321e-02,6.999893909735344089e-01,3.485366238381411019e+00,-2.077393715251734108e+00,9.112814912499991806e-05,-1.902378840713117114e+01,-3.822098946993914836e-01,4.508992225000002974e-04
1.993470310474656226e-01,-1.041068476018572331e-01,7.091567889505951960e-01,3.563806879135388517e+00,-2.104104756371036888e+00,9.360864209502167232e-05,-1.758942200256115740e+01,-7.806397701720823035e-01,4.619085841173209417e-04,2.013853322936818291e-01,-1.057160013979543400e-01,6.999903244028046201e-01,3.262233936849986637e+00,-2.074589536752328822e+00,9.551637893529595449e-05,-2.565335408711569087e+01,9.732309173641056077e-01,4.260996950016003658e-04
2.325605789092110853e-01,-1.250951395549759482e-01,7.091577688141729174e-01,3.321354786174545826e+00,-2.098829195311871398e+00,9.798635777533653115e-05,-2.424520929608426911e+01,5.275561059165274624e-01,4.377715680314864244e-04,2.326107529307607780e-01,-1.263883142644141588e-01,6.999913004086996127e-01,2.971302158403249738e+00,-2.057299652685957270e+00,9.963680460162396726e-05,-3.258200025598568317e+01,2.517525961084368546e+00,3.972983380712002423e-04
2.626539066288122726e-01,-1.458812008726090848e-01,7.091587896456518214e-01,3.009332771960119501e+00,-2.078606131763314213e+00,1.020831478947820516e-04,-3.120220142144262709e+01,2.022306354855714527e+00,4.096790119445525846e-04,2.605755675430380669e-01,-1.468071686399017306e-01,6.999923161090428891e-01,2.609631564987366037e+00,-2.023556623951997757e+00,1.034481909514239602e-04,-3.979933668483585762e+01,4.266560458300572733e+00,3.642502492288003484e-04
2.889022306354901981e-01,-1.662953166552438022e-01,7.091598482155846428e-01,2.624832400667790555e+00,-2.041411578263472304e+00,1.058569932821379746e-04,-3.845003712923291062e+01,3.719455349984198911e+00,3.773845387355923009e-04,2.845581340038307872e-01,-1.667975233580435424e-01,6.999933681969074950e-01,2.174389665745741329e+00,-1.971230962590867719e+00,1.069068076866959904e-04,-4.729438025800839540e+01,6.236861027937576907e+00,3.267012762984002712e-04
3.105527773644125022e-01,-1.861458837065542715e-01,7.091609408488042110e-01,2.165054672892229970e+00,-1.985056705131047927e+00,1.092633219562983327e-04,-4.597777277755606917e+01,5.635487313242436791e+00,3.406328674160352676e-04,3.038089999999999957e-01,-1.861619999999999941e-01,6.999950000000000339e-01,1.662855999999999890e+00,-1.898025000000000073e+00,1.100000000000000039e-04,-5.505553199999999947e+01,8.445608000000000004e+00,2.840000000000000185e-04
3.268259261064674348e-01,-2.052176749920298637e-01,7.091621293135915716e-01,1.627314874205495920e+00,-1.907179128547558333e+00,1.188464787411408941e-04,-5.377397986867340762e+01,7.787757658348962053e+00,9.583156784842561393e-04,3.175662801230205168e-01,-2.046822103237691814e-01,6.999961134531231810e-01,1.078023474855647645e+00,-1.802354883186788603e+00,1.126159556396970059e-04,-6.140669741091858214e+01,1.064293832963887176e+01,2.391998951781999837e-04
3.369795191616007934e-01,-2.232801871711316277e-01,7.091633484229369344e-01,1.015359305513335642e+00,-1.806251217910175511e+00,1.219109345344743727e-04,-6.119555686921601989e+01,1.009279106373828405e+01,3.064455793333475953e-04,3.252067971252318168e-01,-2.221403945975126970e-01,6.999972508270018157e-01,4.442848071062577286e-01,-1.686073309751405791e+00,1.147843045758080059e-04,-6.488897189752424310e+01,1.256816785469183628e+01,1.944919545023999488e-04
3.405028998661380202e-01,-2.401188192975820257e-01,7.091645807526499867e-01,3.523380704537214525e-01,-1.683863212645040797e+00,1.232329713006236462e-04,-6.630212350596141846e+01,1.223880052651347761e+01,1.322036766149281561e-04,3.263797224803549057e-01,-2.383440136264562137e-01,6.999984076515273212e-01,-2.112335663005542319e-01,-1.551892102858368538e+00,1.165063755487130031e-04,-6.581441950866772572e+01,1.422324805146636351e+01,1.499584299025999044e-04
3.371647819952603986e-01,-2.555464733846892766e-01,7.091658199970465315e-01,-3.338117870877641558e-01,-1.542765408710726982e+00,1.239244396570188549e-04,-6.861498575414856305e+01,1.410978039343138946e+01,6.914683563952195300e-05,3.209899373089509789e-01,-2.531275372233164900e-01,6.999995794740749844e-01,-8.645107610854585456e-01,-1.402500055774072329e+00,1.177843451781120142e-04,-6.449186917788917128e+01,1.561084143666667856e+01,1.056866848767998757e-04
3.269951722782651893e-01,-2.694056238945718995e-01,7.091670623147975361e-01,-1.016960971699521821e+00,-1.385915050988263175e+00,1.242317751002025919e-04,-6.831491846117576472e+01,1.568503577224638512e+01,3.073354431837316270e-05,3.091671603626311993e-01,-2.663521775559617444e-01,7.000007618682430044e-01,-1.494592567946315453e+00,-1.240555581061202339e+00,1.186212902656250140e-04,-6.122560941581998151e+01,1.673436964771812896e+01,6.176943187499983048e-05
3.102528922672613265e-01,-2.815681413879276285e-01,7.091683043127776642e-01,-1.674228001100384722e+00,-1.216251749335574450e+00,1.241997980100268144e-04,-6.572670294008628389e+01,1.696633016526886450e+01,-3.197709017577210489e-06,2.912355300505565237e-01,-2.779055465829998184e-01,7.000019504431249651e-01,-2.083539521791094806e+00,-1.068678878969899548e+00,1.190212424712320009e-04,-5.631408300258470234e+01,1.759806152309156602e+01,1.830496968319980438e-05
2.873908957947013953e-01,-2.919345839265357068e-01,7.091695426010048431e-01,-2.286199647255995338e+00,-1.036644253860809162e+00,1.238288227162759726e-04,-6.119716461556103582e+01,1.796074954747652086e+01,-3.709752937508525861e-05,2.676837710389894931e-01,-2.877012327692611282e-01,7.000031408531424137e-01,-2.616361917894812095e+00,-8.894436250256871901e-01,1.189892453635530112e-04,-5.004858168020310671e+01,1.820700118262772094e+01,-2.460257919259929661e-05
2.590222603695434556e-01,-3.004333492837635844e-01,7.091707737168438941e-01,-2.836863542515794645e+00,-8.498765357227888728e-01,1.231115839057545251e-04,-5.506638952597992898e+01,1.867677181380202356e+01,-7.172388105214366760e-05,2.391360759546530823e-01,-2.956782922731466812e-01,7.000043288084583093e-01,-3.080941774980523462e+00,-7.053681768141362163e-01,1.185314138439680132e-04,-4.271194084499139620e+01,1.856717610786160222e+01,-6.684303114239933865e-05
2.258875375464309276e-01,-3.070197691673696161e-01,7.091719941338858746e-01,-3.313472282311253458e+00,-6.586419883606022818e-01,1.220417041981719758e-04,-4.766087397954589733e+01,1.912345473621865821e+01,-1.069879707582543915e-04,2.063238327226655511e-01,-3.018006497978031888e-01,7.000055100859983170e-01,-3.467941745224246475e+00,-5.189062999623219596e-01,1.176549959445770215e-04,-3.457723423996505119e+01,1.868552522234681845e+01,-1.082999040681994411e-04
1.888236420987629560e-01,-3.116751539672179550e-01,7.091732002885162700e-01,-3.706389544766797606e+00,-4.655384799848341082e-01,1.206154630405515088e-04,-3.929172624555440052e+01,1.931035083757682003e+01,-1.426241157620466993e-04,1.700583280698005073e-01,-3.060564042980999933e-01,7.000066805411000459e-01,-3.770700971183996941e+00,-3.324374133170024948e-01,1.163684370000000237e-04,-2.590646864724009291e+01,1.856998697198000059e+01,-1.488501799999994565e-04
1.487343528698094886e-01,-3.144057804037097004e-01,7.091743886087465976e-01,-4.008928922895346858e+00,-2.730626436491732645e-01,1.188320230334322341e-04,-3.025393781285490036e+01,1.924758363356608371e+01,-1.783440007119274640e-04,1.312045577238387106e-01,-3.084570347353690067e-01,7.000078361198174282e-01,-3.985117889652793011e+00,-1.482563533195695449e-01,1.146814461930170318e-04,-1.694927858043518398e+01,1.822954740532516382e+01,-1.883640677117994931e-04
1.065624837034755967e-01,-3.152418115633104923e-01,7.091755555420500290e-01,-4.217186916633388627e+00,-8.360311596007680146e-02,1.166933303433531925e-04,-2.082579937380414492e+01,1.894595276890964541e+01,-2.138692690079047054e-04,9.065627383976984643e-02,-3.090365010718797434e-01,7.000089728719015580e-01,-4.109519982435699603e+00,3.143734242224716091e-02,1.126050654740480279e-04,-7.941620977073448273e+00,1.767428825393808012e+01,-2.267047653375995459e-04
6.326378861730780345e-02,-3.142361389143416006e-01,7.091766975817690444e-01,-4.329869508616780216e+00,1.005672648968894412e-01,1.142039719009274855e-04,-1.126825919833912337e+01,1.841703808569662471e+01,-2.489358442425704254e-04,4.931240018360327770e-02,-3.078502356970135856e-01,7.000100869644830803e-01,-4.144520474050869652e+00,2.045506323659198600e-01,1.101517408544730345e-04,8.955301090156808641e-01,1.691543501269065786e+01,-2.637282229873995072e-04
1.978267449671289313e-02,-3.114631365894142134e-01,7.091778112922831889e-01,-4.348111412059490810e+00,2.773002324927406059e-01,1.113710514092031357e-04,-1.824190344271017672e+00,1.767329675958511714e+01,-2.832920491724344458e-04,8.054945604548668925e-03,-3.049740204771079766e-01,7.000111746964787773e-01,-4.092861976354630116e+00,3.691086490689050592e-01,1.073353960737920379e-04,9.357488815294445317e+00,1.596540502009532148e+01,-2.992829053631996107e-04
-2.297019671714989331e-02,-3.070173189481997800e-01,7.091788933332290323e-01,-4.275287121386278422e+00,4.445817641214423466e-01,1.082040945825752071e-04,7.282429067321230853e+00,1.672815316287017140e+01,-3.166956826627931321e-04,-3.227145367367456608e-02,-3.005027446209351805e-01,7.000122325137476675e-01,-3.959247080090563919e+00,5.232668580266710556e-01,1.041715086406250370e-04,1.725716277811494592e+01,1.483785553862938400e+01,-3.332095543749996288e-04
-6.413832680764877670e-02,-3.010118930810855020e-01,7.091799404830539943e-01,-4.116813009049887562e+00,6.005425867114299043e-01,1.047149824982546428e-04,1.584741123363904869e+01,1.559608225899875578e+01,-3.489112084320566964e-04,-7.087823241163926369e-02,-2.945490385527855803e-01,7.000132570250181541e-01,-3.750155893362625115e+00,6.653236973139673438e-01,1.006771882475520393e-04,2.442635844031727288e+01,1.354773183505941248e+01,-3.653409517567997506e-04
-1.029377250607252381e-01,-2.935771984674043211e-01,7.091809496621511721e-01,-3.879939825307646029e+00,7.434694613681183117e-01,1.009179097158580330e-04,2.368731837422414088e+01,1.429268746566884296e+01,-3.797072782396604396e-04,-1.070497048323618139e-01,-2.872417789851214875e-01,7.000142450186120913e-01,-3.473650527032265956e+00,7.937336980293423494e-01,9.687125755979304753e-05,3.071708635882768590e+01,1.211131526076562714e+01,-3.955016816825997791e-04
-1.386730756366067741e-01,-2.848590264699517594e-01,7.091819179557895536e-01,-3.573535057588153041e+00,8.718171997452571764e-01,9.682936384035558026e-05,3.064047677194928454e+01,1.283477383771388602e+01,-4.088545875502447302e-04,-1.401578526880476461e-01,-2.787244603827697120e-01,7.000151934799886400e-01,-3.139166527039591870e+00,9.071210855428981645e-01,9.277433537772803362e-05,3.600286651225643197e+01,1.054627133206625444e+01,-4.235078933823997380e-04
-1.707516225491501616e-01,-2.750168127423355258e-01,7.091828426370252458e-01,-3.207854691254337975e+00,9.842213727616208052e-01,9.246812356590251500e-05,3.656803663338149590e+01,1.124041730163636110e+01,-4.361240274453059840e-04,-1.696749623846667832e-01,-2.691534280106204768e-01,7.000160996101307820e-01,-2.757291253648531004e+00,1.004293861547296274e+00,8.840892217325705218e-05,4.018003360849614580e+01,8.871697810541915530e+00,-4.491670637581998281e-04
-1.986946624050241195e-01,-2.642216959585226843e-01,7.091837211897518145e-01,-2.794303985587395900e+00,1.079511678381283701e+00,8.785527265445736633e-05,4.135507056669422354e+01,9.529030561966287394e+00,-4.612850911445143254e-04,-1.951839806335999850e-01,-2.586959677568000382e-01,7.000169608448000291e-01,-2.339529207616002360e+00,1.084258366911999616e+00,8.379948800000003057e-05,4.316904239232002283e+01,7.108172783360000579e+00,-4.722777599999998413e-04
-2.221465318006328182e-01,-2.526544365544238224e-01,7.091845513320292893e-01,-2.345186939560871320e+00,1.156725940409888187e+00,8.301422774946665356e-05,4.491170460265244913e+01,7.721426202860448562e+00,-4.841044904990710052e-04,-2.163864580995992215e-01,-2.475282479232843724e-01,7.000177748746815309e-01,-1.898054303285132915e+00,1.146234325340762528e+00,7.897256277733703616e-05,4.491577295297960859e+01,5.277802743599056434e+00,-4.926294022017999302e-04
-2.408809735323818035e-01,-2.405031894077052090e-01,7.091853310398112953e-01,-1.873444173174897864e+00,1.215124714671860229e+00,7.797077819645615508e-05,4.717427663859734821e+01,5.839877426197192634e+00,-5.043449553010503905e-04,-2.331079505142986674e-01,-2.358331081759220127e-01,7.000185396664438953e-01,-1.445449088602489551e+00,1.189670367832368569e+00,7.395682894828804472e-05,4.539283603180312809e+01,3.404270670573110280e+00,-5.100020259775999137e-04
-2.548047634650635329e-01,-2.279611245811828391e-01,7.091860585711748932e-01,-1.392378993268170495e+00,1.254206482652238330e+00,7.275313636313452878e-05,4.810651799067274226e+01,3.908176798037814148e+00,-5.217641833321629008e-04,-2.453007467245194029e-01,-2.237976908458335357e-01,7.000192534847379244e-01,-9.944309120593179951e-01,1.214260037944601134e+00,6.878321651123300959e-05,4.460087832979363043e+01,1.512884110156145212e+00,-5.241660450773998840e-04
-2.639584779559112082e-01,-2.152238904229780703e-01,7.091867324911468318e-01,-9.153714490847653096e-01,1.273723415820476434e+00,6.739199719291101478e-05,4.770075441834052299e+01,1.951693316823802871e+00,-5.361139170223516714e-04,-2.530437931446052335e-01,-2.116109097741544209e-01,7.000199149151570266e-01,-5.575650365567856870e-01,1.219958277861469043e+00,6.348500042547201470e-05,4.256988781522703391e+01,-3.693767448936533526e-01,-5.348820140032000542e-04
-2.685142800910260141e-01,-2.024869134580354613e-01,7.091873516972057034e-01,-4.555802135114828677e-01,1.273697696494260567e+00,6.192060588728843715e-05,4.597912355732824352e+01,-2.571932621577488129e-03,-5.471391305622574919e-04,-2.565396840820308721e-01,-1.994607518920898936e-01,7.000205228881836161e-01,-1.469647001953064969e-01,1.206998395263671586e+00,5.809790039062502371e-05,3.936049903125007177e+01,-2.213810974609380366e+00,-5.419003906249999017e-04
-2.687706016082195282e-01,-1.899425296247702066e-01,7.091879154455340561e-01,-2.563215171934996039e-02,1.254438383326526907e+00,5.637483283428225053e-05,4.299480617921329184e+01,-1.925931316773375368e+00,-5.545773053006186615e-04,-2.561085874055261113e-01,-1.875314067282493335e-01,7.000210767041457061e-01,2.260218760122214565e-01,1.175909511002299901e+00,5.266018299987201118e-05,3.506529840347864990e+01,-3.989948851491156745e+00,-5.449612987967998590e-04
-2.651435962152024484e-01,-1.777769415110311557e-01,7.091884233780841873e-01,3.627005393017068147e-01,1.216558811373904536e+00,5.079325500777443831e-05,3.883326910210567462e+01,-3.787957195262228183e+00,-5.581577826507810869e-04,-2.521789750249475714e-01,-1.760002190352264184e-01,7.000215760592060077e-01,5.511375335030384015e-01,1.127534487575798661e+00,4.721276626703301504e-05,2.981012954759600575e+01,-5.665503760181689330e+00,-5.437942909725997521e-04
-2.581552390302681577e-01,-1.661669963281822149e-01,7.091888755505160180e-01,6.988357184934266275e-01,1.160994518284895083e+00,4.521724318605703014e-05,3.361351791917198284e+01,-5.556429308900954211e+00,-5.576011821717408168e-04,-2.452750276521522554e-01,-1.650344597273940006e-01,7.000220210724090730e-01,8.195552746032298552e-01,1.063048338410156113e+00,4.179932652748798833e-05,2.375539857695061130e+01,-7.206324117141932106e+00,-5.381181108223998411e-04
-2.484179460453120603e-01,-1.552767794334080076e-01,7.091892724610606713e-01,9.737292984956107400e-01,1.089021689477420507e+00,3.969105446505139591e-05,2.748935800021840237e+01,-7.197282880747453149e+00,-5.526188721005631521e-04,-2.360005833120928376e-01,-1.547879103218815777e-01,7.000224123138086840e-01,1.024230414042347270e+00,9.839771179423411063e-01,3.646640771293701959e-05,1.709737941015394824e+01,-8.576345290326614190e+00,-5.276404558481999092e-04
-2.366155868138942187e-01,-1.452540182704345206e-01,7.091896150803564947e-01,1.180235923141784493e+00,1.002276116297347475e+00,3.426192958365604564e-05,2.065066246461738331e+01,-8.674557318007297013e+00,-5.429124881395352986e-04,-2.250194990733989098e-01,-1.453972560747001652e-01,7.000227508337000248e-01,1.160265783544011775e+00,8.922172925069995486e-01,3.126353300000001359e-05,1.006951907868005947e+01,-9.737541518860020062e+00,-5.120577399999996521e-04
-2.234807629796123074e-01,-1.362262916494842990e-01,7.091899048823034901e-01,1.313482383428190126e+00,9.027726620950213832e-01,2.898019469909030927e-05,1.332464602864055792e+01,-9.950345420232608262e+00,-5.281734884565736365e-04,-2.130322954676636682e-01,-1.369782830039860955e-01,7.000230381929805068e-01,1.225289989492566400e+00,7.900555920263601095e-01,2.624331883265699822e-05,2.943743034461441255e+00,-1.064987783271148203e+01,-4.910548562917999363e-04
-2.097682247650369536e-01,-1.282970393299507073e-01,7.091901438759762311e-01,1.371253821457536271e+00,7.929252319533592885e-01,2.389936727386022592e-05,5.777143802934613603e+00,-1.098474301416620591e+01,-5.080827425230083350e-04,-2.007489530666860533e-01,-1.296218739923292729e-01,7.000232764946624497e-01,1.219848723675657665e+00,6.801893425034339913e-01,2.146159131852808154e-05,-3.968239542510424656e+00,-1.127126197237105032e+01,-4.643049394176003149e-04
-1.962242971243396139e-01,-1.215413669052256562e-01,7.091903346386342344e-01,1.354392764069733746e+00,6.755672424725052139e-01,1.907626580480659966e-05,-1.686105738780250496e+00,-1.173579894808540658e+01,-4.823101469053625578e-04,-1.888577306869142491e-01,-1.233897991601511646e-01,7.000234684165610455e-01,1.147809127102747073e+00,5.657472793183915272e-01,1.697750499899307265e-05,-1.031363043659003154e+01,-1.155749630852518095e+01,-4.314691283674005023e-04
-1.835521869112530235e-01,-1.160016410194098235e-01,7.091904803498657595e-01,1.267211021308658703e+00,5.539725885815829365e-01,1.457112315351672541e-05,-8.718174276107500731e+00,-1.215946538909222241e+01,-4.505142651289872902e-04,-1.779898746903048057e-01,-1.183102957021052587e-01,7.000236172451831385e-01,1.016777206899754482e+00,4.503108413282590483e-01,1.285366399315209451e-05,-1.569723708887552505e+01,-1.146222976173222463e+01,-3.921963290432005475e-04
-1.723730421178126526e-01,-1.116828699711613637e-01,7.091905848268987844e-01,1.117914479344038314e+00,4.318771048248463695e-01,1.044770330472733624e-05,-1.492965419646202996e+01,-1.220954837567365736e+01,-4.123419848789389164e-04,-1.686800888508845353e-01,-1.143734323784633133e-01,7.000237269108383620e-01,8.385283062794746112e-01,3.379359457697965752e-01,9.156245515625047356e-06,-1.968016728961472950e+01,-1.093690972209814660e+01,-3.461229768750004646e-04
-1.631826339897535505e-01,-1.085478647814505093e-01,7.091906525611124668e-01,9.190408128059099901e-01,3.135005189710849960e-01,6.773421371508165495e-06,-1.988736665381282620e+01,-1.183765858537613802e+01,-3.674281933219170071e-04,-1.613226342562097959e-01,-1.115262538534564501e-01,7.000238020239972769e-01,6.294506275881781576e-01,2.331752439656562537e-01,5.955125768192050576e-06,-2.177852387060477213e+01,-9.930733968952150548e+00,-2.928727994368007857e-04
-1.563035326141171133e-01,-1.065121758201133251e-01,7.091906887557795081e-01,6.879101375636447191e-01,2.035688961337185354e-01,3.619466707138203024e-06,-2.311306752422652266e+01,-1.099316228373664472e+01,-3.153954664369962302e-04,-1.561229287129659027e-01,-1.096677000725391760e-01,7.000238479129212710e-01,4.110018084280724349e-01,1.411008578337638042e-01,3.324008205273046865e-06,-2.146209939759386032e+01,-8.390602590522224347e+00,-2.320565790626007824e-04
-1.518326463974030427e-01,-1.054388001013721043e-01,7.091906993650697322e-01,4.470886216714076156e-01,1.073375718741223228e-01,1.060929027751351075e-06,-2.408215158922371302e+01,-9.623132425959621372e+00,-2.558537679386851948e-04,-1.530445151259988701e-01,-1.086432958705418339e-01,7.000238706625853125e-01,2.101785508558364768e-01,6.732759719995473624e-02,1.340554173248045995e-06,-1.815307086268506964e+01,-6.261069903610909648e+00,-1.632719154624006448e-04
-1.495839957032718825e-01,-1.051326543713606981e-01,7.091906911343438535e-01,2.248650694131157091e-01,3.061457300114059366e-02,-8.230725843666404090e-07,-2.222235522582919032e+01,-7.672299887298173360e+00,-1.884001612117991442e-04,-1.517512683199542245e-01,-1.082396060026817458e-01,7.000238771549210925e-01,5.999930365684091882e-02,1.803665791385689054e-02,8.651592361705946928e-08,-1.122469437673543524e+01,-3.484296373270767688e+00,-8.610298833820067849e-05
-1.490265907929601563e-01,-1.053348091215387944e-01,7.091906716417654133e-01,5.574049103117234560e-02,-2.021547501780970868e-02,-1.949257839440326870e-06,-1.691245783819433512e+01,-5.083004801895030234e+00,-1.126185255073686164e-04,-1.517512683199542245e-01,-1.082396060026817458e-01,7.000238771549210925e-01,5.999930365684091882e-02,1.803665791385689054e-02,8.651592361705946928e-08,-1.122469437673543524e+01,-3.484296373270767688e+00,-8.610298833820067849e-05
