1.634102448987960754e-01,1.278713947010040319e-01,6.998137143592834120e-01,-1.294755101203918513e-01,-1.823605298995971680e-01,-1.842856407165527344e-02,-1.294755101203918457e+01,-1.823605298995971680e+01,-1.842856407165527344e+00,1.648427691172643927e-01,1.297266789126629571e-01,6.999980002276834368e-01,4.017460844696339739e-02,9.398855179736835888e-03,6.797274813500000029e-08,7.577528395493556168e+00,1.837914602575001499e+00,1.346150414100000199e-05
1.633019352722167861e-01,1.275388742160797062e-01,6.997310952286719399e-01,-1.083096265792847512e-02,-3.325204849243162952e-02,-8.261913061141967426e-03,1.186445474624633789e+01,1.491084814071655273e+01,1.016665101051330566e+00,1.657166816286274325e-01,1.299400747413354262e-01,6.999980017948339572e-01,1.429065660618235589e-01,3.592850090968550264e-02,2.665567638400000159e-07,1.256172203591538583e+01,3.426907797032051395e+00,2.612103331200000509e-05
1.651432586479186782e-01,1.280203469467162958e-01,6.995485686998366148e-01,1.841323375701904297e-01,4.814727306365967907e-02,-1.825265288352966378e-02,1.949633002281188965e+01,8.139932155609130859e+00,-9.990739822387695312e-01,1.657166816286274325e-01,1.299400747413354262e-01,6.999980017948339572e-01,1.429065660618235589e-01,3.592850090968550264e-02,2.665567638400000159e-07,1.256172203591538583e+01,3.426907797032051395e+00,2.612103331200000509e-05
1.677232989835738819e-01,1.288275735747814177e-01,6.996874422173499086e-01,2.580040335655212624e-01,8.072266280651094195e-02,1.388735175132751673e-02,7.387169599533081055e+00,3.257538974285125732e+00,3.214000463485717773e+00,1.714471470265342412e-01,1.315233586009985911e-01,6.999980139302224291e-01,4.412787951556321753e-01,1.305664024927682410e-01,1.023270748160000067e-06,1.594220795059794327e+01,5.877596398337638028e+00,4.900683878400000494e-05
1.729480622577666826e-01,1.304603474211692704e-01,6.995685145597456689e-01,5.224763274192809615e-01,1.632773846387863270e-01,-1.189276576042175293e-02,2.644722938537597656e+01,8.255472183227539062e+00,-2.578011751174926758e+00,1.766466011262179669e-01,1.331384072126937657e-01,6.999980267869414519e-01,5.969017212430157704e-01,1.938976515005625123e-01,1.565097109375000386e-06,1.492070683136188336e+01,6.750300573129999648e+00,5.922119062500000503e-05
1.800343377161025549e-01,1.329012793076038146e-01,6.995274920802114771e-01,7.086275458335875577e-01,2.440931886434555276e-01,-4.102247953414917166e-03,1.861512184143066406e+01,8.081580400466918945e+00,7.790517807006835938e-01,1.833262037079129714e-01,1.354265951617807662e-01,6.999980455588982187e-01,7.349235876782399535e-01,2.648161576533403783e-01,2.204942074560000377e-06,1.246812428793791483e+01,7.396146857172441358e+00,6.860982441600000552e-05
1.883513392972945844e-01,1.361009242010116360e-01,6.996488202552794133e-01,8.317001581192016157e-01,3.199644893407821988e-01,1.213281750679016252e-02,1.230726122856140137e+01,7.587130069732666016e+00,1.623506546020507812e+00,1.912429669566310664e-01,1.384525644286833668e-01,6.999980711849228543e-01,8.424029786421015631e-01,3.410872744270366241e-01,2.934527823815000965e-06,8.856859045777945028e+00,7.822018642338890437e+00,7.716875558700000807e-05
1.973556946682929747e-01,1.400776857507228523e-01,6.999052508811949291e-01,9.004355370998382568e-01,3.976761549711227972e-01,2.564306259155273854e-02,6.873537898063659668e+00,7.771166563034057617e+00,1.351024508476257324e+00,2.000379562398018618e-01,1.422589644854917457e-01,6.999981045208826247e-01,9.090762368956502026e-01,4.205481349898403942e-01,3.745541079040000718e-06,4.349884105303662984e+00,8.035392306996428147e+00,8.489488588800001923e-05
2.065499783027171798e-01,1.448935134482383369e-01,7.002811373214720136e-01,9.194283634424209595e-01,4.815827697515488448e-01,3.758864402770996371e-02,1.899282634258270264e+00,8.390661478042602539e+00,1.194558143615722656e+00,2.000379562398018618e-01,1.422589644854917457e-01,6.999981045208826247e-01,9.090762368956502026e-01,4.205481349898403942e-01,3.745541079040000718e-06,4.349884105303662984e+00,8.035392306996428147e+00,8.489488588800001923e-05
2.157963938097655632e-01,1.499658026766776675e-01,7.007234877090452452e-01,9.246415507048368898e-01,5.072289228439331721e-01,4.423503875732422153e-02,5.213187262415885925e-01,2.564615309238433838e+00,6.646394729614257812e-01,2.092625784078061546e-01,1.468672001253888970e-01,6.999981463393725178e-01,9.272578068245780347e-01,5.011136970208286412e-01,4.629642231734999383e-06,-8.003331991547463220e-01,8.044360206745476916e+00,9.178605630900001620e-05
2.249243186953663598e-01,1.554761180353164407e-01,7.009455345611570465e-01,9.127924885600805505e-01,5.510315358638764316e-01,2.220468521118164340e-02,-1.184906214475631714e+00,4.380261301994323730e+00,-2.203035354614257812e+00,2.184038195279000005e-01,1.522782408898000206e-01,6.999981973294999715e-01,8.917297780730001344e-01,5.807830174359999154e-01,5.578475000000000829e-06,-6.352911140419985614e+00,7.857653665159998191e+00,9.784110000000002111e-05
2.333783838059007854e-01,1.617098393511771925e-01,7.011292956809995758e-01,8.454065110534429994e-01,6.233721315860749623e-01,1.837611198425293316e-02,-6.738597750663757324e+00,7.234059572219848633e+00,-3.828573226928710938e-01,2.269083240574236715e-01,1.584734943923394590e-01,6.999982580967682999e-01,7.996206297666192953e-01,6.576457570217110193e-01,6.583676614735001235e-06,-1.207963353952883523e+01,7.484665964527680515e+00,1.030598951910000126e-04
2.404608970451354855e-01,1.687923246097564611e-01,7.013710215430257744e-01,7.082513239234686786e-01,7.082485258579255261e-01,2.417258620262146412e-02,-1.371551871299743652e+01,8.487639427185058594e+00,5.796474218368530273e-01,2.342052074621891744e-01,1.654157458386290303e-01,6.999983291630649251e-01,6.502731753252749547e-01,7.298889149755145578e-01,7.636888535039999557e-06,-1.776602970679356375e+01,6.935475336590130269e+00,1.074434181119999999e-04
2.456165871451795046e-01,1.766271489930152927e-01,7.013762114982603491e-01,5.155690100044012514e-01,7.834824383258820468e-01,5.189955234527615646e-04,-1.926823139190673828e+01,7.523391246795654297e+00,-2.365359067916870117e+00,2.397274942859399793e-01,1.730501660410616593e-01,6.999984109667600762e-01,4.451017078648874525e-01,7.958037933544003240e-01,8.729767692815002347e-06,-2.321245438286313245e+01,6.220867953283065965e+00,1.109937959130000162e-04
2.480887564513087340e-01,1.851259972524642861e-01,7.011608581881522140e-01,2.472169306129217703e-01,8.498848259449005571e-01,-2.153533101081847936e-02,-2.683520793914794922e+01,6.640238761901855469e+00,-2.205432653427124023e+00,2.429320736767776046e-01,1.813053902275844065e-01,6.999985038629191747e-01,1.874383461887779156e-01,8.537931914304361936e-01,9.853998266560001722e-06,-2.823516767978457764e+01,5.352360917476517876e+00,1.137143595840000161e-04
2.473770430441200874e-01,1.942270823788642686e-01,7.008586677055358427e-01,-7.117134071886532798e-02,9.101085126399994785e-01,-3.021904826164245605e-02,-3.183882713317871094e+01,6.022368669509887695e+00,-8.683717250823974609e-01,2.404434811783809911e-01,1.993171003458858170e-01,6.999987239384957149e-01,-4.634439760866182478e-01,9.402090053232884381e-01,1.216346095616000021e-05,-3.636050708772943807e+01,3.203508898957720952e+00,1.166857052160000290e-04
2.411951510328054493e-01,2.040720937919616451e-01,7.013549497168063418e-01,-6.181892011314630286e-01,9.845011413097382036e-01,4.962820112705230990e-02,-5.470178604125976562e+01,7.439262866973876953e+00,7.984724938869476318e+00,2.339400948603810038e-01,2.088589251881292630e-01,6.999988514151573860e-01,-8.419436484688841427e-01,9.660664736640396377e-01,1.333231103501500151e-05,-3.918489974938881204e+01,1.950059693318767051e+00,1.169496446370000246e-04
2.300788966099917843e-01,2.141848938834667038e-01,7.021884609799384780e-01,-1.111625442281365395e+00,1.011280009150505199e+00,8.335112631320953924e-02,-4.934362411499023438e+01,2.677886784076690674e+00,3.372292518615722656e+00,2.235263775978556522e-01,2.185949217962787072e-01,6.999989905800879653e-01,-1.243879542524469084e+00,9.788765648129069685e-01,1.449977570784000060e-05,-4.103127401529489049e+01,5.965483708073059388e-01,1.164101906880000227e-04
2.143161201420426265e-01,2.243060750138759496e-01,7.031701434891223235e-01,-1.576277646794915110e+00,1.012118113040924250e+00,9.816825091838837780e-02,-4.646522045135498047e+01,8.381038904190063477e-02,1.481712460517883301e+00,2.090184258634814607e-01,2.283898683336589297e-01,6.999991413794265371e-01,-1.659013200514597441e+00,9.777155262110502898e-01,1.565787051513500215e-05,-4.181161597040431843e+01,-8.415084499322498246e-01,1.150774873590000358e-04
1.940865706409513891e-01,2.342562047910690115e-01,7.042139726619719431e-01,-2.022954950109124184e+00,9.950129777193070790e-01,1.043829172849655290e-01,-4.466773033142089844e+01,-1.710513532161712646e+00,6.214666366577148438e-01,1.903387528192002631e-01,2.381000956543999902e-01,6.999993036799999624e-01,-2.076337050687996122e+00,9.618190967040001205e-01,1.679872000000000372e-05,-4.146029671743997369e+01,-2.347725274880002821e+00,1.129632000000000233e-04
1.695666578280925763e-01,2.438753567409515099e-01,7.052561497132777690e-01,-2.451991281285882174e+00,9.619151949882508434e-01,1.042177051305770985e-01,-4.290363311767578125e+01,-3.309778273105621338e+00,-1.652121543884277344e-02,1.675228422064377609e-01,2.475751260444287172e-01,6.999994772704899448e-01,-2.484303657163884349e+00,9.305913102491130129e-01,1.791457318633499931e-05,-3.993515231795153397e+01,-3.904824743900439987e+00,1.100805682410000336e-04
1.409831287394464061e-01,2.530026200187205920e-01,7.062294766049385109e-01,-2.858352908864617348e+00,9.127263277769089855e-01,9.733268916606904742e-02,-4.063616275787353516e+01,-4.918886721134185791e+00,-6.885015964508056641e-01,1.407233557404392876e-01,2.566594011490719307e-01,6.999996618627569722e-01,-2.871065769225526143e+00,8.836135295304314852e-01,1.899781958624000185e-05,-3.721856373337762847e+01,-5.494614640002190242e+00,1.064444589120000343e-04
1.086490403208136557e-01,2.614703598093985892e-01,7.070606694262028258e-01,-3.233408841863274485e+00,8.467739790678024958e-01,8.311928212642671898e-02,-3.750559329986572266e+01,-6.595234870910644531e+00,-1.421340703964233398e+00,1.102118860146182877e-01,2.651941013863448049e-01,6.999998570933281261e-01,-3.224727170024444867e+00,8.206537094809408517e-01,2.004100573661500321e-05,-3.331853676610624149e+01,-7.097964898597854955e+00,1.020714189630000544e-04
7.300489616945385341e-02,2.691052038443088046e-01,7.076797687749862842e-01,-3.564414415135979564e+00,7.634844034910203137e-01,6.190993487834932363e-02,-3.310055732727050781e+01,-8.328957557678222656e+00,-2.120934724807739258e+00,7.637814692080713286e-02,2.730190591449993542e-01,7.000000625250517583e-01,-3.533604324695207133e+00,7.416758907122323885e-01,2.103685226496000064e-05,-2.826978200053666157e+01,-8.694784616763808316e+00,9.697972838400004114e-05
3.465048828899859601e-02,2.757856010866164831e-01,7.080349879901409738e-01,-3.835440788045525462e+00,6.680397242307664074e-01,3.552192151546480076e-02,-2.710263729095458984e+01,-9.544467926025390625e+00,-2.638801336288452148e+00,3.972649359130897562e-02,2.799747680664061988e-01,7.000002776489258061e-01,-3.786498827880851792e+00,6.468499228515618427e-01,2.197827148437500141e-05,-2.213479474414052106e+01,-1.026399906250000527e+01,9.118945312500001616e-05
-5.641814770251524225e-03,2.815419507396220711e-01,7.080807764868737308e-01,-4.029230305925011635e+00,5.756349653005601308e-01,4.578849673271195159e-03,-1.937895178794860840e+01,-9.240475893020629883e+00,-3.094307184219360352e+00,8.696638686423452391e-04,2.859044907093440946e-01,7.000005018861054085e-01,-3.972980650668923364e+00,5.365614177863249346e-01,2.285838551775999888e-05,-1.500493496852296715e+01,-1.178352668398981073e+01,8.472249801600005451e-05
-4.714606348246337675e-02,2.862364941906928584e-01,7.079272197525502408e-01,-4.150424871221185086e+00,4.694543451070786744e-01,-1.535567343235014204e-02,-1.211945652961730957e+01,-1.061806201934814453e+01,-1.993452310562133789e+00,-3.948036669112797714e-02,2.906564668967708265e-01,7.000007345900932654e-01,-4.083682186938101033e+00,4.114219328159107181e-01,2.367054495121500481e-05,-7.001507250484806377e+00,-1.323025611885976183e+01,7.760265968700000663e-05
-8.906451589807870550e-02,2.895405745279788778e-01,7.076403168182374692e-01,-4.191845241561532376e+00,3.304080337285996705e-01,-2.869029343128202958e-02,-4.142037034034729004e+00,-1.390463113784790039e+01,-1.333461999893188477e+00,-8.052452427558370873e-02,2.940862250436507286e-01,7.000009750491201777e-01,-4.110603099115481385e+00,2.722793837109805382e-01,2.440834801664000227e-05,1.723159286917844035e+00,-1.458002320343941882e+01,6.985567948800003335e-05
-1.305821971130371462e-01,2.913035554361343427e-01,7.073859669606686884e-01,-4.151768121495843289e+00,1.762980908155442339e-01,-2.543498575687407059e-02,4.007712006568908691e+00,-1.541099429130554199e+01,3.255307674407958984e-01,-1.213918787277597500e-01,2.960589987649104859e-01,7.000012224887190992e-01,-4.047425963344402078e+00,1.202286876801398063e-01,2.506566030353499881e-05,1.098463103331056523e+01,-1.580758798202117354e+01,6.150929640900009733e-05
-1.707040485312045219e-01,2.913468104970455275e-01,7.070878020863534674e-01,-4.012185141816735801e+00,4.325506091117953256e-03,-2.981648743152617159e-02,1.395829796791076660e+01,-1.719725847244262695e+01,-4.381501674652099609e-01,-1.611580959066988283e-01,2.964522510625998697e-01,7.000014760745000286e-01,-3.889842714062980544e+00,-4.337736375600115962e-02,2.563663499999999684e-05,2.056528994994009807e+01,-1.688661171612000089e+01,5.259330000000001025e-05
-2.085576585438848052e-01,2.897297068905830275e-01,7.065715650360585576e-01,-3.785361001268029657e+00,-1.617103606462477750e-01,-5.162370502948759876e-02,2.268241405487060547e+01,-1.660358667373657227e+01,-2.180721759796142578e+00,-1.988672084908318372e-01,2.951583083913295047e-01,7.000017349151290702e-01,-3.635891887993173643e+00,-2.169170019833376595e-01,2.611573366293500328e-05,3.021325362861331243e+01,-1.778963389373336668e+01,4.313958329100007615e-05
-2.430421884898841811e-01,2.864249564182758112e-01,7.057571146230698922e-01,-3.448452994599938926e+00,-3.304750472307204090e-01,-8.144504129886626087e-02,3.369080066680908203e+01,-1.687646865844726562e+01,-2.982133626937866211e+00,-2.335568132183030721e-01,2.920871069010608223e-01,7.000019980655182161e-01,-3.286306667540513260e+00,-3.984881486054044353e-01,2.649774751744000048e-05,3.964129535063501208e+01,-1.848804923860091520e+01,3.318219571200001379e-05
-2.731353777033090902e-01,2.812845410776138033e-01,7.047344107072354147e-01,-3.009318921342492459e+00,-5.140415340662001231e-01,-1.022703915834426713e-01,4.391340732574462891e+01,-1.835664868354797363e+01,-2.082535028457641602e+00,-2.642868025583542391e-01,2.871690531563213522e-01,7.000022645302308444e-01,-2.844873723604334881e+00,-5.858968528470905879e-01,2.677781928541500385e-05,4.852576414574789254e+01,-1.895208471946437712e+01,2.275739601300010487e-05
-2.980617997963727062e-01,2.741391334903239829e-01,7.037412152032852530e-01,-2.492642209306359824e+00,-7.145407587289809292e-01,-9.931955039501189075e-02,5.166767120361328125e+01,-2.004992246627807617e+01,2.950841188430786133e-01,-2.901717388078568494e-01,2.803580016309202838e-01,7.000025332671081513e-01,-2.318802857798873518e+00,-7.766454990509652490e-01,2.695146554335999943e-05,5.650550485106976595e+01,-1.915077655932734046e+01,1.190370518400000107e-05
-3.172609574851394387e-01,2.650683866810798484e-01,7.027750059406757677e-01,-1.919915768876672146e+00,-9.070746809244154552e-01,-9.662092626094817560e-02,5.727264404296875000e+01,-1.925339221954345703e+01,2.698624134063720703e-01,-3.104169786071113712e-01,2.716343512772373403e-01,7.000028031911210702e-01,-1.719107444084714498e+00,-9.679207842661903261e-01,2.701459960937500546e-05,6.318077817003332797e+01,-1.905194724471501289e+01,6.619593750000798218e-07
-3.302188727651537148e-01,2.541347687017917467e-01,7.017386672835350669e-01,-1.295791528001427828e+00,-1.093361797928809942e+00,-1.036338657140731812e-01,6.241242408752441406e+01,-1.862871170043945312e+01,-7.012939453125000000e-01,-3.243586558689989796e-01,2.610082634691601733e-01,7.000030731784552263e-01,-1.060995669810943731e+00,-1.156581465930031971e+00,2.696355495935999689e-05,6.811218073132486950e+01,-1.862218253493414721e+01,-1.092463718399993200e-05
-3.365844847691059627e-01,2.413987541866302322e-01,7.005642302672863142e-01,-6.365612003952266784e-01,-1.273601451516151339e+00,-1.174437016248703058e-01,6.592303276062011719e+01,-1.802396535873413086e+01,-1.380983591079711914e+00,-3.315076311156492928e-01,2.485230036177428492e-01,7.000033420708311471e-01,-3.642725761678805574e-01,-1.339145879641992165e+00,2.679510917241499461e-05,7.081956514782207535e+01,-1.782680847133268287e+01,-2.281045926300001239e-05
-3.361631991137564723e-01,2.269213227403163724e-01,6.992150981168746560e-01,4.212856553494914724e-02,-1.447743144631385759e+00,-1.349132150411605779e-01,6.786897659301757812e+01,-1.741416931152343750e+01,-1.746951341629028320e+00,-3.315975152166285023e-01,2.342584087586603858e-01,7.000036086800672797e-01,3.462471019493679747e-01,-1.511779227030496608e+00,2.650650840544001427e-05,7.078096007553391189e+01,-1.662986838655975319e+01,-3.494740771199996039e-05
-3.289456664529443186e-01,2.107874510359764031e-01,6.977049655954837837e-01,7.217532660812138179e-01,-1.613387170433998152e+00,-1.510132521390914750e-01,6.796247005462646484e+01,-1.656440258026123047e+01,-1.610003709793090820e+00,-3.246368755228763447e-01,2.183344834105344079e-01,7.000038717928906973e-01,1.040315296667011724e+00,-1.670280633712219798e+00,2.609549239693499670e-05,6.743149027253774364e+01,-1.499409991382529483e+01,-4.728485654099997545e-05
-3.151417742912471787e-01,1.931512235176563175e-01,6.961278771500587492e-01,1.380389216169714661e+00,-1.763622751832008451e+00,-1.577088445425033347e-01,6.586359500885009766e+01,-1.502355813980102539e+01,-6.695592403411865234e-01,-3.109660000000000202e-01,2.009150000000000102e-01,7.000039999999999596e-01,1.681815999999999978e+00,-1.810070000000000068e+00,2.599999999999999840e-05,6.016229599999999778e+01,-1.288091200000000036e+01,-6.000000000000000152e-05
-2.952205153387785774e-01,1.742404137325286873e-01,6.946562383215427738e-01,1.992125895246863010e+00,-1.891080978512764021e+00,-1.471638828516006192e-01,6.117366790771484375e+01,-1.274582266807556152e+01,1.054496169090270996e+00,-2.912951101992771741e-01,1.822091098464491410e-01,7.000042567949755767e-01,2.237023223671844807e+00,-1.927278707839553018e+00,2.533879076827699750e-05,5.095896644782173013e+01,-1.058330501482896935e+01,-7.212250099380000559e-05
-2.699448300023377656e-01,1.543336400163173583e-01,6.934995534758567892e-01,2.527568533644079629e+00,-1.990677371621131897e+00,-1.156684845685958529e-01,5.354426383972167969e+01,-9.959639310836791992e+00,3.149539828300476074e+00,-2.665243548512559735e-01,1.624437689408376184e-01,7.000045063836934922e-01,2.702582887062850769e+00,-2.022184190053696984e+00,2.455994694252800173e-05,4.223190258749575321e+01,-8.420118672384692360e+00,-8.352594860159995066e-05
-2.402337103244663041e-01,1.336885007691383243e-01,6.927858413498402257e-01,2.971111967787146035e+00,-2.064513924717902960e+00,-7.137121260166165437e-02,4.435434341430664062e+01,-7.383655309677124023e+00,4.429727196693420410e+00,-2.375264845992351159e-01,1.418353041250294821e-01,7.000047476258531853e-01,3.083231132024589982e+00,-2.096125887399367116e+00,2.367068634833300109e-05,3.397579480973318056e+01,-6.390367520908256438e+00,-9.420506909339997059e-05
-2.070670504663885414e-01,1.125104900372028288e-01,6.925019963722229832e-01,3.316665985807775829e+00,-2.117801073193549932e+00,-2.838449776172635025e-02,3.455540180206298828e+01,-5.328714847564697266e+00,4.298671483993530273e+00,-2.051271547028289122e-01,1.205867003824592082e-01,7.000049794535769809e-01,3.383650848528153787e+00,-2.150432398672154743e+00,2.267827385139200124e-05,2.618530655666320683e+01,-4.492866828591518313e+00,-1.041557440511999737e-04
-1.713867916893959953e-01,9.095540503382681941e-02,6.925116301219463866e-01,3.568025877699255499e+00,-2.155508500337600442e+00,9.633749723434760492e-04,2.513598918914794922e+01,-3.770742714405059814e+00,2.934787273406982422e+00,-1.701054584833071037e-01,9.888771940087738577e-02,7.000052008718210539e-01,3.608471531446390212e+00,-2.186419434166859688e+00,2.159000932812499827e-05,1.885509957544187642e+01,-2.726221835785628045e+00,-1.133751056249999892e-04
-1.340445869733394024e-01,6.915900743722915023e-02,6.926427424292564972e-01,3.734220471605658176e+00,-2.179639759659766973e+00,1.311123073101046893e-02,1.661945939064025879e+01,-2.413125932216644287e+00,1.214785575866699219e+00,-1.331944609384325129e-01,7.691503913788029501e-02,7.000054109586621998e-01,3.762269389872211267e+00,-2.205387661660124898e+00,2.041321468371199945e-05,1.197985917186112914e+01,-1.088817007209607723e+00,-1.218616317888000051e-04
-9.581802778512248098e-02,4.728044617891311030e-02,6.927874920408726434e-01,3.822655918821692200e+00,-2.187856125831603826e+00,1.447496116161349662e-02,8.843544721603393555e+00,-8.216366171836853027e-01,1.363730430603027344e-01,-9.508173000143527176e-02,5.483241546400319244e-02,7.000056088654483810e-01,3.849567708972998048e+00,-2.208620444915160075e+00,1.915521991757299845e-05,5.554319463957696712e+00,4.211947158410804803e-01,-1.296152415966000102e-04
-5.754536159157761649e-02,2.548780814528464958e-02,6.930105236511231448e-01,3.827266619354486199e+00,-2.179263803362846197e+00,2.230316102504733417e-02,4.610700532793998718e-01,8.592322468757629395e-01,7.828199863433837891e-01,-5.640986291876248782e-02,3.279086695815569552e-02,7.000057938168066096e-01,3.874837464381095664e+00,-2.197381474708545834e+00,1.782334823628800322e-05,-4.267113643777875609e-01,1.805902663285957388e+00,-1.366373904383999538e-04
-1.937194993168124546e-02,3.587372131347653370e-03,6.928954857032300074e-01,3.817341165989637020e+00,-2.190043601393699468e+00,-1.150379478931423671e-02,-9.925453364849090576e-01,-1.077979803085327148e+00,-3.380695581436157227e+00,-1.777700522124175952e-02,1.092888393017815707e-02,7.000059651104963976e-01,3.842498189120393981e+00,-2.172912292379129084e+00,1.642490021395700482e-05,-5.968325809792062842e+00,3.067649184050994293e+00,-1.429311652961999903e-04
1.826488778173913918e-02,-1.791017403483391099e-02,6.928288814167977705e-01,3.763683771342038575e+00,-2.149754616618156255e+00,-6.660428643226590402e-03,-5.365739464759826660e+00,4.028898477554321289e+00,4.843366146087646484e-01,2.026264023669988035e-02,-1.062733725469997004e-02,7.000061221171000048e-01,3.756919093069000404e+00,-2.136429705899000275e+00,1.496713700000000062e-05,-1.107549179585998900e+01,4.209040393859995177e+00,-1.485013799999999927e-04
5.475795372754325291e-02,-3.886879097700118857e-02,6.927301305572988177e-01,3.649306594580411289e+00,-2.095861694216727855e+00,-9.875085949897732113e-03,-1.143771767616271973e+01,5.389292240142822266e+00,-3.214657306671142578e-01,5.719831669512587258e-02,-3.176363347472344056e-02,7.000062642795407131e-01,3.622420434958002033e+00,-2.089123098466558748e+00,1.345726257439700082e-05,-1.575302741947578511e+01,5.232956923026053531e+00,-1.533546704837999866e-04
8.952975662231435483e-02,-5.920076485753059115e-02,6.925085985403062194e-01,3.477180289477109110e+00,-2.033197388052939925e+00,-2.215320169925686505e-02,-1.721263051033020020e+01,6.266430616378784180e+00,-1.227811574935913086e+00,9.256223188934709079e-02,-5.237758669901476649e-02,7.000063911124183580e-01,3.443275146906319861e+00,-2.032151629621662181e+00,1.190240505036799777e-05,-2.000557569724395535e+01,6.142564664242991412e+00,-1.574995900415999885e-04
1.220929778310655411e-01,-7.883377736091612409e-02,6.921273602883817322e-01,3.256322120875119186e+00,-1.963301250338553849e+00,-3.812382519245144374e-02,-2.208581686019897461e+01,6.989613771438598633e+00,-1.597062349319458008e+00,1.259290939587087710e-01,-7.237820730874000574e-02,7.000065022011529026e-01,3.223710711491650116e+00,-1.966641328882860806e+00,1.030959702449300001e-05,-2.383757931187038537e+01,6.941325520376777192e+00,-1.609467045833999795e-04
1.520486534255741651e-01,-9.771102406859395739e-02,6.915866009335519538e-01,2.995567559450863726e+00,-1.887724670767783497e+00,-5.407593548297878749e-02,-2.607545614242553711e+01,7.557657957077026367e+00,-1.595211029052734375e+00,1.569156673887658338e-01,-9.168558781725710816e-02,7.000065972009273940e-01,2.967911291357489212e+00,-1.893682081906721937e+00,8.685754974271998646e-06,-2.725325535855328951e+01,7.633008152256964607e+00,-1.637086878911999874e-04
1.790677159371970584e-01,-1.157852865386009011e-01,6.909050959389211322e-01,2.701906251162289330e+00,-1.807426247000693653e+00,-6.815049946308132656e-02,-2.936613082885742188e+01,8.029842376708984375e+00,-1.407456398010253906e+00,1.851803515122100730e-01,-1.102305259144680250e-01,7.000066758354195340e-01,2.680020111356264056e+00,-1.814324509169234378e+00,7.037657703124994919e-06,-3.025657009137438536e+01,8.221698726468124718e+00,-1.658004168750000062e-04
2.028759105670450424e-01,-1.330153629410266714e-01,6.901094671230317834e-01,2.380819462984799184e+00,-1.723007640242576022e+00,-7.956288158893581874e-02,-3.210867881774902344e+01,8.441860675811767578e+00,-1.141238212585449219e+00,2.104227840939095207e-01,-1.279541157605955104e-01,7.000067378953132025e-01,2.364142093228538410e+00,-1.729576737169301826e+00,5.371923832831990728e-06,-3.285121366968975565e+01,8.711811663141274309e+00,-1.672390668287999970e-04
2.232447562608121105e-01,-1.493650683689117242e-01,6.892281083505155115e-01,2.036884569376705922e+00,-1.634970542788505066e+00,-8.813587725162502773e-02,-3.439348936080932617e+01,8.803709745407104492e+00,-8.572995662689208984e-01,2.323834725254180777e-01,-1.448073064546048783e-01,7.000067832365804987e-01,2.024346742818312173e+00,-1.640401062154320133e+00,3.694988343412989495e-06,-3.504057490452105128e+01,9.108100383745311390e+00,-1.680442066865999698e-04
2.399865260440109394e-01,-1.648033470141887502e-01,6.882876094918252141e-01,1.674176978319882103e+00,-1.543827864527701932e+00,-9.404988586902615633e-02,-3.627075910568237305e+01,9.114267826080322266e+00,-5.914008617401123047e-01,2.508434551543212154e-01,-1.607504266024922801e-01,7.000068117785236410e-01,1.664671289824412703e+00,-1.547710506367845795e+00,2.013078160448009086e-06,-3.682771600494626796e+01,9.415668058878440050e+00,-1.682378942783999847e-04
2.529514498952029067e-01,-1.793046420741080949e-01,6.873106186430455455e-01,1.296492385119198509e+00,-1.450129505991935241e+00,-9.769908487796780117e-02,-3.776845932006835938e+01,9.369835853576660156e+00,-3.649199008941650391e-01,2.656239952737751708e-01,-1.757526739106601843e-01,7.000068235015686202e-01,1.289124080087970858e+00,-1.452365266819338530e+00,3.321867898370051467e-07,-3.821534732449120497e+01,9.639978356059627274e+00,-1.678447715861999898e-04
2.620261523890493049e-01,-1.928491931784152569e-01,6.863145979385376627e-01,9.074702493846403817e-01,-1.354455110430716980e+00,-9.960207045078274535e-02,-3.890221357345581055e+01,9.567439556121826172e+00,-1.902985572814941406e-01,2.765863102975997800e-01,-1.897915687295999576e-01,7.000068184447999498e-01,9.016882204159993863e-01,-1.355169056576001063e+00,-1.341951999999993619e-06,-3.920580210752000028e+01,9.786866187519995819e+00,-1.668921599999999847e-04
2.671328396889565138e-01,-2.054231591749190733e-01,6.853111770789623858e-01,5.106687299907195499e-01,-1.257396599650382418e+00,-1.003420859575271246e-01,-3.968015193939208984e+01,9.705851078033447266e+00,-7.400155067443847656e-02,2.836313386462899211e-01,-2.028523704731044486e-01,7.000067967032280736e-01,5.063254759410495964e-01,-1.256865338576702129e+00,-3.003891448482995602e-06,-3.980101123562653243e+01,9.862548457994288142e+00,-1.654101555737999942e-04
2.682290470618007294e-01,-2.170185374248027044e-01,6.843059518675804753e-01,1.096207372844207328e-01,-1.159537824988364552e+00,-1.005225211381911843e-01,-4.010479927062988281e+01,9.785877466201782227e+00,-1.804351806640625000e-02,2.866995468693027127e-01,-2.149274558382291977e-01,7.000067584247787744e-01,1.069804200169395259e-01,-1.158133451967979344e+00,-4.648500025791995320e-06,-4.000247797402523986e+01,9.873634812512273484e+00,-1.634317242815999877e-04
2.653078818264601457e-01,-2.276328730511664455e-01,6.832986623089314371e-01,-2.921165235340607014e-01,-1.061433562636374894e+00,-1.007289558649062666e-01,-4.017372608184814453e+01,9.810426235198974609e+00,-2.064347267150878906e-02,2.857707795289818331e-01,-2.260156577512246745e-01,7.000067038069958114e-01,-2.924151633493639046e-01,-1.059584630962131513e+00,-6.270990608347001865e-06,-3.981125271794230969e+01,9.827138384190208242e+00,-1.609927972733999886e-04
2.583987648355958733e-01,-2.372687471735476505e-01,6.822837497930527295e-01,-6.909116990864287988e-01,-9.635874122381204998e-01,-1.014912515878676896e-01,-3.987951755523681641e+01,9.784615039825439453e+00,-7.622957229614257812e-02,2.808641543714833211e-01,-2.361215639646597197e-01,7.000066330934470171e-01,-6.879376245298645109e-01,-9.617579162174020313e-01,-7.866950606848004487e-06,-3.922790773900658223e+01,9.730486542022239504e+00,-1.581323661311999937e-04
2.475686774048206917e-01,-2.459330440092085679e-01,6.812513418834209578e-01,-1.083008743077517710e+00,-8.664296835660929563e-01,-1.032407909631728599e-01,-3.920970439910888672e+01,9.715772867202758789e+00,-1.749539375305175781e-01,2.720380053100583395e-01,-2.452547742309570955e-01,7.000065465698241951e-01,-1.075666540771484048e+00,-8.651159587402350581e-01,-9.432373046875004041e-06,-3.825251193164064034e+01,9.591531638671868976e+00,-1.548925781249999739e-04
2.329239005762336334e-01,-2.536360136497019524e-01,6.801887555460930379e-01,-1.464477682858706720e+00,-7.702969640493387837e-01,-1.062586337327956626e-01,-3.814689397811889648e+01,9.613271951675415039e+00,-3.017842769622802734e-01,2.593898757460574855e-01,-2.534291149775623753e-01,7.000064445597279361e-01,-1.451679556155978101e+00,-7.700407163096303353e-01,-1.096368860204799511e-05,-3.688460555945182762e+01,9.418561758263352957e+00,-1.513188314687999834e-04
2.146121647003290667e-01,-2.603901988196371531e-01,6.790826476852894755e-01,-1.831173587590457341e+00,-6.754185169935221777e-01,-1.106107860803603599e-01,-3.666959047317504883e+01,9.487844705581665039e+00,-4.352152347564697266e-01,2.430565647530179008e-01,-2.606618104089668542e-01,7.000063274201268060e-01,-1.812046969023726639e+00,-6.768290424235781089e-01,-1.245779857974700386e-05,-3.512317500162335193e+01,9.220311464173134297e+00,-1.474598705765999712e-04
1.928250345754621009e-01,-2.662094324457643935e-01,6.779219342212677857e-01,-2.178713012486697576e+00,-5.819233626127238157e-01,-1.160713464021682212e-01,-3.475394248962402344e+01,9.349515438079833984e+00,-5.460560321807861328e-01,2.232142286491901051e-01,-2.669726089608039921e-01,7.000061955364819122e-01,-2.152826066861440957e+00,-5.856881677675773723e-01,-1.391210885939200877e-05,-3.296662749930517577e+01,9.005972546821324087e+00,-1.433678813183999980e-04
1.678002728912231789e-01,-2.711083868074415371e-01,6.767015098969937359e-01,-2.502476168423892311e+00,-4.898954361677164693e-01,-1.220424324274062555e-01,-3.237631559371948242e+01,9.202792644500732422e+00,-5.971086025238037109e-01,2.000785404838709147e-01,-2.723828640312432880e-01,7.000060493175279674e-01,-2.470055208653807899e+00,-4.967310742052428729e-01,-1.532456478328300179e-05,-3.041276590200516239e+01,8.785204771463059004e+00,-1.390985862761999394e-04
1.398239385503527721e-01,-2.751035149323938223e-01,6.754267299513817546e-01,-2.797633434087039461e+00,-3.995128124952311288e-01,-1.274779945611953236e-01,-2.951572656631469727e+01,9.038262367248535156e+00,-5.435562133789062500e-01,1.739049099628997563e-01,-2.769145679149001005e-01,7.000058891896999702e-01,-2.759747654698999408e+00,-4.099717612909998810e-01,-1.669368700000000699e-05,-2.745876341397998033e+01,8.568146625979993658e+00,-1.347113399999999475e-04
1.092318267169591905e-01,-2.782161941456792742e-01,6.741194598715306574e-01,-3.059211183339358708e+00,-3.112679213285440838e-01,-1.307270079851149958e-01,-2.615777492523193359e+01,8.824489116668701172e+00,-3.249013423919677734e-01,1.449887663386780212e-01,-2.805893378644816472e-01,7.000057155911967310e-01,-3.017885143888138888e+00,-3.253204053048619482e-01,-1.801860826036298882e-05,-2.410113834062647697e+01,8.365426068671711235e+00,-1.302692242637999904e-04
7.640676467299431507e-02,-2.804758137094972570e-01,6.728315014581681686e-01,-3.282506204396487437e+00,-2.259619563817972521e-01,-1.287958413362502441e-01,-2.232950210571289062e+01,8.530596494674682617e+00,1.931166648864746094e-01,1.136659067900777087e-01,-2.834273532053928624e-01,7.000055289656724744e-01,-3.240411218448646213e+00,-2.425784108092878810e-01,-1.929911116595199575e-05,-2.033572883487214256e+01,8.188171276047155445e+00,-1.258391433216000433e-04
4.175292305082051875e-02,-2.819034004735944676e-01,6.716740846674443821e-01,-3.465384162217379771e+00,-1.427586764097208416e-01,-1.157416790723800049e-01,-1.828779578208923340e+01,8.320327997207641602e+00,1.305416226387023926e+00,8.031291281759456169e-02,-2.854462424285203470e-01,7.000053297555449694e-01,-3.423224296151487156e+00,-1.614333547281399106e-01,-2.053566687018699698e-05,-1.615766764356669682e+01,8.048021390616030502e+00,-1.214919191633999807e-04
5.632249148487721013e-03,-2.824903676736352787e-01,6.707822426300050767e-01,-3.612067390233279607e+00,-5.869672000408118762e-02,-8.918420374393457029e-02,-1.466832280158996582e+01,8.406195640563964844e+00,2.655747532844543457e+00,4.534763717911149961e-02,-2.866599191864159235e-01,7.000051183949131950e-01,-3.562170489982380506e+00,-8.145382294771330578e-02,-2.172947473196800195e-05,-1.156135685387272360e+01,7.957137268680332554e+00,-1.173023867711999428e-04
-3.147563639849457889e-02,-2.823121991086003923e-01,6.701315519254209541e-01,-3.710788554698229991e+00,1.781685650348717453e-02,-6.506907045841210657e-02,-9.872116446495056152e+00,7.651357650756835938e+00,2.411513328552246094e+00,9.229763891624831462e-03,-2.870773661181025282e-01,7.000048953020726605e-01,-3.653036175276859421e+00,-2.084139439860743792e-03,-2.288250292187500175e-05,-6.540442639656902202e+00,7.928212228125628869e+00,-1.133494893749999573e-04
-6.901104657173190438e-02,-2.815059356319902228e-01,6.695699602108003967e-01,-3.753541017323733353e+00,8.062634766101890726e-02,-5.615917146205895438e-02,-4.275246262550354004e+00,6.280949115753173828e+00,8.909898996353149414e-01,-2.753855617568856662e-02,-2.867013654277201229e-01,7.000046608716199437e-01,-3.691540304319259835e+00,7.736101209280876745e-02,-2.399752998092798993e-05,-1.087790007881139331e+00,7.974482796212631897e+00,-1.097163737087999806e-04
-1.065046624933186636e-01,-2.801340752172468140e-01,6.690311069529059074e-01,-3.749361592158676260e+00,1.371860414743428791e-01,-5.388532578945152973e-02,4.179425165057182312e-01,5.655969381332397461e+00,2.273845672607421875e-01,-6.441199159172841804e-02,-2.855271751422344684e-01,7.000044154661382301e-01,-3.673326468405671452e+00,1.577020740496264395e-01,-2.507818733190700180e-05,4.804542455006696855e+00,8.109739457368570825e+00,-1.064904852665999257e-04
-1.434061641451719882e-01,-2.778749631869790737e-01,6.687989819388392432e-01,-3.690150165185333453e+00,2.259112030267720894e-01,-2.321250140666954523e-02,5.921142697334289551e+00,8.872516155242919922e+00,3.067282438278198242e+00,-1.008012360116642137e-01,-2.835411499734302176e-01,7.000041594074509765e-01,-3.593954707370703883e+00,2.399002082425001348e-01,-2.612900274323200268e-05,1.114532783668151694e+01,8.348337400978612877e+00,-1.037636635583999748e-04
-1.788136737068000970e-01,-2.748023583817479909e-01,6.686521491448882415e-01,-3.540750956162811658e+00,3.072604805231100022e-01,-1.468327939510338277e-02,1.493992090225219727e+01,8.134927749633789062e+00,8.529222011566162109e-01,-1.360721306577241108e-01,-2.807193057094067301e-01,7.000038929674377020e-01,-3.448893066578211819e+00,3.250629966844322816e-01,-2.715544474540299802e-05,1.794419615255011990e+01,8.705207269177288154e+00,-1.016322373661999025e-04
-2.118786930722001971e-01,-2.708751314508912600e-01,6.685525338988307364e-01,-3.306501936540009012e+00,3.927226930856710374e-01,-9.961524605750966127e-03,2.342490196228027344e+01,8.546221256256103516e+00,4.721754789352416992e-01,-1.695440000000000003e-01,-2.770250000000000212e-01,7.000039999999999596e-01,-3.233509000000000189e+00,4.144510000000000138e-01,-2.799999999999999958e-05,2.521165999999999840e+01,9.195866000000000540e+00,-1.000000000000000048e-04
-2.418477487210933252e-01,-2.660484448003766489e-01,6.684769736568930698e-01,-2.996905564889313034e+00,4.826686650514608323e-01,-7.556024193763661093e-03,3.095963716506958008e+01,8.994597196578979492e+00,2.405500411987304688e-01,-2.004985971076302387e-01,-2.724117759206454159e-01,7.000037150165926425e-01,-2.945933398159663597e+00,5.090399226174833203e-01,-2.899506163844299948e-05,3.209871783134268242e+01,9.703545523299720088e+00,-9.902784918580000563e-05
-2.682187180128697834e-01,-2.602883380877968889e-01,6.684432486038210941e-01,-2.637096929177642934e+00,5.760106712579733390e-01,-3.372505307197498810e-03,3.598086357116699219e+01,9.334200620651245117e+00,4.183518886566162109e-01,-2.282533467831518448e-01,-2.668291118172329557e-01,7.000034201296897463e-01,-2.595544293750967402e+00,6.081561120420523325e-01,-2.998084121875199963e-05,3.778293456880565060e+01,1.010149325037179047e+01,-9.814094354560000161e-05
-2.905737008620802864e-01,-2.535773899483678151e-01,6.684782763164046626e-01,-2.235498284921050960e+00,6.710948139429098180e-01,3.502771258354259003e-03,4.015986442565917969e+01,9.508414268493652344e+00,6.875276565551757812e-01,-2.522393919756168446e-01,-2.602372032394319468e-01,7.000031154281172174e-01,-2.194110210180102438e+00,7.107078610907333616e-01,-3.095811056814700205e-05,4.231655196712032563e+01,1.039087125233717224e+01,-9.732302934940000223e-05
-3.085857390892510210e-01,-2.459054513800141561e-01,6.686026367287638550e-01,-1.801203822717071468e+00,7.671938568353658949e-01,1.243604123592383787e-02,4.342944622039794922e+01,9.609904289245605469e+00,8.933269977569580078e-01,-2.720029226480374929e-01,-2.526071006506350192e-01,7.000028009938085161e-01,-1.752869442842107439e+00,8.156163059592758113e-01,-3.192747506892799095e-05,4.575336217554040985e+01,1.057308865479004112e+01,-9.655706705920000742e-05
-3.220072068665926213e-01,-2.372718325185773081e-01,6.688200800459387363e-01,-1.342146777734161356e+00,8.633618861436850311e-01,2.174433171749122137e-02,4.590570449829101562e+01,9.616802930831909180e+00,9.308290481567382812e-01,-2.871997971473741473e-01,-2.439205683893500842e-01,7.000024769035085859e-01,-1.282514906123018994e+00,9.218179723959993854e-01,-3.288936567187499205e-05,4.814863754836311216e+01,1.064981676362000051e+01,-9.582520562500000325e-05
-3.306617144998912905e-01,-2.276779229867455512e-01,6.691234540681841869e-01,-8.654507633298644809e-01,9.593909531831747994e-01,3.033740222454078123e-02,4.766960144042968750e+01,9.602906703948974609e+00,8.593070507049560547e-01,-2.975900155540164294e-01,-2.341699174125632665e-01,7.000021432305592040e-01,-7.931796822968615324e-01,1.028267473133852583e+00,-3.384403065260799145e-05,4.955906045545012972e+01,1.062300419083427983e+01,-9.510875678080001180e-05
-3.344390563388173754e-01,-2.171210329461094879e-01,6.695016989748481251e-01,-3.777341838926085993e-01,1.055689004063606884e+00,3.782449066638953611e-02,4.877165794372558594e+01,9.629805088043212891e+00,7.487088441848754883e-01,-3.030320520297106190e-01,-2.233578103084892796e-01,7.000018000467683743e-01,-2.944232723173771937e-01,1.133940356580705133e+00,-3.479152711090699186e-05,5.004265309274889262e+01,1.049489198037995052e+01,-9.438816934060000562e-05
-3.332915396076445713e-01,-2.055923751223084350e-01,6.699437588195804594e-01,1.147516731172791293e-01,1.152865782380104731e+00,4.420598447322852259e-02,4.924858570098876953e+01,9.717677831649780273e+00,6.381493806838989258e-01,-3.034770531828764328e-01,-2.114970370661284904e-01,7.000014474243649865e-01,2.047814514954344745e-01,1.237836106767855160e+00,-3.573171221299199275e-05,4.965870729281373031e+01,1.026802873396613336e+01,-9.364300349440001176e-05
-3.272323450390999811e-01,-1.930783678817745985e-01,6.704400090019706493e-01,6.059194568544616910e-01,1.251400724053383540e+00,4.962501823902137205e-02,4.911677837371826172e+01,9.853494167327880859e+00,5.419033765792846680e-01,-2.989629094702644929e-01,-1.986102600890472247e-01,7.000010854380436243e-01,6.960605908739871950e-01,1.338981294556762514e+00,-3.666423417676299614e-05,4.846771433532694573e+01,9.945285736886203765e+00,-9.285190510420001265e-05
-3.163368195798998417e-01,-1.795645312297341201e-01,6.709822386841777231e-01,1.089552545920013493e+00,1.351383665204048734e+00,5.422296822071082795e-02,4.836330890655517578e+01,9.998294115066528320e+00,4.597949981689453125e-01,-2.896082066539000799e-01,-1.847297269408000320e-01,7.000007141670999689e-01,1.171650865126998564e+00,1.436432880103999832e+00,-3.758852299999999722e-05,4.653129475762001732e+01,9.529872083840000840e+00,-9.199258000000000955e-05
-3.007474321593349709e-01,-1.650418243336674584e-01,6.715629829804901085e-01,1.558938742056488191e+00,1.452270689606667053e+00,5.807442963123329166e-02,4.693861961364746094e+01,1.008870244026184082e+01,3.851461410522460938e-01,-2.756060643322624237e-01,-1.698969493094112937e-01,7.000003336976602375e-01,1.624410552768583482e+00,1.529281666584430877e+00,-3.850378093152300059e-05,4.391212816519469442e+01,9.025349804756039873e+00,-9.104176827580000471e-05
-2.806827019882207619e-01,-1.495153969156738927e-01,6.721749206523899289e-01,2.006473017111420010e+00,1.552642741799355131e+00,6.119376718997963233e-02,4.475342750549316406e+01,1.003720521926879883e+01,3.119337558746337891e-01,-2.572178685646468455e-01,-1.541623466783336172e-01,6.999999441250077670e-01,2.047829731252563068e+00,1.616655905172606822e+00,-3.940897268531200106e-05,4.067388304224419926e+01,8.435648990613708875e+00,-8.997521858560001058e-05
-2.564490527306502732e-01,-1.330149653482433914e-01,6.728110876123909456e-01,2.423364925757049981e+00,1.650043156743050243e+00,6.361669600009925429e-02,4.168919086456298828e+01,9.740041494369506836e+00,2.422928810119628906e-01,-2.347669056076577276e-01,-1.375848531913015649e-01,6.999995455560080737e-01,2.436039814811989057e+00,1.697725051282386044e+00,-4.030281539758699683e-05,3.688114656217432952e+01,7.765082919265491768e+00,-8.876766243940000488e-05
-2.284512926694756418e-01,-1.156040313470360348e-01,6.734662263731960863e-01,2.799776006117462579e+00,1.741093400120735879e+00,6.551387608051306710e-02,3.764110803604125977e+01,9.105024337768554688e+00,1.897180080413818359e-01,-2.086319037827802370e-01,-1.202314861984978278e-01,6.999991381116359435e-01,2.783822390403867697e+00,1.771703672064776747e+00,-4.118376832684800108e-05,3.259935439812458213e+01,7.018363181259159589e+00,-8.739278849920000761e-05
-1.971930483897036124e-01,-9.738287114381756482e-02,6.741380208175187239e-01,3.125824427977203612e+00,1.822116020321846719e+00,6.717944443225867812e-02,3.260484218597412109e+01,8.102262020111083984e+00,1.665568351745605469e-01,-1.792404904939788046e-01,-1.021768749714499769e-01,6.999987219296069929e-01,3.086617351759109784e+00,1.837855505164000203e+00,-4.205002229687500467e-05,2.789472053348937663e+01,6.200614805659998119e+00,-8.582321687500000899e-05
-1.632592484039074032e-01,-7.848142524838412626e-02,6.748255339603429492e-01,3.393379998579620693e+00,1.890144589543343301e+00,6.875131428241737508e-02,2.675555706024169922e+01,6.802856922149658203e+00,1.571869850158691406e-01,-1.470625714142704543e-01,-8.350274807407540023e-02,6.999982971671157017e-01,3.340530331537679753e+00,1.895497668731776830e+00,-4.289948888268799144e-05,2.283416707243912924e+01,5.317391385873005305e+00,-8.403047342080001935e-05
-1.272858399395650486e-01,-5.904564183235132269e-02,6.755246278088098411e-01,3.597340846434235129e+00,1.943578341603279913e+00,6.990938484668739183e-02,2.039608478546142578e+01,5.343375205993652344e+00,1.158070564270019531e-01,-1.126036388602180138e-01,-6.429737787729189469e-02,6.999978640036829125e-01,3.542339431588973131e+00,1.944005022699835994e+00,-4.372978933946699946e-05,1.748525405044137315e+01,4.374690205465073589e+00,-8.198496403060001061e-05
-8.993819143444357900e-02,-3.922634916782342246e-02,6.762252291779523583e-01,3.734764850512146683e+00,1.981929266452790106e+00,7.006013691425330703e-02,1.374240040779113770e+01,3.835092484951019287e+00,1.507520675659179688e-02,-7.639801637329876605e-02,-4.465498070461312863e-02,6.999974226441157965e-01,3.689501251317375274e+00,1.982814681310644644e+00,-4.453824327443199778e-05,1.191610924478191968e+01,3.378967363987256611e+00,-7.965594893440002043e-05
-5.192448814407049640e-02,-1.916989704251251952e-02,6.769185394685274249e-01,3.801370329037308426e+00,2.005645212531090404e+00,6.933102905750282430e-02,6.660547852516174316e+00,2.371594607830047607e+00,-7.291078567504882812e-02,-3.900204652708630371e-02,-2.467507109614480720e-02,6.999969733215818390e-01,3.780156214153060912e+00,2.011430676906358794e+00,-4.532185706168299878e-05,6.195357985086186403e+00,2.337152902796927556e+00,-7.701151699420001238e-05
-1.401286119043885364e-02,1.004914141893766683e-03,6.776137937645918541e-01,3.791162695363163859e+00,2.017481118440628496e+00,6.952542960643776082e-02,-1.020763367414474487e+00,1.183590590953826904e+00,1.944005489349365234e-02,-9.872289792003385855e-04,-4.461768678400090948e-03,6.999965163007999536e-01,3.813133192127999838e+00,2.029428774976000049e+00,-4.607731199999999961e-05,3.920529638400438444e-01,1.256665930880002335e+00,-7.401856000000002066e-05
2.378719741657318171e-02,2.108508083939590605e-02,6.778144965212351547e-01,3.780005860701203257e+00,2.008016669750213978e+00,2.007027566432960375e-02,-1.115683466196060181e+00,-9.464448690414428711e-01,-4.945515394210815430e+00,3.706668421302916627e-02,1.587694387264715346e-02,6.999960518813520549e-01,3.787953428557151891e+00,2.036461440460850536e+00,-4.680095221360299667e-05,-5.424395953088883005e+00,1.454297506731609957e-01,-7.064274696580002391e-05
6.111651993721665260e-02,4.141496849775352929e-02,6.780183787088400749e-01,3.732932252064347090e+00,2.032988765835762379e+00,2.038821876049049311e-02,-4.707360863685607910e+00,2.497209608554840088e+00,3.179430961608886719e-02,7.457862899423606251e-02,3.623001328785480091e-02,6.999955804011158689e-01,3.704833758824911616e+00,2.032262955318073772e+00,-4.748877229587199846e-05,-1.118429191593000027e+01,-9.881130161139690671e-01,-6.684849842560000859e-05
9.699497206315339792e-02,6.176675809145013019e-02,6.783484675328738112e-01,3.587845212593674393e+00,2.035178959369659868e+00,3.300888240337379598e-02,-1.450870394706726074e+01,2.190193533897399902e-01,1.262066364288330078e+00,1.109731984110834124e-01,5.648416009313167452e-02,6.999951022398234191e-01,3.564689129276723545e+00,2.016654687342551266e+00,-4.813640469602700311e-05,-1.681772128048882209e+01,-2.134985302676589924e+00,-6.259896072940000539e-05
1.307753077912324757e-01,8.186130932688752415e-02,6.786919290165908114e-01,3.378033572807907614e+00,2.009455123543739674e+00,3.434614837169654850e-02,-2.098116397857666016e+01,-2.572383582592010498e+00,1.337265968322753906e-01,1.456876333917706823e-01,7.652477644216681973e-02,6.999946178227463012e-01,3.369134414215931184e+00,1.989550510246948622e+00,-4.873910684876800144e-05,-2.225462379762562293e+01,-3.285660471292519702e+00,-5.785598033920000358e-05
1.619595722760254208e-01,1.015375146043304561e-01,6.789787284176356241e-01,3.118426448479294510e+00,1.967620527744293524e+00,2.867994010448463374e-02,-2.596071243286132812e+01,-4.183459579944610596e+00,-5.666208267211914062e-01,1.781788281860348377e-01,9.623687890625004515e-02,6.999941276245116306e-01,3.120485531005860569e+00,1.950962375000000026e+00,-4.929174804687499881e-05,-2.742486280273436350e+01,-4.430047187500003147e+00,-5.258007812500000095e-05
1.901139195206755506e-01,1.206866870296005451e-01,6.791954627971655833e-01,2.815434724465012195e+00,1.914917242527008456e+00,2.167343795299537385e-02,-3.029917240142822266e+01,-5.270328521728515625e+00,-7.006502151489257812e-01,2.079303434466990008e-01,1.155061177337665668e-01,6.999936321730498845e-01,2.821759853277038044e+00,1.901006032423012915e+00,-4.978879605676800156e-05,-3.225829540522154559e+01,-5.557474294275483118e+00,-4.673042366079999268e-05
2.148481737057858776e-01,1.392276370894912907e-01,6.793645245473391991e-01,2.473425418511032703e+00,1.854095005989075062e+00,1.690617501735694472e-02,-3.420093059539794922e+01,-6.082223653793334961e+00,-4.767262935638427734e-01,2.344594199338192742e-01,1.342198440919484259e-01,6.999931320536781909e-01,2.476675922239722549e+00,1.839906907044599027e+00,-5.022430347702700192e-05,-3.668484267798505982e+01,-6.656675686211414700e+00,-4.026480952059999420e-05
2.358139943200343869e-01,1.570954916846756255e-01,6.795272465090759217e-01,2.096582061424851151e+00,1.786785459518432928e+00,1.627219617366797849e-02,-3.768433570861816406e+01,-6.730954647064208984e+00,-6.339788436889648438e-02,2.573239858224818377e-01,1.522682368034629086e-01,6.999926279133212859e-01,2.089652456101572131e+00,1.768006122213625630e+00,-5.059189383987200205e-05,-4.063455984689313993e+01,-7.715775183694033146e+00,-3.313962557439998941e-05
2.527084200139337877e-01,1.742341034781937081e-01,6.797321645658024325e-01,1.689442569389939086e+00,1.713861179351807040e+00,2.049180567264563893e-02,-4.071394920349121094e+01,-7.292428016662597656e+00,4.219609498977661133e-01,2.761296505953066971e-01,1.695454900904230233e-01,6.999921204648730244e-01,1.665806657590532591e+00,1.685766676470386471e+00,-5.088474745560300267e-05,-4.403770648026304002e+01,-8.722271407081164440e+00,-2.530983328419996706e-05
2.652777481469505982e-01,1.905905192267899062e-01,6.800269814472206242e-01,1.256932813301682161e+00,1.635641574859619585e+00,2.948168814182288572e-02,-4.325097560882568359e+01,-7.821960449218750000e+00,8.989882469177246094e-01,2.905366785006995300e-01,1.859510638384000991e-01,6.999916104917000004e-01,1.210951819582999800e+00,1.593779771175999560e+00,-5.109558699999999689e-05,-4.682481667833997108e+01,-9.663022650880003894e+00,-1.672893999999997743e-05
2.733201945851737036e-01,2.061110602986817031e-01,6.804532001655109186e-01,8.042446438223120886e-01,1.552054107189178911e+00,4.262187182903297289e-02,-4.526881694793701172e+01,-8.358746767044067383e+00,1.314018368721008301e+00,3.002669345579190852e-01,2.013909978930213396e-01,6.999910988522912714e-01,7.315942288370740343e-01,1.492771289400022461e+00,-5.121666284468299644e-05,-4.892676926277611926e+01,-1.052423175792493204e+01,-7.348973255799938270e-06
2.766874000298970571e-01,2.207385014665131373e-01,6.810426389317519869e-01,3.367205444723365138e-01,1.462744116783142534e+00,5.894387662410743856e-02,-4.675240993499755859e+01,-8.930999040603637695e+00,1.632200479507446289e+00,3.051107960899942517e-01,2.157792919017355593e-01,6.999905864850557435e-01,2.349293678311905609e-01,1.383608426066291752e+00,-5.123973813043199534e-05,-5.027485796610908153e+01,-1.129143099355525770e+01,2.879544934400078086e-06
2.752855338956409215e-01,2.344099140536789749e-01,6.818152078430660401e-01,-1.401866134256127272e-01,1.367141258716583652e+00,7.725689113140113418e-02,-4.769071578979492188e+01,-9.560285806655883789e+00,1.831301450729370117e+00,3.049340227655649160e-01,2.290393522133272186e-01,6.999900744132705466e-01,-2.711625852922350255e-01,1.267306469356987986e+00,-5.115607358346699985e-05,-5.080086162124122495e+01,-1.194946691979306941e+01,1.400762378060007945e-05
2.690770772042864190e-01,2.470549945008759241e-01,6.827774755697257891e-01,-6.208456691354515833e-01,1.264508044719696356e+00,9.622677266597755297e-02,-4.806590557098388672e+01,-1.026332139968872070e+01,1.896988153457641602e+00,2.996845781306731737e-01,2.411055073477624267e-01,6.999895637501813983e-01,-7.781219586777514685e-01,1.145035733374912379e+00,-5.095641207468799583e-05,-5.043711435091827866e+01,-1.248248526952100157e+01,2.608782942080009029e-05
2.580846110562973750e-01,2.585950411927704362e-01,6.839216820638187588e-01,-1.099246614798903732e+00,1.154004669189453436e+00,1.144206494092942089e-01,-4.784009456634521484e+01,-1.105033755302429199e+01,1.819387674331665039e+00,2.893993956115799016e-01,2.519245935489499710e-01,6.999890557042600658e-01,-1.276715490602771341e+00,1.018128642063998335e+00,-5.063096292187500272e-05,-4.911657575720809632e+01,-1.287391582066000417e+01,3.917431062500012896e-05
2.423981770890944742e-01,2.689432479512695595e-01,6.852249347310074290e-01,-1.568643396720290406e+00,1.034820675849914773e+00,1.303252667188645186e-01,-4.693967819213867188e+01,-1.191839933395385742e+01,1.590461730957031250e+00,2.742110819696449431e-01,2.614576119329976023e-01,6.999885515846194783e-01,-1.757042935218140034e+00,8.880869643880411335e-01,-5.016938593484800396e-05,-4.677290111097985914e+01,-1.310645727034716224e+01,5.332282449919981896e-05
2.221874387319379696e-01,2.780080688369278019e-01,6.866483751575954697e-01,-2.021073835715651690e+00,9.064820885658266825e-01,1.423440426588059304e-01,-4.524304389953613281e+01,-1.283385872840881348e+01,1.201877593994140625e+00,2.543545511893255950e-01,2.696814587445464650e-01,6.999880528065892671e-01,-2.208544370183607608e+00,7.565892007676355835e-01,-4.956077520358701145e-05,-4.334051154138232675e+01,-1.316206210911349395e+01,6.859076218939981625e-05
1.977157831880443917e-01,2.857038741481308097e-01,6.881361294727332822e-01,-2.447165554389357567e+00,7.695805311203005594e-01,1.487754315137863881e-01,-4.260917186737060547e+01,-1.369015574455261230e+01,6.431388854980468750e-01,2.301735817803551021e-01,2.765907302337665130e-01,6.999875608974550634e-01,-2.620008206197895539e+00,6.254981207753600447e-01,-4.879364262931200650e-05,-3.875466422532340971e+01,-1.302192149506171326e+01,8.503717458559980778e-05
1.693411964307719175e-01,2.919749782454971188e-01,6.896122742335804023e-01,-2.837458675727248192e+00,6.271104097366335672e-01,1.476144760847092341e-01,-3.902931213378906250e+01,-1.424701213836669922e+01,-1.160955429077148438e-01,2.021272904751326982e-01,2.821996036665950780e-01,6.999870775023644409e-01,-2.979579898423826645e+00,4.968684520891676337e-01,-4.785590119852300793e-05,-3.295152257694861930e+01,-1.266645012804404224e+01,1.027227980257998304e-04
1.375752546358102180e-01,2.968028824698928925e-01,6.909531925063140401e-01,-3.176594179496169179e+00,4.827904224395754840e-01,1.340918272733689076e-01,-3.391355037689208984e+01,-1.443199872970581055e+01,-1.352264881134033203e+00,1.707965153024001148e-01,2.865437959807997648e-01,6.999866043903999469e-01,-3.274771359808007709e+00,3.729547207039995982e-01,-4.673484800000001676e-05,-2.586822643712009651e+01,-1.207527112384000922e+01,1.217100799999998550e-04
1.032087917532020505e-01,3.001857988011840672e-01,6.919892966787821731e-01,-3.436646288260817528e+00,3.382916331291201395e-01,1.036104172468186174e-01,-2.600521087646484375e+01,-1.444987893104553223e+01,-3.048141002655029297e+00,1.368819675226650157e-01,2.896804585753109396e-01,6.999855263286056672e-01,-3.495524120981126526e+00,2.556808593557358122e-01,-4.670136017626402966e-05,-1.836132383110788169e+01,-1.138936773704689642e+01,1.397507066215995667e-04
6.701189693242248779e-02,3.022242946994308510e-01,6.926761349182135596e-01,-3.619689482077956377e+00,2.038495898246767690e-01,6.868382394313819750e-02,-1.830431938171386719e+01,-1.344420433044433594e+01,-3.492659330368041992e+00,1.011278754638915978e-01,2.916784844303857427e-01,6.999850666332908533e-01,-3.643568369876138746e+00,1.449682774519293060e-01,-4.520458251929603357e-05,-1.132569799235137076e+01,-1.076296733293228058e+01,1.596223222911995849e-04
2.974368670388993080e-02,3.030397283208374204e-01,6.931019069592959658e-01,-3.726821022853255450e+00,8.154336214065577293e-02,4.257720410823829377e-02,-1.071315407752990723e+01,-1.223062276840209961e+01,-2.610661983489990234e+00,6.423732306886903443e-02,2.925997280757903218e-01,6.999846229009426546e-01,-3.723594308255284702e+00,4.022733364148817214e-02,-4.350862012965603815e-05,-4.756947954650538435e+00,-1.019481374840167653e+01,1.795819168487996272e-04
-7.859631119371095209e-03,3.026398858201507780e-01,6.931754604916579021e-01,-3.760331782326102434e+00,-3.998425006866429543e-02,7.355353236198500233e-03,-3.351075947284698486e+00,-1.215276122093200684e+01,-3.522185087203979492e+00,2.686722010945116756e-02,2.925010170644067320e-01,6.999841971272209307e-01,-3.740249647861084270e+00,-5.911729811051952277e-02,-4.161277046374404055e-05,1.349099623576467621e+00,-9.683443031304610926e+00,1.995935197183996350e-04
-4.524700660452310452e-02,3.012339893949035896e-01,6.932332330982691193e-01,-3.738737548515200793e+00,-1.405896425247190051e-01,5.777260661125258046e-03,2.159423381090164185e+00,-1.006053924560546875e+01,-1.578092575073242188e-01,-1.037179558642900568e-02,2.914335024900960858e-01,6.999837913129594025e-01,-3.698141405329844922e+00,-1.536252180287327462e-01,-3.951670662500004192e-05,6.996414327106151632e+00,-9.227171902760632705e+00,2.196179424999996710e-04
-8.178836532503430679e-02,2.988496411216263193e-01,6.932775950174338009e-01,-3.654135872051119893e+00,-2.384348273277280272e-01,4.436191916465834564e-03,8.460167646408081055e+00,-9.784518480300903320e+00,-1.341068744659423828e-01,-4.691496098102576617e-02,2.894428274190358752e-01,6.999834074602455658e-01,-3.601837822606247741e+00,-2.438380451910276969e-01,-3.722051042918404003e-05,1.218878541460254894e+01,-8.824085343325323905e+00,2.396126015615996827e-04
-1.170240102727717613e-01,2.955886012685303155e-01,6.932527901570803008e-01,-3.523564494773745448e+00,-3.261039853096006080e-01,-2.480486035346909923e-03,1.305713772773742676e+01,-8.766915798187255859e+00,-6.916677951812744141e-01,-8.224300870565853794e-02,2.865693184951124683e-01,6.999830475681607656e-01,-3.455870053051009361e+00,-3.302770380537083383e-01,-3.472470724373604356e-05,1.692984524931004842e+01,-8.472024179156308676e+00,2.595313406311996985e-04
-1.503829467129713660e-01,2.914267218482498589e-01,6.931687561612135395e-01,-3.335893644019961357e+00,-4.161879420280454323e-01,-8.403399586677476329e-03,1.876708507537841797e+01,-9.008395671844482422e+00,-5.922913551330566406e-01,-1.158818036291316966e-01,2.828482019607542752e-01,6.999827136281631113e-01,-3.264733613241613153e+00,-4.134405908383567141e-01,-3.203030260121604019e-05,2.122309272974637651e+01,-8.168572668179255203e+00,2.793242533887996997e-04
-1.814792717640108244e-01,2.864680735242370879e-01,6.931997494738108001e-01,-3.109632505103945732e+00,-4.958648324012754349e-01,3.099331259727554008e-03,2.262611389160156250e+01,-7.967689037322998047e+00,1.150273084640502930e+00,-1.474019927726270551e-01,2.783098453345877465e-01,6.999824076190953592e-01,-3.032889600466112334e+00,-4.938016057803435999e-01,-2.913882058682404060e-05,2.507191672039537877e+01,-7.911046086253890053e+00,2.989375060583997624e-04
-2.099070048388845255e-01,2.807445357215408444e-01,6.933959278802878101e-01,-2.842773307487368672e+00,-5.723537802696225807e-01,1.961784064769752506e-02,2.668591976165771484e+01,-7.648894786834716797e+00,1.651850938796997070e+00,-1.764186662279996209e-01,2.729800259873000901e-01,6.999821315017999979e-01,-2.764765675910003218e+00,-5.718047412389989370e-01,-2.605234400000004230e-05,2.847961948239996133e+01,-7.696478313340002764e+00,3.183131599999997671e-04
-2.352974311281747222e-01,2.742510271441940262e-01,6.937291126887804582e-01,-2.539042628929018885e+00,-6.493508577346799315e-01,3.331848084926612719e-02,3.037306785583496094e+01,-7.699707746505737305e+00,1.370064020156860352e+00,-2.025910267364076089e-01,2.668802278570915898e-01,6.999818872133239944e-01,-2.464756813536171709e+00,-6.478635356694426584e-01,-2.277355629010404233e-05,3.144944010425494696e+01,-7.521609419663455753e+00,3.373889943015997571e-04
-2.573734324258572514e-01,2.669930940043930279e-01,6.941636904816633757e-01,-2.207600129768252373e+00,-7.257933139801022726e-01,4.345777928829200332e-02,3.314424991607666016e+01,-7.644245624542236328e+00,1.013929843902587891e+00,-2.256220655842072209e-01,2.600279675461020235e-01,6.999816766606952179e-01,-2.137225814657908174e+00,-7.223574074560750180e-01,-1.930578526617603759e-05,3.398457793249994552e+01,-7.382873251882189791e+00,3.560983283711998109e-04
-2.759256514702743690e-01,2.589800756347183652e-01,6.946685950200564008e-01,-1.855221904441714198e+00,-8.013018369674680397e-01,5.049045383930213238e-02,3.523782253265380859e+01,-7.550852298736572266e+00,7.032674551010131836e-01,-2.452582424730425648e-01,2.524371510391932860e-01,6.999815017142527740e-01,-1.786503588204995996e+00,-7.956285306077279795e-01,-1.565304858077604008e-05,3.608821600241226690e+01,-7.276385019252236575e+00,3.743698445287998045e-04
-2.907811871078616606e-01,2.502285162580017430e-01,6.952222618203169890e-01,-1.485553563758730711e+00,-8.751559376716611105e-01,5.536668002605445171e-02,3.696683406829833984e+01,-7.385410070419311523e+00,4.876226186752319336e-01,-2.612891670210629180e-01,2.441184622864724374e-01,6.999813642005139336e-01,-1.416889196682869168e+00,-8.679785863144766633e-01,-1.182010098790403912e-05,3.776354446869976300e+01,-7.197928879793722423e+00,3.921274105983998254e-04
-3.017950472255057082e-01,2.407553556334976474e-01,6.958106818835742002e-01,-1.101386011764406980e+00,-9.473160624504086691e-01,5.884200632572181289e-02,3.841675519943237305e+01,-7.216012477874755859e+00,3.475326299667358398e-01,-2.735472795521951550e-01,2.350797848909383647e-01,6.999812658945593347e-01,-1.032649667824846240e+00,-9.396653903661085216e-01,-7.812483375000039488e-06,3.901378403619373358e+01,-7.142945526456874639e+00,4.092899024999998811e-04
-3.088561461699014798e-01,2.305723594796661724e-01,6.964247017245299709e-01,-7.061098944395778343e-01,-1.018299615383147838e+00,6.140198409557350023e-02,3.952761173248291016e+01,-7.098355293273925781e+00,2.559977769851684570e-01,-2.819075288304057070e-01,2.253266581426351944e-01,6.999812085119192506e-01,-6.380195719374257557e-01,-1.010899396432256570e+00,-3.636573569024033066e-06,3.984220939054181798e+01,-7.106519773288038522e+00,4.257710268415998791e-04
-3.118930160646146144e-01,2.196857034337524883e-01,6.970586172382838841e-01,-3.036869894713161155e-01,-1.088665604591369185e+00,6.339155137538916851e-02,4.024229049682617188e+01,-7.036598920822143555e+00,1.989567279815673828e-01,-2.862870443958795974e-01,2.148627686406965609e-01,6.999811936999423834e-01,-2.372003649386624780e-01,-1.081840075204187901e+00,7.003610833839673047e-07,4.025217262890082992e+01,-7.083368141595673961e+00,4.414791435111999323e-04
-3.108760391232376907e-01,2.080974949967865362e-01,6.977092764120109702e-01,1.016976941376926957e-01,-1.158820843696593883e+00,6.506591737270361886e-02,4.053846836090087891e+01,-7.015523910522460938e+00,1.674365997314453125e-01,-2.866448011600489787e-01,2.036904787446630338e-01,6.999812230286307502e-01,1.656405029103922288e-01,-1.152592169398258592e+00,5.190109361663980706e-06,4.024712669062963499e+01,-7.067826446116371564e+00,4.563170882687999047e-04
-3.058177318443363601e-01,1.958074658286575731e-01,6.983753283660419919e-01,5.058307278901341686e-01,-1.229002916812896418e+00,6.660519540309912945e-02,4.041330337524414062e+01,-7.018207311630249023e+00,1.539278030395507812e-01,-2.829812739164016544e-01,1.918113930964574221e-01,6.999812979809217905e-01,5.663707125811678900e-01,-1.223201824621021672e+00,9.823460043015974251e-06,3.983064878798213471e+01,-7.053837381180855459e+00,4.701819953383999879e-04
-2.967723907214409040e-01,1.828144759309296152e-01,6.990565481524475544e-01,9.045341122895482755e-01,-1.299298989772796231e+00,6.812197864055639929e-02,3.987033843994140625e+01,-7.029607295989990234e+00,1.516783237457275391e-01,-2.753380794239999596e-01,1.792269644544000617e-01,6.999814199424000405e-01,9.608944361599998096e-01,-1.293652596095999696e+00,1.459014399999998795e-05,3.900646383680000184e+01,-7.034938106880000319e+00,4.829651199999999219e-04
-2.838355889414256872e-01,1.691179323565964177e-01,6.997532446424968855e-01,1.293680178001523462e+00,-1.369654357433318648e+00,6.966964900493628765e-02,3.891460657119750977e+01,-7.035536766052246094e+00,1.547670364379882812e-01,-2.637976037206407054e-01,1.659391400806487782e-01,6.999815901904212767e-01,1.345153931037456285e+00,-1.363861331252115283e+00,1.947877452405587207e-05,3.777846788720570714e+01,-7.004247835230823505e+00,4.945516611815997882e-04
-2.671435719934112107e-01,1.547193080556396871e-01,7.004658223729141042e-01,1.669201694801450309e+00,-1.439862430095672163e+00,7.125777304172523086e-02,3.755215167999267578e+01,-7.020807266235351562e+00,1.588124036788940430e-01,-2.484826123225864491e-01,1.519510499234445200e-01,6.999818098826312562e-01,1.715131368404645418e+00,-1.433673928173788914e+00,2.447678587494388376e-05,3.615075155429521203e+01,-6.954455416342509189e+00,5.048205840511997729e-04
-2.468726015408343188e-01,1.396239041459564623e-01,7.011946168582446903e-01,2.027097045257688190e+00,-1.509540390968322265e+00,7.287944853305823589e-02,3.578953504562377930e+01,-6.967796087265014648e+00,1.621675491333007812e-01,-2.295558409678016276e-01,1.372677378355509903e-01,6.999820800448601776e-01,2.066850896056361631e+00,-1.502860969912679368e+00,2.957037005610387297e-05,3.412762344883103793e+01,-6.877806924582407611e+00,5.136444426087998210e-04
-2.232387751770025519e-01,1.238427671563629567e-01,7.019400193433769086e-01,2.363382636383176472e+00,-1.578113698959350053e+00,7.454024851322181566e-02,3.362855911254882812e+01,-6.857330799102783203e+00,1.660799980163574219e-01,-2.072195645596193736e-01,1.218969370702651656e-01,6.999824015583769876e-01,2.396380935501265963e+00,-1.571113234661104086e+00,3.474441181593589003e-05,3.171363360793504427e+01,-6.766093244742044099e+00,5.208892022783999419e-04
-1.964994538371270805e-01,1.073940222632889241e-01,7.027023773829944586e-01,2.673932133987546589e+00,-1.644874489307402987e+00,7.623580396175391738e-02,3.105494976043701172e+01,-6.676079034805297852e+00,1.695555448532104492e-01,-1.817151419677739410e-01,1.058498912963870553e-01,6.999827751464843262e-01,2.699836713378901631e+00,-1.638037081787107496e+00,3.998242187499988405e-05,2.891359692578132012e+01,-6.610637658203127209e+00,5.264140624999999723e-04
-1.669565956053143674e-01,9.030224923014684713e-02,7.034802400212295526e-01,2.954285823181272086e+00,-1.709177303314208363e+00,7.778626382350928292e-02,2.803536891937255859e+01,-6.430281400680541992e+00,1.550459861755371094e-01,-1.533225343437275567e-01,8.914222237353042200e-02,6.999832013604373460e-01,2.973383027183716276e+00,-1.703149713731195281e+00,4.526646837913588775e-05,2.573261658428911858e+01,-6.402283429103563961e+00,5.300712793215999353e-04
-1.349586437512940162e-01,7.259660986781164838e-02,7.042658157389171114e-01,3.199795185402036335e+00,-1.770563936233519930e+00,7.855757176876074221e-02,2.455093622207641602e+01,-6.138663291931152344e+00,7.713079452514648438e-02,-1.223597946072226272e-01,7.179484612915718045e-02,6.999836805646669768e-01,3.213237245295955002e+00,-1.765874313764723258e+00,5.057710657850390302e-05,2.217610748381557784e+01,-6.131381390503448436e+00,5.317059879912000749e-04
-1.008944766205555066e-01,5.431231192469641866e-02,7.050390389900215160e-01,3.406416713073850300e+00,-1.828429794311522860e+00,7.732232511043554690e-02,2.066215276718139648e+01,-5.786585807800292969e+00,-1.235246658325195312e-01,-8.918252576099022777e-02,5.383493737872030449e-02,6.999842129212930919e-01,3.415672541319516586e+00,-1.825535059609951105e+00,5.589330673254389351e-05,1.824981967384889714e+01,-5.787777530551098337e+00,5.311560255488001307e-04
-6.517555771216806959e-02,3.549043265700385641e-02,7.057646704356678180e-01,3.571891890838742700e+00,-1.882187926769256059e+00,7.256314456462865936e-02,1.654751777648925781e+01,-5.375813245773315430e+00,-4.759180545806884766e-01,-5.418330569054544132e-02,3.529694543029776588e-02,6.999847983739055923e-01,3.577021362726716891e+00,-1.881352012921754913e+00,6.119238024085589794e-05,1.395986178370089448e+01,-5.360800578649036474e+00,5.282517534184001315e-04
-2.823487233191784851e-02,1.616416314959571998e-02,7.064103752713211115e-01,3.694068538025021997e+00,-1.932626950740813587e+00,6.457048356533055811e-02,1.221766471862792969e+01,-5.043902397155761719e+00,-7.992660999298095703e-01,-1.779107610600039191e-02,1.622366131510033505e-02,6.999854366305999775e-01,3.693679133810000348e+00,-1.932435884630999023e+00,6.644990399999991170e-05,9.312724453200083019e+00,-4.839249591620010449e+00,5.228158800000001034e-04
9.454359052627717142e-03,-3.584920041560659548e-03,7.069678410332210783e-01,3.768923138454556732e+00,-1.974908319115638022e+00,5.574657618999486614e-02,7.485460042953491211e+00,-4.228136837482452393e+00,-8.823907375335693359e-01,1.952950671717368358e-02,-3.332662014761567093e-03,6.999861271462464174e-01,3.762108192940569307e+00,-1.977782676149567376e+00,7.163964298621591635e-05,4.315303763384463309e+00,-4.211381539873001678e+00,5.146632832616002129e-04
4.750180678248349525e-02,-2.373263030528974943e-02,7.074165308218010040e-01,3.804744772985577672e+00,-2.014771026372908835e+00,4.486897885799413094e-02,3.582163453102111816e+00,-3.986270725727081299e+00,-1.087759733200073242e+00,5.727876174150686728e-02,-2.330913527987027445e-02,6.999868691039757840e-01,3.778841964133932141e+00,-2.016268196437057014e+00,7.673347106406392120e-05,-1.025075332805517547e+00,-3.464898893569243299e+00,5.036008333312002585e-04
8.552541084766332458e-02,-4.420734240889501176e-02,7.075408404510028504e-01,3.802360406517982572e+00,-2.047471210360526150e+00,1.243096292018895654e-02,-2.384366467595100403e-01,-3.270018398761749268e+00,-3.243801593780517578e+00,9.492271585807990353e-02,-4.363100301706862583e-02,6.999876613958655458e-01,3.740489362922408301e+00,-2.046642454929129329e+00,8.170129002098392248e-05,-6.700635579834251843e+00,-2.586937208788187448e+00,4.894272150888003556e-04
1.226288006174558742e-01,-6.476529321849297527e-02,7.077664597373015676e-01,3.710338976979255854e+00,-2.055795080959796017e+00,2.256192862987523723e-02,-9.202142953872680664e+00,-8.323870599269866943e-01,1.013096570968627930e+00,1.318938818073352170e-01,-6.421035703161886987e-02,6.999885026028067614e-01,3.643739436534533471e+00,-2.067523930327525683e+00,8.651094682777591533e-05,-1.270312398887774030e+01,-1.564052713693577346e+00,4.719327507584003198e-04
1.579913869071001287e-01,-8.545817997336338512e-02,7.081115287582880891e-01,3.536258628964424222e+00,-2.069288675487040763e+00,3.450690209865575619e-02,-1.740803480148315430e+01,-1.349359452724456787e+00,1.194497346878051758e+00,1.675920836732109620e-01,-8.494479191657078321e-02,6.999893909735344089e-01,3.485366238381411019e+00,-2.077393715251734108e+00,9.112814912499991806e-05,-1.902378840713117114e+01,-3.822098946993914836e-01,4.508992225000002974e-04
1.910264347064489776e-01,-1.061479318517441484e-01,7.084254576902395684e-01,3.303504779934883118e+00,-2.068975187838076657e+00,3.139289319515233684e-02,-2.327538490295410156e+01,3.134876489639282227e-02,-3.114008903503417969e-01,2.013853322936818291e-01,-1.057160013979543400e-01,6.999903244028046201e-01,3.262233936849986637e+00,-2.074589536752328822e+00,9.551637893529595449e-05,-2.565335408711569087e+01,9.732309173641056077e-01,4.260996950016003658e-04
2.211540618705744310e-01,-1.267078375744814522e-01,7.086280697028642939e-01,3.012762716412544339e+00,-2.055990572273730166e+00,2.026120126247411141e-02,-2.907420635223388672e+01,1.298461556434631348e+00,-1.113169193267822266e+00,2.326107529307607780e-01,-1.263883142644141588e-01,6.999913004086996127e-01,2.971302158403249738e+00,-2.057299652685957270e+00,9.963680460162396726e-05,-3.258200025598568317e+01,2.517525961084368546e+00,3.972983380712002423e-04
2.477675479519362012e-01,-1.469952267187828454e-01,7.087225405316358584e-01,2.661348608136177241e+00,-2.028738914430140206e+00,9.447082877159168959e-03,-3.514141082763671875e+01,2.725165784358978271e+00,-1.081411838531494141e+00,2.605755675430380669e-01,-1.468071686399017306e-01,6.999923161090428891e-01,2.609631564987366037e+00,-2.023556623951997757e+00,1.034481909514239602e-04,-3.979933668483585762e+01,4.266560458300572733e+00,3.642502492288003484e-04
2.702545844483370541e-01,-1.668395715284342051e-01,7.087666308920389513e-01,2.248703649640083402e+00,-1.984434480965136194e+00,4.409036040306141095e-03,-4.126449584960937500e+01,4.430443346500396729e+00,-5.038046836853027344e-01,2.845581340038307872e-01,-1.667975233580435424e-01,6.999933681969074950e-01,2.174389665745741329e+00,-1.971230962590867719e+00,1.069068076866959904e-04,-4.729438025800839540e+01,6.236861027937576907e+00,3.267012762984002712e-04
2.880210150945181624e-01,-1.860396587926143874e-01,7.088582786064153707e-01,1.776643064618110834e+00,-1.920008726418017009e+00,9.164771437645009150e-03,-4.720605850219726562e+01,6.442575454711914062e+00,4.755735397338867188e-01,3.038089999999999957e-01,-1.861619999999999941e-01,6.999950000000000339e-01,1.662855999999999890e+00,-1.898025000000000073e+00,1.100000000000000039e-04,-5.505553199999999947e+01,8.445608000000000004e+00,2.840000000000000185e-04
3.005002886819834740e-01,-2.043674026358122120e-01,7.091365885179048423e-01,1.247927358746528714e+00,-1.832774384319781014e+00,2.783099114894872078e-02,-5.287157058715820312e+01,8.723434209823608398e+00,1.866621971130371094e+00,3.175662801230205168e-01,-2.046822103237691814e-01,6.999961134531231810e-01,1.078023474855647645e+00,-1.802354883186788603e+00,1.126159556396970059e-04,-6.140669741091858214e+01,1.064293832963887176e+01,2.391998951781999837e-04
3.072507767546172053e-01,-2.216080708879226702e-01,7.097453658323293890e-01,6.750488072633743508e-01,-1.724066825211046927e+00,6.087773144245153117e-02,-5.728785514831542969e+01,1.087075591087341309e+01,3.304674029350280762e+00,3.252067971252318168e-01,-2.221403945975126970e-01,6.999972508270018157e-01,4.442848071062577286e-01,-1.686073309751405791e+00,1.147843045758080059e-04,-6.488897189752424310e+01,1.256816785469183628e+01,1.944919545023999488e-04
3.080137264895434490e-01,-2.376016534495347943e-01,7.107748062651163545e-01,7.629497349262237549e-02,-1.599358256161211633e+00,1.029440432786942056e-01,-5.987538337707519531e+01,1.247085690498352051e+01,4.206631183624267578e+00,3.263797224803549057e-01,-2.383440136264562137e-01,6.999984076515273212e-01,-2.112335663005542319e-01,-1.551892102858368538e+00,1.165063755487130031e-04,-6.581441950866772572e+01,1.422324805146636351e+01,1.499584299025999044e-04
3.026539984214301482e-01,-2.522588902193301785e-01,7.122432071309096058e-01,-5.359728068113327470e-01,-1.465723676979540535e+00,1.468400865793228760e-01,-6.122677803039550781e+01,1.336345791816711426e+01,4.389604330062866211e+00,3.209899373089509789e-01,-2.531275372233164900e-01,6.999995794740749844e-01,-8.645107610854585456e-01,-1.402500055774072329e+00,1.177843451781120142e-04,-6.449186917788917128e+01,1.561084143666667856e+01,1.056866848767998757e-04
2.911588004398341645e-01,-2.655603056180471100e-01,7.140866526405817982e-01,-1.149519798159599482e+00,-1.330141539871691370e+00,1.843445509672165528e-01,-6.135469913482666016e+01,1.355821371078491211e+01,3.750446438789367676e+00,3.091671603626311993e-01,-2.663521775559617444e-01,7.000007618682430044e-01,-1.494592567946315453e+00,-1.240555581061202339e+00,1.186212902656250140e-04,-6.122560941581998151e+01,1.673436964771812896e+01,6.176943187499983048e-05
2.736826530563827298e-01,-2.774282442110770908e-01,7.162130219082839533e-01,-1.747614738345146357e+00,-1.186793859302996301e+00,2.126369267702103161e-01,-5.980949401855468750e+01,1.433476805686950684e+01,2.829237580299377441e+00,2.912355300505565237e-01,-2.779055465829998184e-01,7.000019504431249651e-01,-2.083539521791094806e+00,-1.068678878969899548e+00,1.190212424712320009e-04,-5.631408300258470234e+01,1.759806152309156602e+01,1.830496968319980438e-05
2.505505007672305662e-01,-2.877560091543191478e-01,7.184823132793910494e-01,-2.313215228915214805e+00,-1.032776494324205929e+00,2.269291371107101940e-01,-5.656004905700683594e+01,1.540173649787902832e+01,1.429221034049987793e+00,2.676837710389894931e-01,-2.877012327692611282e-01,7.000031408531424137e-01,-2.616361917894812095e+00,-8.894436250256871901e-01,1.189892453635530112e-04,-5.004858168020310671e+01,1.820700118262772094e+01,-2.460257919259929661e-05
2.222665735948081422e-01,-2.964157989102595980e-01,7.207120928506858260e-01,-2.828392717242241172e+00,-8.659789755940423550e-01,2.229779571294785157e-01,-5.151774883270263672e+01,1.667975187301635742e+01,-3.951179981231689453e-01,2.391360759546530823e-01,-2.956782922731466812e-01,7.000043288084583093e-01,-3.080941774980523462e+00,-7.053681768141362163e-01,1.185314138439680132e-04,-4.271194084499139620e+01,1.856717610786160222e+01,-6.684303114239933865e-05
1.894809817838664368e-01,-3.030824634659284311e-01,7.228131558339603302e-01,-3.278559181094169883e+00,-6.666664555668817549e-01,2.101062983274460394e-01,-4.501664638519287109e+01,1.993125200271606445e+01,-1.287165880203247070e+00,2.063238327226655511e-01,-3.018006497978031888e-01,7.000055100859983170e-01,-3.467941745224246475e+00,-5.189062999623219596e-01,1.176549959445770215e-04,-3.457723423996505119e+01,1.868552522234681845e+01,-1.082999040681994411e-04
1.533085753786559424e-01,-3.078074680942290975e-01,7.247387205700881463e-01,-3.617240640521049766e+00,-4.725004628300653042e-01,1.925564736127853838e-01,-3.386814594268798828e+01,1.941659927368164062e+01,-1.754982471466064453e+00,1.700583280698005073e-01,-3.060564042980999933e-01,7.000066805411000459e-01,-3.770700971183996941e+00,-3.324374133170024948e-01,1.163684370000000237e-04,-2.590646864724009291e+01,1.856998697198000059e+01,-1.488501799999994565e-04
1.146334977316851855e-01,-3.106468863415711712e-01,7.264132854979045151e-01,-3.867507764697075245e+00,-2.839418247342095913e-01,1.674564927816391546e-01,-2.502671241760253906e+01,1.885586380958557129e+01,-2.509998083114624023e+00,1.312045577238387106e-01,-3.084570347353690067e-01,7.000078361198174282e-01,-3.985117889652793011e+00,-1.482563533195695449e-01,1.146814461930170318e-04,-1.694927858043518398e+01,1.822954740532516382e+01,-1.883640677117994931e-04
7.428118531584693152e-02,-3.115017454105609152e-01,7.277555608491904637e-01,-4.035231241583824513e+00,-8.548590689897397898e-02,1.342275351285935059e-01,-1.677234768867492676e+01,1.984559178352355957e+01,-3.322895765304565430e+00,9.065627383976984643e-02,-3.090365010718797434e-01,7.000089728719015580e-01,-4.109519982435699603e+00,3.143734242224716091e-02,1.126050654740480279e-04,-7.941620977073448273e+00,1.767428825393808012e+01,-2.267047653375995459e-04
3.323069884061766177e-02,-3.103674326169484354e-01,7.286710454862125319e-01,-4.105048647522926863e+00,1.134312793612494152e-01,9.154846370220190432e-02,-6.981740593910217285e+00,1.989171862602233887e+01,-4.267907142639160156e+00,4.931240018360327770e-02,-3.078502356970135856e-01,7.000100869644830803e-01,-4.144520474050869652e+00,2.045506323659198600e-01,1.101517408544730345e-04,8.955301090156808641e-01,1.691543501269065786e+01,-2.637282229873995072e-04
-7.773438872844463943e-03,-3.073255082148306783e-01,7.292842519621857145e-01,-4.100413771346212322e+00,3.041924402117743287e-01,6.132064759731298276e-02,4.634876176714897156e-01,1.907611608505249023e+01,-3.022781610488891602e+00,8.054945604548668925e-03,-3.049740204771079766e-01,7.000111746964787773e-01,-4.092861976354630116e+00,3.691086490689050592e-01,1.073353960737920379e-04,9.357488815294445317e+00,1.596540502009532148e+01,-2.992829053631996107e-04
-4.765895964771558330e-02,-3.024863888549798041e-01,7.297246173660763002e-01,-3.988552077487112157e+00,4.839119359850897473e-01,4.403654038906103241e-02,1.118616938591003418e+01,1.797194957733154297e+01,-1.728410720825195312e+00,-3.227145367367456608e-02,-3.005027446209351805e-01,7.000122325137476675e-01,-3.959247080090563919e+00,5.232668580266710556e-01,1.041715086406250370e-04,1.725716277811494592e+01,1.483785553862938400e+01,-3.332095543749996288e-04
-8.547454700812748274e-02,-2.961699448901408127e-01,7.300963527898796102e-01,-3.781558736041189306e+00,6.316443964838995839e-01,3.717354238033300506e-02,2.069933414459228516e+01,1.477324604988098145e+01,-6.862998008728027344e-01,-7.087823241163926369e-02,-2.945490385527855803e-01,7.000132570250181541e-01,-3.750155893362625115e+00,6.653236973139673438e-01,1.006771882475520393e-04,2.442635844031727288e+01,1.354773183505941248e+01,-3.653409517567997506e-04
-1.204499289375548787e-01,-2.885928681719296396e-01,7.304437995593555666e-01,-3.497538192942739599e+00,7.577076718211188666e-01,3.474467694759374864e-02,2.840205430984497070e+01,1.260632753372192383e+01,-2.428865432739257812e-01,-1.070497048323618139e-01,-2.872417789851214875e-01,7.000142450186120913e-01,-3.473650527032265956e+00,7.937336980293423494e-01,9.687125755979304753e-05,3.071708635882768590e+01,1.211131526076562714e+01,-3.955016816825997791e-04
-1.518663101364677581e-01,-2.799659748452895114e-01,7.307072972397812283e-01,-3.141638119891287051e+00,8.626893326640143744e-01,2.634976804256445107e-02,3.559000730514526367e+01,1.049816608428955078e+01,-8.394908905029296875e-01,-1.401578526880476461e-01,-2.787244603827697120e-01,7.000151934799886400e-01,-3.139166527039591870e+00,9.071210855428981645e-01,9.277433537772803362e-05,3.600286651225643197e+01,1.054627133206625444e+01,-4.235078933823997380e-04
-1.793953481671219652e-01,-2.703743874955170656e-01,7.309382623474606211e-01,-2.752903803065420263e+00,9.591587349772467963e-01,2.309651076793676691e-02,3.887343168258666992e+01,9.646940231323242188e+00,-3.253257274627685547e-01,-1.696749623846667832e-01,-2.691534280106204768e-01,7.000160996101307820e-01,-2.757291253648531004e+00,1.004293861547296274e+00,8.840892217325705218e-05,4.018003360849614580e+01,8.871697810541915530e+00,-4.491670637581998281e-04
-2.027784210984414637e-01,-2.598866587358706348e-01,7.312400383691796124e-01,-2.338307293131948406e+00,1.048772875964643081e+00,3.017760217189794855e-02,4.145965099334716797e+01,8.961414098739624023e+00,7.081091403961181641e-01,-1.951839806335999850e-01,-2.586959677568000382e-01,7.000169608448000291e-01,-2.339529207616002360e+00,1.084258366911999616e+00,8.379948800000003057e-05,4.316904239232002283e+01,7.108172783360000579e+00,-4.722777599999998413e-04
-2.217748572957521647e-01,-2.486772563683979642e-01,7.316111801903256717e-01,-1.899643619731069544e+00,1.120940236747266283e+00,3.711418211460119909e-02,4.386636734008789062e+01,7.216736078262329102e+00,6.936579942703247070e-01,-2.163864580995992215e-01,-2.475282479232843724e-01,7.000177748746815309e-01,-1.898054303285132915e+00,1.146234325340762528e+00,7.897256277733703616e-05,4.491577295297960859e+01,5.277802743599056434e+00,-4.926294022017999302e-04
-2.362190674264735002e-01,-2.369457425850622634e-01,7.320087539296159518e-01,-1.444421013072133997e+00,1.173151378333570083e+00,3.975737392902380790e-02,4.552226066589355469e+01,5.221114158630371094e+00,2.643191814422607422e-01,-2.331079505142986674e-01,-2.358331081759220127e-01,7.000185396664438953e-01,-1.445449088602489551e+00,1.189670367832368569e+00,7.395682894828804472e-05,4.539283603180312809e+01,3.404270670573110280e+00,-5.100020259775999137e-04
-2.460608963277942096e-01,-2.248816421854488712e-01,7.323960043828496858e-01,-9.841828901320704981e-01,1.206410039961339553e+00,3.872504532337195382e-02,4.602381229400634766e+01,3.325866162776947021e+00,-1.032328605651855469e-01,-2.453007467245194029e-01,-2.237976908458335357e-01,7.000192534847379244e-01,-9.944309120593179951e-01,1.214260037944601134e+00,6.878321651123300959e-05,4.460087832979363043e+01,1.512884110156145212e+00,-5.241660450773998840e-04
-2.513903422449535463e-01,-2.126638105887167229e-01,7.327627049427042349e-01,-5.329445917159327806e-01,1.221783159673215380e+00,3.667005598545081124e-02,4.512382984161376953e+01,1.537311971187591553e+00,-2.054989337921142578e-01,-2.530437931446052335e-01,-2.116109097741544209e-01,7.000199149151570266e-01,-5.575650365567856870e-01,1.219958277861469043e+00,6.348500042547201470e-05,4.256988781522703391e+01,-3.693767448936533526e-01,-5.348820140032000542e-04
-2.524712224882847411e-01,-2.004692496287815151e-01,7.331405813734541699e-01,-1.080880243331202584e-01,1.219456095993520339e+00,3.778764307498938546e-02,4.248565673828125000e+01,-2.327063679695129395e-01,1.117587089538574219e-01,-2.565396840820308721e-01,-1.994607518920898936e-01,7.000205228881836161e-01,-1.469647001953064969e-01,1.206998395263671586e+00,5.809790039062502371e-05,3.936049903125007177e+01,-2.213810974609380366e+00,-5.419003906249999017e-04
-2.497660783995694356e-01,-1.884982915896169509e-01,7.335969205241213986e-01,2.705144088715306094e-01,1.197095803916455869e+00,4.563391506671912040e-02,3.786024332046508789e+01,-2.236029207706451416e+00,7.846271991729736328e-01,-2.561085874055261113e-01,-1.875314067282493335e-01,7.000210767041457061e-01,2.260218760122214565e-01,1.175909511002299901e+00,5.266018299987201118e-05,3.506529840347864990e+01,-3.989948851491156745e+00,-5.449612987967998590e-04
-2.438761246261006987e-01,-1.770052021968356870e-01,7.341664982478629531e-01,5.889953773468723508e-01,1.149308939278127273e+00,5.695777237415320521e-02,3.184809684753417969e+01,-4.778686463832855225e+00,1.132385730743408203e+00,-2.521789750249475714e-01,-1.760002190352264184e-01,7.000215760592060077e-01,5.511375335030384015e-01,1.127534487575798661e+00,4.721276626703301504e-05,2.981012954759600575e+01,-5.665503760181689330e+00,-5.437942909725997521e-04
-2.353732410316175805e-01,-1.662339037138215736e-01,7.348162390928278942e-01,8.502883594483128249e-01,1.077129848301412229e+00,6.497408449649817730e-02,2.612929821014404297e+01,-7.217909097671508789e+00,8.016312122344970703e-01,-2.452750276521522554e-01,-1.650344597273940006e-01,7.000220210724090730e-01,8.195552746032298552e-01,1.063048338410156113e+00,4.179932652748798833e-05,2.375539857695061130e+01,-7.206324117141932106e+00,-5.381181108223998411e-04
-2.247996958923346444e-01,-1.562886614727965751e-01,7.355256423990736980e-01,1.057354513928293382e+00,9.945242241024986329e-01,7.094033062458045269e-02,2.070661544799804688e+01,-8.260562419891357422e+00,5.966246128082275391e-01,-2.360005833120928376e-01,-1.547879103218815777e-01,7.000224123138086840e-01,1.024230414042347270e+00,9.839771179423411063e-01,3.646640771293701959e-05,1.709737941015394824e+01,-8.576345290326614190e+00,-5.276404558481999092e-04
-2.127149273176497934e-01,-1.473814777511349983e-01,7.360426744561205936e-01,1.208476857468484988e+00,8.907183721661583453e-01,5.170320570468909388e-02,1.511223435401916504e+01,-1.038058519363403320e+01,-1.923712491989135742e+00,-2.250194990733989098e-01,-1.453972560747001652e-01,7.000227508337000248e-01,1.160265783544011775e+00,8.922172925069995486e-01,3.126353300000001359e-05,1.006951907868005947e+01,-9.737541518860020062e+00,-5.120577399999996521e-04
-1.999034524169570892e-01,-1.394381304609767225e-01,7.365169406573782718e-01,1.281147490069269201e+00,7.943347290158287999e-01,4.742662012577063962e-02,7.267063260078430176e+00,-9.638364315032958984e+00,-4.276585578918457031e-01,-2.130322954676636682e-01,-1.369782830039860955e-01,7.000230381929805068e-01,1.225289989492566400e+00,7.900555920263601095e-01,2.624331883265699822e-05,2.943743034461441255e+00,-1.064987783271148203e+01,-4.910548562917999363e-04
-1.870301768463856762e-01,-1.325291237908593212e-01,7.370136284570704133e-01,1.287327557057141414e+00,6.909006670117394666e-01,4.966877996921546107e-02,6.180066987872123718e-01,-1.034340620040893555e+01,2.242159843444824219e-01,-2.007489530666860533e-01,-1.296218739923292729e-01,7.000232764946624497e-01,1.219848723675657665e+00,6.801893425034339913e-01,2.146159131852808154e-05,-3.968239542510424656e+00,-1.127126197237105032e+01,-4.643049394176003149e-04
-1.748693189379579571e-01,-1.267597047615042494e-01,7.372580723803053848e-01,1.216085790842770686e+00,5.769419029355065121e-01,2.444439232349402552e-02,-7.124176621437072754e+00,-1.139587640762329102e+01,-2.522438764572143555e+00,-1.888577306869142491e-01,-1.233897991601511646e-01,7.000234684165610455e-01,1.147809127102747073e+00,5.657472793183915272e-01,1.697750499899307265e-05,-1.031363043659003154e+01,-1.155749630852518095e+01,-4.314691283674005023e-04
-1.639820470643050254e-01,-1.219836063164463635e-01,7.374886329512606586e-01,1.088727187365292615e+00,4.776098445057884723e-01,2.305605709552771554e-02,-1.273586034774780273e+01,-9.933205842971801758e+00,-1.388335227966308594e-01,-1.779898746903048057e-01,-1.183102957021052587e-01,7.000236172451831385e-01,1.016777206899754482e+00,4.503108413282590483e-01,1.285366399315209451e-05,-1.569723708887552505e+01,-1.146222976173222463e+01,-3.921963290432005475e-04
-1.548950495627529345e-01,-1.182319803464403629e-01,7.376498637835989802e-01,9.086997501552096512e-01,3.751625970006005062e-01,1.612308323383337960e-02,-1.800274372100830078e+01,-1.024472475051879883e+01,-6.932973861694335938e-01,-1.686800888508845353e-01,-1.143734323784633133e-01,7.000237269108383620e-01,8.385283062794746112e-01,3.379359457697965752e-01,9.156245515625047356e-06,-1.968016728961472950e+01,-1.093690972209814660e+01,-3.461229768750004646e-04
-1.479964208585030916e-01,-1.155032653290024164e-01,7.377337319593439968e-01,6.898628704249850641e-01,2.728715017437950974e-01,8.386817574501104211e-03,-2.188368797302246094e+01,-1.022910952568054199e+01,-7.736265659332275391e-01,-1.613226342562097959e-01,-1.115262538534564501e-01,7.000238020239972769e-01,6.294506275881781576e-01,2.331752439656562537e-01,5.955125768192050576e-06,-2.177852387060477213e+01,-9.930733968952150548e+00,-2.928727994368007857e-04
-1.435200171527273583e-01,-1.137487643885603111e-01,7.377480822842131802e-01,4.476403705775729436e-01,1.754500940442101364e-01,1.435032486915654645e-03,-2.422224998474121094e+01,-9.742140769958496094e+00,-6.951785087585449219e-01,-1.561229287129659027e-01,-1.096677000725391760e-01,7.000238479129212710e-01,4.110018084280724349e-01,1.411008578337638042e-01,3.324008205273046865e-06,-2.146209939759386032e+01,-8.390602590522224347e+00,-2.320565790626007824e-04
-1.414230790269382088e-01,-1.128830095905055952e-01,7.376790602545748587e-01,2.096938125789157004e-01,8.657547980547111721e-02,-6.902202963828974608e-03,-2.379465579986572266e+01,-8.887461423873901367e+00,-8.337235450744628906e-01,-1.530445151259988701e-01,-1.086432958705418339e-01,7.000238706625853125e-01,2.101785508558364768e-01,6.732759719995473624e-02,1.340554173248045995e-06,-1.815307086268506964e+01,-6.261069903610909648e+00,-1.632719154624006448e-04
-1.412408299651749244e-01,-1.127102797853936911e-01,7.375140766541967707e-01,1.822490617632779863e-02,1.727298051119011135e-02,-1.649836003780358329e-02,-1.914689064025878906e+01,-6.930249929428100586e+00,-9.596157073974609375e-01,-1.517512683199542245e-01,-1.082396060026817458e-01,7.000238771549210925e-01,5.999930365684091882e-02,1.803665791385689054e-02,8.651592361705946928e-08,-1.122469437673543524e+01,-3.484296373270767688e+00,-8.610298833820067849e-05
-1.419659676235921486e-01,-1.127836972552527933e-01,7.373095602731714049e-01,-7.251376584172335160e-02,-7.341746985910720807e-03,-2.045163810253136649e-02,-9.073867201805114746e+00,-2.461472749710083008e+00,-3.953278064727783203e-01,-1.517512683199542245e-01,-1.082396060026817458e-01,7.000238771549210925e-01,5.999930365684091882e-02,1.803665791385689054e-02,8.651592361705946928e-08,-1.122469437673543524e+01,-3.484296373270767688e+00,-8.610298833820067849e-05
