2.724349999999999827e-01,1.296950000000000047e-01,6.793799999999999839e-02,0.000000000000000000e+00,0.000000000000000000e+00,0.000000000000000000e+00,0.000000000000000000e+00,0.000000000000000000e+00,1.000000000000000000e+01,2.724349999999999827e-01,1.296950000000000047e-01,6.793799999999999839e-02,0.000000000000000000e+00,0.000000000000000000e+00,0.000000000000000000e+00,-0.000000000000000000e+00,0.000000000000000000e+00,0.000000000000000000e+00
2.723030236637591917e-01,1.297641853836178916e-01,6.873052134263515911e-02,-1.319763362407684430e-02,6.918538361787796021e-03,7.925213426351547519e-02,-1.319763362407684326e+00,6.918538361787796021e-01,7.925213426351547241e+00,2.724007348839633247e-01,1.297266789126629571e-01,6.796222968748406867e-02,-1.020285668710768819e-02,9.398855179736835888e-03,7.207763942028840194e-03,-2.009905959690912347e+00,1.837914602575001499e+00,1.417127436415644093e+00
2.720623758858441987e-01,1.300371280831098819e-01,6.980800212073326461e-02,-2.406477779150009363e-02,2.729426994919776847e-02,1.077480778098106468e-01,-1.086714416742324829e+00,2.037573158740997314e+00,2.849594354629516602e+00,2.721670106392454214e-01,1.299400747413354262e-01,6.812695901917871499e-02,-3.958554929610796913e-02,3.592850090968550264e-02,2.785732294851456237e-02,-3.836051160533191062e+00,3.426907797032051395e+00,2.688695534447807844e+00
2.712960991239547481e-01,1.307470919188857272e-01,7.125942342627049342e-02,-7.662767618894576749e-02,7.099638357758522589e-02,1.451421305537223816e-01,-5.256289839744567871e+00,4.370211362838745117e+00,3.739405274391174316e+00,2.721670106392454214e-01,1.299400747413354262e-01,6.812695901917871499e-02,-3.958554929610796913e-02,3.592850090968550264e-02,2.785732294851456237e-02,-3.836051160533191062e+00,3.426907797032051395e+00,2.688695534447807844e+00
2.705607214844226727e-01,1.313421683382988148e-01,7.274296251583099726e-02,-7.353776395320892056e-02,5.950764194130898216e-02,1.483539089560508839e-01,3.089912235736846924e-01,-1.148874163627624512e+00,3.211778402328491211e-01,2.703890119475829135e-01,1.315233586009985911e-01,6.937227642029587804e-02,-1.485604018762219647e-01,1.305664024927682410e-01,1.037243251999334231e-01,-6.940030274086093520e+00,5.877596398337638028e+00,4.804007699245055107e+00
2.685366003489494391e-01,1.331652248945832395e-01,7.494804756987094585e-02,-2.024121135473251343e-01,1.823056556284427809e-01,2.205085054039955250e-01,-1.288743495941162109e+01,1.227980136871337891e+01,7.215459644794464111e+00,2.685343202300460863e-01,1.331384072126937657e-01,7.066443820245311980e-02,-2.245114928451094061e-01,1.938976515005625123e-01,1.561226899931250078e-01,-8.220189407850625685e+00,6.750300573129999648e+00,5.652852578137499862e+00
2.657394097721576531e-01,1.356321746331453360e-01,7.761615050482749412e-02,-2.797190576791763195e-01,2.466949738562107253e-01,2.668102934956550487e-01,-7.730694413185119629e+00,6.438931822776794434e+00,4.630178809165954590e+00,2.658591019684334866e-01,1.354265951617807662e-01,7.252075734575780253e-02,-3.123672530616846688e-01,2.648161576533403783e-01,2.163302348921510021e-01,-9.321280477453267821e+00,7.396146857172441358e+00,6.366364973463743304e+00
2.621047236895561183e-01,1.387909549471736115e-01,8.077868135917186387e-02,-3.634686082601547019e-01,3.158780314028263314e-01,3.162530854344368092e-01,-8.374955058097839355e+00,6.918305754661560059e+00,4.944279193878173828e+00,2.622532305862068647e-01,1.384525644286833668e-01,7.501261242611133306e-02,-4.103471544275139049e-01,3.410872744270366241e-01,2.830097828402199922e-01,-1.024540088857034625e+01,7.822018642338890437e+00,6.947825880238908347e+00
2.575522253787517757e-01,1.426695486676693159e-01,8.448324794220923861e-02,-4.552498310804367065e-01,3.878593720495701058e-01,3.704566583037376404e-01,-9.178122282028198242e+00,7.198134064674377441e+00,5.420357286930084229e+00,2.576242731397982988e-01,1.422589644854917457e-01,7.819817949508567345e-02,-5.166936850225889444e-01,4.205481349898403942e-01,3.548585309333913140e-01,-1.099505999225897135e+01,8.035392306996428147e+00,7.400831236564990867e+00
2.520047161555290516e-01,1.472767198231816621e-01,8.877860801565647109e-02,-5.547509223222732988e-01,4.607171155512332916e-01,4.295360073447227478e-01,-9.950109124183654785e+00,7.285774350166320801e+00,5.907934904098510742e+00,2.576242731397982988e-01,1.422589644854917457e-01,7.819817949508567345e-02,-5.166936850225889444e-01,4.205481349898403942e-01,3.548585309333913140e-01,-1.099505999225897135e+01,8.035392306996428147e+00,7.400831236564990867e+00
2.463349045640230439e-01,1.518642645996809426e-01,9.317051795768738209e-02,-5.669811591506004333e-01,4.587544776499271615e-01,4.391909942030906566e-01,-1.223023682832717896e+00,-1.962637901306152344e-01,9.654986858367919922e-01,2.518972392074522171e-01,1.468672001253888970e-01,8.212279177886100401e-02,-6.296765741905829827e-01,5.011136970208286412e-01,4.306112629278511794e-01,-1.157320021124649934e+01,8.044360206745476916e+00,7.729304538912153966e+00
2.397750762975216221e-01,1.570996157822013295e-01,9.806899069893360021e-02,-6.559828266501426253e-01,5.235351182520390223e-01,4.898472741246223117e-01,-8.900166749954223633e+00,6.478064060211181641e+00,5.065627992153167725e+00,2.450142864708999835e-01,1.522782408898000206e-01,8.681933213299999896e-02,-7.475972288870000870e-01,5.807830174359999154e-01,5.090436878999999859e-01,-1.198321816622000036e+01,7.857653665159998191e+00,7.937509457399999135e+00
2.321235818094015413e-01,1.630417153906822680e-01,1.036115671460628440e-01,-7.651494488120078596e-01,5.942099608480930772e-01,5.542576447129249351e-01,-1.091666221618652344e+01,7.067484259605407715e+00,6.441037058830261230e+00,2.369343808772391424e-01,1.584734943923394590e-01,9.230865951458716578e-02,-8.687933812902194353e-01,6.576457570217110193e-01,5.889759050593531553e-01,-1.222898580211572117e+01,7.484665964527680515e+00,8.030062451078842756e+00
2.233065546131134393e-01,1.696588945832848971e-01,1.098585732792615871e-01,-8.817027196288108604e-01,6.617179192602634652e-01,6.247006133198738098e-01,-1.165532708168029785e+01,6.750795841217041016e+00,7.044296860694885254e+00,2.276329092683870847e-01,1.654157458386290303e-01,9.860007073326121363e-02,-9.916439476754350668e-01,7.298889149755145578e-01,6.692759947142552512e-01,-1.231487151440854966e+01,6.935475336590130269e+00,8.011945383211006799e+00
2.132747255092859728e-01,1.769088219028711606e-01,1.168515393202304853e-01,-1.003182910382747650e+00,7.249927319586276786e-01,6.992966040968895403e-01,-1.214801907539367676e+01,6.327481269836425781e+00,7.459599077701568604e+00,2.171012423654813117e-01,1.730501660410616593e-01,1.056917987426685968e-01,-1.114574098551488923e+00,7.958037933544003240e-01,7.488637353904059601e-01,-1.224576127540147397e+01,6.220867953283065965e+00,7.888518136552091775e+00
2.019714644825459093e-01,1.847565090057254056e-01,1.246366494809389158e-01,-1.130326102674007460e+00,7.847687102854251640e-01,7.785110160708428317e-01,-1.271431922912597656e+01,5.977597832679748535e+00,7.921441197395324707e+00,2.053462459955965880e-01,1.813053902275844065e-01,1.135715487338665175e-01,-1.236060540060599511e+00,8.537931914304361936e-01,8.267144471021991015e-01,-1.202707976051505057e+01,5.352360917476517876e+00,7.665531228632255001e+00
1.892867449349165399e-01,1.932039670717716484e-01,1.332981815402507764e-01,-1.268471954762935727e+00,8.447458066046237279e-01,8.661532059311867204e-01,-1.381458520889282227e+01,5.997709631919860840e+00,8.764218986034393311e+00,1.782678918483691088e-01,1.993171003458858170e-01,1.315967878792036472e-01,-1.468899964952379511e+00,9.402090053232884381e-01,9.734077138314853883e-01,-1.116552187811102570e+01,3.203508898957720952e+00,6.945909364690942667e+00
1.731047896122932805e-01,2.032262109664082772e-01,1.442377122853994442e-01,-1.618195532262325376e+00,1.002224389463663101e+00,1.093953074514866008e+00,-3.497235774993896484e+01,1.574785828590393066e+01,2.277998685836791992e+01,1.630305754351799030e-01,2.088589251881292630e-01,1.416704279009898815e-01,-1.577514529064449000e+00,9.660664736640396377e-01,1.040514971902670727e+00,-1.053637851362755384e+01,1.950059693318767051e+00,6.462842155134105759e+00
1.554354467517137794e-01,2.136433672827482422e-01,1.561242207204103505e-01,-1.766934286057949111e+00,1.041715631633997052e+00,1.188650843501091181e+00,-1.487387537956237793e+01,3.949124217033386230e+00,9.469776898622512817e+00,1.467406386309109967e-01,2.185949217962787072e-01,1.523897486247617616e-01,-1.679220586908094059e+00,9.788765648129069685e-01,1.102423176729250276e+00,-9.785172131911929583e+00,5.965483708073059388e-01,5.907376007808192497e+00
1.368228202140331640e-01,2.240644800958037641e-01,1.684228956316709547e-01,-1.861262653768062547e+00,1.042111281305551529e+00,1.229867491126060752e+00,-9.432836771011352539e+00,3.956496715545654297e-02,4.121664762496948242e+00,1.294731317901585688e-01,2.283898683336589297e-01,1.636992692048689357e-01,-1.772839137989653313e+00,9.777155262110502898e-01,1.158447420187626697e+00,-8.920337818314507672e+00,-8.415084499322498246e-01,5.287403843335355624e+00
1.174314295476675402e-01,2.343170072209835308e-01,1.810747765218019556e-01,-1.939139066636562214e+00,1.025252712517976672e+00,1.265188089013099981e+00,-7.787641286849975586e+00,-1.685856878757476807e+00,3.532059788703918457e+00,1.113144625151999412e-01,2.381000956543999902e-01,1.755370620800000281e-01,-1.857278842368000005e+00,9.618190967040001205e-01,1.207984044479999852e+00,-7.950976119039996348e+00,-2.347725274880002821e+00,4.611284908799996529e+00
9.740155148267749807e-02,2.441949968782067548e-01,1.940668703531026884e-01,-2.002987806499004098e+00,9.877989657223223974e-01,1.299209383130073947e+00,-6.384873986244201660e+00,-3.745374679565429688e+00,3.402129411697387695e+00,9.236148542532077177e-02,2.475751260444287172e-01,1.878355890030187214e-01,-1.931542780894532019e+00,9.305913102491130129e-01,1.250515368475397571e+00,-6.886874167436928929e+00,-3.904824743900439987e+00,3.887857393030043962e+00
7.692648948490624083e-02,2.535225580257177702e-01,2.073273484026193769e-01,-2.047506199777126223e+00,9.327561147511004291e-01,1.326047804951668185e+00,-4.451839327812194824e+00,-5.504285097122192383e+00,2.683842182159423828e+00,7.272052326742722839e-02,2.566594011490719307e-01,2.005225849649737990e-01,-1.994735426716057969e+00,8.836135295304314852e-01,1.285614540203516176e+00,-5.738526810287105206e+00,-5.494614640002190242e+00,3.126451041878206549e+00
5.617036661267285624e-02,2.621402425763011412e-01,2.207630768631696772e-01,-2.075612287223338903e+00,8.617684550583361025e-01,1.343572846055031134e+00,-2.810608744621276855e+00,-7.098765969276428223e+00,1.752504110336303711e+00,5.250631725531618166e-02,2.651941013863448049e-01,2.135219912748116677e-01,-2.046069828040576688e+00,8.206537094809408517e-01,1.312950515501374760e+00,-4.517157734095081700e+00,-7.097964898597854955e+00,2.336899773503291478e+00
3.520366778731351398e-02,2.698963805508614033e-01,2.342666388665437804e-01,-2.096669882535934448e+00,7.756137974560258774e-01,1.350356200337410328e+00,-2.105759531259536743e+00,-8.615465760231018066e+00,6.783354282379150391e-01,3.184090452497190249e-02,2.730190591449993542e-01,2.267549390563196599e-01,-2.084875002165952118e+00,7.416758907122323885e-01,1.332293162812784759e+00,-3.234740591377612606e+00,-8.694784616763808316e+00,1.529554293651458341e+00
1.406869102776055896e-02,2.767645419982076027e-01,2.477801856015920678e-01,-2.113497675955295474e+00,6.868161447346208259e-01,1.351354673504829851e+00,-1.682779341936111450e+00,-8.879765272140502930e+00,9.984731674194335938e-02,1.085242059326169128e-02,2.799747680664061988e-01,2.401407844238281353e-01,-2.110603540771483821e+00,6.468499228515618427e-01,1.343518494140624853e+00,-1.904020126953120950e+00,-1.026399906250000527e+01,7.152947109374991896e-01
-7.118257957100811162e-03,2.826542204838991545e-01,2.612880863462686554e-01,-2.118694898486137124e+00,5.889678485691545173e-01,1.350790074467659529e+00,-5.197222530841827393e-01,-9.784829616546630859e+00,-5.645990371704101562e-02,-1.032617529259760580e-02,2.859044907093440946e-01,2.535981965981989328e-01,-2.122839426472369784e+00,5.365614177863249346e-01,1.346614022151939816e+00,-5.385333042311850615e-01,-1.178352668398981073e+01,-9.445684787385573433e-02
-2.828130036830895852e-02,2.873629002866149307e-01,2.747372080897093061e-01,-2.116304241120814833e+00,4.708679802715776130e-01,1.344912174344063294e+00,2.390657365322113037e-01,-1.180998682975769043e+01,-5.877900123596191406e-01,-3.155845402743356898e-02,2.906564668967708265e-01,2.670463002246294959e-01,-2.121306060637064839e+00,4.114219328159107181e-01,1.341684243435842028e+00,8.473695684980379061e-01,-1.323025611885976183e+01,-8.877236225866986796e-01
-4.933095658063881700e-02,2.906878142726421754e-01,2.880526379262209336e-01,-2.104965621232985917e+00,3.324913986027238089e-01,1.331542983651161638e+00,1.133861988782882690e+00,-1.383765816688537598e+01,-1.336919069290161133e+00,-5.270595185499971080e-02,2.940862250436507286e-01,2.804058731537998894e-01,-2.105874502467534715e+00,2.722793837109805382e-01,1.328956247914229394e+00,2.238503711774321836e+00,-1.458002320343941882e+01,-1.651961604292605523e+00
-7.015317370235912842e-02,2.924559028592705889e-01,3.011714230989218088e-01,-2.082221712172030781e+00,1.768088586628434322e-01,1.311878517270088640e+00,2.274390906095504761e+00,-1.556825399398803711e+01,-1.966446638107299805e+00,-7.362968902197314369e-02,2.960589987649104859e-01,2.936006009478904222e-01,-2.076571919342403927e+00,1.202286876801398063e-01,1.308785454405321902e+00,3.618828748677881180e+00,-1.580758798202117354e+01,-2.374046920089448065e+00
-9.062215200304976626e-02,2.925344455760717777e-01,3.140492549453974269e-01,-2.046897830069064561e+00,7.854271680116375887e-03,1.287783184647560475e+00,3.532388210296630859e+00,-1.689545869827270508e+01,-2.409533262252807617e+00,-9.419177399170003406e-02,2.964522510625998697e-01,3.065583893730000620e-01,-2.033590248422999291e+00,-4.337736375600115962e-02,1.281661472339999941e+00,4.971427578540004610e+00,-1.688661171612000089e+01,-3.040263217799997530e+00
-1.105977641814946261e-01,2.908326060172916061e-01,3.266367978667021332e-01,-1.997561217844485704e+00,-1.701839558780196271e-01,1.258754292130470631e+00,4.933661222457885742e+00,-1.780382275581359863e+01,-2.902889251708984375e+00,-1.142570953303140291e-01,2.951583083913295047e-01,3.192127361394907492e-01,-1.977295069522284621e+00,-2.169170019833376595e-01,1.248214089630961920e+00,6.278485250653460525e+00,-1.778963389373336668e+01,-3.636289050690753921e+00
-1.299148362302779136e-01,2.872913612794876781e-01,3.388458444987536011e-01,-1.931707204878329698e+00,-3.541244737803939113e-01,1.220904663205147234e+00,6.585401296615600586e+00,-1.839405179023742676e+01,-3.784962892532348633e+00,-1.336951033778596698e-01,2.920871069010608223e-01,3.315041631517885445e-01,-1.908234689236697035e+00,-3.984881486054044353e-01,1.209219386694696752e+00,7.521267837983141469e+00,-1.848804923860091520e+01,-4.147185262190596688e+00
-1.484120607548951032e-01,2.818853140619397846e-01,3.505742558454275626e-01,-1.849722452461719069e+00,-5.406047217547896855e-01,1.172841134667397034e+00,8.198475241661071777e+00,-1.864802479743957520e+01,-4.806352853775024414e+00,-1.523816838170488075e-01,2.871690531563213522e-01,3.433817105291677163e-01,-1.827149436340866018e+00,-5.858968528470905879e-01,1.165605976626264084e+00,8.680101310876512599e+00,-1.895208471946437712e+01,-4.557382370609515121e+00
-1.659923686707018842e-01,2.746213624101878081e-01,3.617910507236719586e-01,-1.758030791580676544e+00,-7.263951651751998639e-01,1.121679487824440491e+00,9.169166088104248047e+00,-1.857904434204101562e+01,-5.116164684295654297e+00,-1.702011252522770968e-01,2.803580016309202838e-01,3.548044936590474818e-01,-1.734981168445239863e+00,-7.766454990509652490e-01,1.118461371526889403e+00,9.734350410774244011e+00,-1.915077655932734046e+01,-4.850667953857351833e+00
-1.825873132222889939e-01,2.655056940016151112e-01,3.725214845751524395e-01,-1.659494455158710080e+00,-9.115668408572676906e-01,1.073043385148048978e+00,9.853633642196655273e+00,-1.851716756820678711e+01,-4.863610267639160156e+00,-1.870481829115335781e-01,2.716343512772373403e-01,3.657433245443282854e-01,-1.632882989916607963e+00,-9.679207842661903261e-01,1.069038474984374654e+00,1.066239752392063700e+01,-1.905194724471501289e+01,-5.010174034162500512e+00
-1.981270912909506854e-01,2.545458026897907677e-01,3.827878901873827400e-01,-1.553977806866168487e+00,-1.095989131182432574e+00,1.026640561223030712e+00,1.055166482925415039e+01,-1.844222903251647949e+01,-4.640282392501831055e+00,-2.028302405838282030e-01,2.610082634691601733e-01,3.761823987062955510e-01,-1.522229181061495185e+00,-1.156581465930031971e+00,1.018762200706313292e+00,1.144162155507424572e+01,-1.862218253493414721e+01,-5.018364462790666281e+00
-2.125438186699151188e-01,2.417745101299882404e-01,3.925986522649527188e-01,-1.441672737896442014e+00,-1.277129255980253619e+00,9.810762077569967765e-01,1.123050689697265625e+01,-1.811401247978210449e+01,-4.556435346603393555e+00,-2.174695729047677606e-01,2.485230036177428492e-01,3.861210489046223437e-01,-1.404625338572478954e+00,-1.339145879641992165e+00,9.692362173061326303e-01,1.204837680121844024e+01,-1.782680847133268287e+01,-4.857022304763498610e+00
-2.257791674458979603e-01,2.272686866444349751e-01,4.019614192758799165e-01,-1.323534877598285364e+00,-1.450582348555326861e+00,9.362767010927206535e-01,1.181378602981567383e+01,-1.734530925750732422e+01,-4.479950666427612305e+00,-2.309057101029110548e-01,2.342584087586603858e-01,3.955755669359917182e-01,-1.281918727237391531e+00,-1.511779227030496608e+00,9.222498192419301688e-01,1.245797182527176616e+01,-1.662986838655975319e+01,-4.507237223577406304e+00
-2.377951451414822559e-01,2.111627176997065980e-01,4.108999248360395984e-01,-1.201597769558429452e+00,-1.610596894472837937e+00,8.938505560159689667e-01,1.219371080398559570e+01,-1.600145459175109863e+01,-4.242614507675170898e+00,-2.430979073195290718e-01,2.183344834105344079e-01,4.045810947728774587e-01,-1.156208842911396140e+00,-1.670280633712219798e+00,8.797849239081387829e-01,1.264464832979867559e+01,-1.499409991382529483e+01,-3.949392865922255247e+00
-2.485858737850188127e-01,1.936498408389091819e-01,4.194686361466646862e-01,-1.079072864353656458e+00,-1.751287686079741057e+00,8.568711310625082289e-01,1.225249052047729492e+01,-1.406907916069030762e+01,-3.697942495346069336e+00,-2.540279999999999760e-01,2.009150000000000102e-01,4.131929999999999770e-01,-1.029857999999999940e+00,-1.810070000000000068e+00,8.440229999999999677e-01,1.258155999999999963e+01,-1.288091200000000036e+01,-3.163155999999999857e+00
-2.581639102870224578e-01,1.749368505623936920e-01,4.277428481792212023e-01,-9.578036502003666186e-01,-1.871299027651548874e+00,8.274212032556539365e-01,1.212692141532897949e+01,-1.200113415718078613e+01,-2.944992780685424805e+00,-2.637007927123916629e-01,1.822091098464491410e-01,4.214898803478795419e-01,-9.050300291322390667e-01,-1.927278707839553018e+00,8.168024276736363110e-01,1.238386717368879708e+01,-1.058330501482896935e+01,-2.293529688406320766e+00
-2.665628374540804368e-01,1.552111295682191972e-01,4.357752420221567835e-01,-8.398927167057987919e-01,-1.972572099417448488e+00,8.032393842935567907e-01,1.179109334945678711e+01,-1.012730717658996582e+01,-2.418181896209716797e+00,-2.721352073063782462e-01,1.624437689408376184e-01,4.295567821708560219e-01,-7.821840981825669559e-01,-2.022184190053696984e+00,7.979021910205225110e-01,1.218514060798714205e+01,-8.420118672384692360e+00,-1.498963612053493932e+00
-2.738187644952534416e-01,1.347441370782256065e-01,4.436349964951277758e-01,-7.255927041172978154e-01,-2.046699248999357845e+00,7.859754472970967853e-01,1.143000125885009766e+01,-7.412714958190917969e+00,-1.726393699645996094e+00,-2.793511171675419624e-01,1.418353041250294821e-01,4.374731688887105729e-01,-6.613309503977040649e-01,-2.096125887399367116e+00,7.865756655025489819e-01,1.198529267379716323e+01,-6.390367520908256438e+00,-7.786399327295505657e-01
-2.799129011654852839e-01,1.137535750639438459e-01,4.514108920012713244e-01,-6.094136670231815600e-01,-2.099056201428175505e+00,7.775895506143575275e-01,1.161790370941162109e+01,-5.235695242881774902e+00,-8.385896682739257812e-01,-2.853685081535453083e-01,1.205867003824592082e-01,4.453110808270154264e-01,-5.424824039933052733e-01,-2.150432398672154743e+00,7.820850859148861245e-01,1.178419551423815648e+01,-4.492866828591518313e+00,-1.316033529309192929e-01
-2.848460032516716978e-01,9.242578725486991220e-02,4.591786488507986763e-01,-4.933102086186405555e-01,-2.132778780907393035e+00,7.767756849527364116e-01,1.161034584045410156e+01,-3.372257947921752930e+00,-8.138656616210937500e-02,-2.902074914044288634e-01,9.888771940087738577e-02,4.531352308103374638e-01,-4.256517691975469919e-01,-2.186419434166859688e+00,7.837029590506874310e-01,1.158167809149437488e+01,-2.726221835785628045e+00,4.432464984949997522e-01
-2.886247681701182288e-01,7.091915550053115580e-02,4.670119900022746129e-01,-3.778764918446537169e-01,-2.150663175433874752e+00,7.833341151475911035e-01,1.154337167739868164e+01,-1.788439452648162842e+00,6.558430194854736328e-01,-2.938883204710023844e-01,7.691503913788029501e-02,4.610031142628062129e-01,-3.108542948262391636e-01,-2.205387661660124898e+00,7.907135525093667017e-01,1.137752323366280294e+01,-1.088817007209607723e+00,9.471626807072386356e-01
-2.912992961281536952e-01,4.935172635287041198e-02,4.750697483037711333e-01,-2.674527958035465280e-01,-2.156742914766073937e+00,8.057758301496510400e-01,1.104236960411071777e+01,-6.079739332199096680e-01,2.244171500205993652e+00,-2.964314130566446659e-01,5.483241546400319244e-02,4.689651345774829561e-01,-1.981076443894592698e-01,-2.208620444915160075e+00,8.024144596484494851e-01,1.117146468160094663e+01,4.211947158410804803e-01,1.381558555228669327e+00
-2.927778053903578592e-01,2.777921039581292967e-02,4.832570676718951352e-01,-1.478509262204166230e-01,-2.157251595705748315e+00,8.187319368124013064e-01,1.196018695831298828e+01,-5.086809396743774414e-02,1.295610666275024414e+00,-2.978573776678276053e-01,3.279086695815569552e-02,4.770647445159658662e-01,-8.743240172970845325e-02,-2.197381474708545834e+00,8.181182406789978545e-01,1.096318413577461826e+01,1.805902663285957388e+00,1.748015400303410516e+00
-2.930734571391342969e-01,6.367904290258817601e-03,4.915670182918311371e-01,-2.956517487764317997e-02,-2.141130610555411096e+00,8.309950619935994043e-01,1.182857513427734375e+01,1.612098515033721924e+00,1.226312518119812012e+00,-2.981870454686789684e-01,1.092888393017815707e-02,4.853386043996674726e-01,2.114739380841257343e-02,-2.172912292379129084e+00,8.371541399046116272e-01,1.075230830310571228e+01,3.067649184050994293e+00,2.048290025254241087e+00
-2.922610676014422149e-01,-1.470388177812106956e-02,5.000712756429911421e-01,8.123895376920740874e-02,-2.107178606837988522e+00,8.504257351160053879e-01,1.108041286468505859e+01,3.395200371742248535e+00,1.943067312240600586e+00,-2.974415076348999598e-01,-1.062733725469997004e-02,4.938167578541999836e-01,1.276036826769999522e-01,-2.136429705899000275e+00,8.588698791039999225e-01,1.053840594381999907e+01,4.209040393859995177e+00,2.284322384839999387e+00
-2.903834678405521896e-01,-3.531332361727961000e-02,5.088183588598967910e-01,1.877599760890011071e-01,-2.060944183915854211e+00,8.747083216905597869e-01,1.065210223197937012e+01,4.623442292213439941e+00,2.428258657455444336e+00,-2.956421585023522036e-01,-3.176363347472344056e-02,5.025228258683037685e-01,2.319037908921259827e-01,-2.089123098466558748e+00,8.826335270571301628e-01,1.032098491829490783e+01,5.232956923026053531e+00,2.458243193612998923e+00
-2.874637588286398371e-01,-5.537242051243790320e-02,5.178312144790888638e-01,2.919709011912349772e-01,-2.005909689515829708e+00,9.012855619192127188e-01,1.042109251022338867e+01,5.503449440002441406e+00,2.657724022865295410e+00,-2.928107448056295747e-01,-5.237758669901476649e-02,5.114742199287560798e-01,3.340098062695955328e-01,-2.032151629621662181e+00,9.078354452149492992e-01,1.009948923390730258e+01,6.142564664242991412e+00,2.572381540276429845e+00
-2.835235545212028696e-01,-7.481191186636695911e-02,5.271139669035673769e-01,3.940204307436946940e-01,-1.943949135392904815e+00,9.282752424478534214e-01,1.020495295524597168e+01,6.196055412292480469e+00,2.698968052864074707e+00,-2.889694213019301516e-01,-7.237820730874000574e-02,5.206823749926939859e-01,4.338779251291779993e-01,-1.966641328882860806e+00,9.338903095126800391e-01,9.873296091881272218e+00,6.941325520376777192e+00,2.629272502041771098e+00
-2.785894912803171253e-01,-9.357380486309538337e-02,5.366587026034593810e-01,4.934063240885738777e-01,-1.876189299672842647e+00,9.544735699892047398e-01,9.938589334487915039e+00,6.775983572006225586e+00,2.619832754135131836e+00,-2.841408130755434525e-01,-9.168558781725710816e-02,5.301530030587886522e-01,5.314577694673185970e-01,-1.893682081906721937e+00,9.602392083266904077e-01,9.641712934135917124e+00,7.633008152256964607e+00,2.631664758986202557e+00
-2.726913319700954297e-01,-1.116046429577470800e-01,5.464545222734212837e-01,5.898159310221676721e-01,-1.803083809465170440e+00,9.795819669961932652e-01,9.640960693359375000e+00,7.310549020767211914e+00,2.510839700698852539e+00,-2.783480848182679490e-01,-1.102305259144680250e-01,5.398863680987062708e-01,6.266916745983284187e-01,-1.814324509169234378e+00,9.863518165749374234e-01,9.403974490133123254e+00,8.221698726468124718e+00,2.582528208410000303e+00
-2.658578466796873152e-01,-1.288499021458626714e-01,5.564935516034364982e-01,6.833485290408138901e-01,-1.724525918811560254e+00,1.003902933001518560e+00,9.353259801864624023e+00,7.855789065361022949e+00,2.432096600532531738e+00,-2.716150173810746304e-01,-1.279541157605955104e-01,5.498775831102903355e-01,7.195139472640492695e-01,-1.729576737169301826e+00,1.011728645960986883e+00,9.159239823725361163e+00,8.711811663141274309e+00,2.485061579193958536e+00
-2.581149667674301207e-01,-1.452544957551361038e-01,5.667692317579985373e-01,7.742879912257198960e-01,-1.640459360927343901e+00,1.027568015456199912e+00,9.093946218490600586e+00,8.406655788421630859e+00,2.366508245468139648e+00,-2.639660918923315003e-01,-1.448073064546048783e-01,5.601169300539035056e-01,8.098500942120010482e-01,-1.640401062154320133e+00,1.035903371361602376e+00,8.906589380003456569e+00,9.108100383745311390e+00,2.342700046156787508e+00
-2.494871917092798264e-01,-1.607688053029776576e-01,5.772714523588419189e-01,8.627775058150295440e-01,-1.551430954784155380e+00,1.050222060084343267e+00,8.848951458930969238e+00,8.902840614318847656e+00,2.265404462814331055e+00,-2.554265817379037795e-01,-1.607504266024922801e-01,5.705902034333618644e-01,8.976160212420012385e-01,-1.547710506367845795e+00,1.058445233357915072e+00,8.645022032144378699e+00,9.415668058878440050e+00,2.159122844412532771e+00
-2.400002065175769750e-01,-1.753546209934354894e-01,5.879840424870252935e-01,9.486985191702846931e-01,-1.458581569045782622e+00,1.071259012818336798e+00,8.592101335525512695e+00,9.284938573837280273e+00,2.103695273399353027e+00,-2.460226526984458373e-01,-1.757526739106601843e-01,5.812790782829000413e-01,9.827172027212691674e-01,-1.452365266819338530e+00,1.078961516910161622e+00,8.373452128259021521e+00,9.639978356059627274e+00,1.938260883727962458e+00
-2.296825628304479394e-01,-1.889876225817204713e-01,5.988848500167132105e-01,1.031764368712902558e+00,-1.363300158828497421e+00,1.090080752968788369e+00,8.306584954261779785e+00,9.528141021728515625e+00,1.882174015045166016e+00,-2.357814715391999827e-01,-1.897915687295999576e-01,5.921615033215998913e-01,1.065047821567999708e+00,-1.355169056576001063e+00,1.097100106175999734e+00,8.090706538240000967e+00,9.786866187519995819e+00,1.684304362880001626e+00
-2.185659766966102369e-01,-2.016567054244877144e-01,6.099467244957685885e-01,1.111658613383770478e+00,-1.266908284276724306e+00,1.106187447905540688e+00,7.989424467086791992e+00,9.639187455177307129e+00,1.610669493675231934e+00,-2.247313233476167516e-01,-2.028523704731044486e-01,6.032121200367219771e-01,1.144489879703421753e+00,-1.256865338576702129e+00,1.112552115472396075e+00,7.795521700609418403e+00,9.862548457994288142e+00,1.401710384013120425e+00
-2.066847871267793457e-01,-2.133617036420108193e-01,6.211385529552698737e-01,1.188118956983089891e+00,-1.170499821752310154e+00,1.119182845950126959e+00,7.646034359931945801e+00,9.640846252441406250e+00,1.299539804458618164e+00,-2.129017379141119326e-01,-2.149274558382291977e-01,6.144027084573722153e-01,1.220912278972333453e+00,-1.158133451967979344e+00,1.125054596381088290e+00,7.486540669366662293e+00,9.873634812512273484e+00,1.095210566996750678e+00
-1.940751747363803625e-01,-2.241107028427721526e-01,6.324262678240538671e-01,1.260961239039898318e+00,-1.074899920076132220e+00,1.128771486878395347e+00,7.284228205680847168e+00,9.559990167617797852e+00,9.588640928268432617e-01,-2.003236254512767156e-01,-2.260156577512246745e-01,6.257026603799429321e-01,1.294169872532110244e+00,-1.059584630962131513e+00,1.134393320997623356e+00,7.162310160836182327e+00,9.827138384190208242e+00,7.698186637826918144e-01
-1.807744839811323001e-01,-2.339175144958497710e-01,6.437739345346690234e-01,1.330069075524807465e+00,-9.806811653077606161e-01,1.134766671061516075e+00,6.910783648490905762e+00,9.421875476837158203e+00,5.995184183120727539e-01,-1.870294219468544017e-01,-2.361215639646597197e-01,6.370794808067599124e-01,1.364102486710197848e+00,-9.617579162174020313e-01,1.140405641323966712e+00,6.821277600515275985e+00,9.730486542022239504e+00,4.308381727625216762e-01
-1.668207643800971862e-01,-2.427994703206421689e-01,6.551449591134788086e-01,1.395371960103512388e+00,-8.881955824792389098e-01,1.137102457880974082e+00,6.530288457870483398e+00,9.248558282852172852e+00,2.335786819458007812e-01,-1.730532444458007801e-01,-2.452547742309570955e-01,6.484993183593750210e-01,1.430533913330077844e+00,-8.651159587402350581e-01,1.142983424804687509e+00,6.461788169921874214e+00,9.591531638671868976e+00,8.386995312500022948e-02
-1.522524635517595037e-01,-2.507754760760070867e-01,6.665033334408999588e-01,1.456830082833767470e+00,-7.976005755364898864e-01,1.135837432742119013e+00,6.145812273025512695e+00,9.059500694274902344e+00,-1.265025138854980469e-01,-1.584310565567413343e-01,-2.534291149775623753e-01,6.599275254279379777e-01,1.493270872505713331e+00,-7.700407163096303353e-01,1.142076066006718627e+00,6.082081853442321773e+00,9.418561758263352957e+00,-2.651801607865218458e-01
-1.371080465787646863e-01,-2.578641510012747995e-01,6.778147984360457512e-01,1.514441697299480971e+00,-7.088674925267700599e-01,1.131146499514579906e+00,5.761161446571350098e+00,8.873308300971984863e+00,-4.690933227539062500e-01,-1.432008444781427692e-01,-2.606618104089668542e-01,6.713292488180837569e-01,1.552101945904472480e+00,-6.768290424235781089e-01,1.137693574442687261e+00,5.680290485179165572e+00,9.220311464173134297e+00,-6.100937451166923431e-01
-1.214252541089055615e-01,-2.640818697440626694e-01,6.890478534017802081e-01,1.568279246985912811e+00,-6.217718742787842201e-01,1.123305496573448359e+00,5.383754968643188477e+00,8.709561824798583984e+00,-7.841002941131591797e-01,-1.274028038395119689e-01,-2.669726089608039921e-01,6.826700516567713040e-01,1.606796480478527300e+00,-5.856881677675773723e-01,1.129909738537824282e+00,5.254434795798935021e+00,9.005972546821324087e+00,-9.443321721407476055e-01
-1.052399392896888330e-01,-2.694407759162786298e-01,7.001747075532676057e-01,1.618531481921673398e+00,-5.358906172215942565e-01,1.112685415148735313e+00,5.025223493576049805e+00,8.588125705718994141e+00,-1.062008142471313477e+00,-1.110795376529392919e-01,-2.723828640312432880e-01,6.939165673185083705e-01,1.657103462664736959e+00,-4.967310742052428729e-01,1.118865365740444151e+00,4.802421459379930369e+00,8.785204771463059004e+00,-1.261028995907123029e+00
-8.858543536305403532e-02,-2.739476854282620333e-01,7.111723294173479815e-01,1.665450392663479384e+00,-4.506909511983398509e-01,1.099762186408043130e+00,4.691891074180603027e+00,8.519966602325439453e+00,-1.292322874069213867e+00,-9.427626567029989690e-02,-2.769145679149001005e-01,7.050371861334000512e-01,1.702750363053000537e+00,-4.099717612909998810e-01,1.104771598775999619e+00,4.322040140259996832e+00,8.568146625979993658e+00,-1.552982337879997843e+00
-7.149529318749879570e-02,-2.776059665980937785e-01,7.220228687142133950e-01,1.709014217555523407e+00,-3.658281169831756330e-01,1.085053929686546459e+00,4.356382489204406738e+00,8.486283421516418457e+00,-1.470825672149658203e+00,-7.704104544143017264e-02,-2.805893378644816472e-01,7.160027756384552688e-01,1.743441951523089450e+00,-3.253204053048619482e-01,1.087913308044714311e+00,3.810960539884330700e+00,8.365426068671711235e+00,-1.812647272581963565e+00
-5.401171410322163496e-02,-2.804214984107020192e-01,7.327108437334299840e-01,1.748357908427715879e+00,-2.815531812608245699e-01,1.068797501921653792e+00,3.934369087219238281e+00,8.427493572235107422e+00,-1.625642776489257812e+00,-5.942500536859171567e-02,-2.834273532053928624e-01,7.267874351335880112e-01,1.778859082849967965e+00,-2.425784108092878810e-01,1.068652560162779874e+00,3.266729443653224152e+00,8.188171276047155445e+00,-2.032128213236525038e+00
-3.619403375923607724e-02,-2.824083794507387113e-01,7.432174492095710017e-01,1.781768034398556244e+00,-1.986881040036682089e-01,1.050660547614097551e+00,3.341012597084045410e+00,8.286507725715637207e+00,-1.813695430755615234e+00,-4.148259005254242848e-02,-2.854462424285203470e-01,7.373692853037470130e-01,1.808657452777574282e+00,-1.614333547281399106e-01,1.047432162647138565e+00,2.686767767769893567e+00,8.048021390616030502e+00,-2.203171297410791318e+00
-1.811739418148967939e-02,-2.835873188155892399e-01,7.535203832303286609e-01,1.807663957774639618e+00,-1.178939364850524890e-01,1.030293402075767473e+00,2.589592337608337402e+00,8.079416751861572266e+00,-2.036714553833007812e+00,-2.327181822552470969e-02,-2.866599191864159235e-01,7.477312936686122402e-01,1.832466324561093707e+00,-8.145382294771330578e-02,1.024779284743835284e+00,2.068367606088237665e+00,7.957137268680332554e+00,-2.317156772657958275e+00
1.360669410231420129e-04,-2.839775068166854877e-01,7.636013177250624562e-01,1.825346112251282182e+00,-3.901880010962524570e-02,1.008093449473381087e+00,1.768215447664260864e+00,7.887513637542724609e+00,-2.219995260238647461e+00,-4.854553566489894223e-03,-2.870773661181025282e-01,7.578621366212936472e-01,1.849887225977703054e+00,-2.084139439860743792e-03,1.001309154399937729e+00,1.408689276960625847e+00,7.928212228125628869e+00,-2.365091382159999700e+00
1.848451553046730547e-02,-2.835893366563322915e-01,7.734520515714884414e-01,1.834844858944416401e+00,3.881701603531799438e-02,9.850733846426010798e-01,9.498746693134307861e-01,7.783581614494323730e+00,-2.302006483078002930e+00,1.370321130612717209e-02,-2.867013654277201229e-01,7.677570988174643452e-01,1.860492616805793809e+00,7.736101209280876745e-02,9.777288313790420959e-01,7.047583700856829836e-01,7.974482796212631897e+00,-2.337600750370202540e+00
3.684978486359147265e-02,-2.824213427159192880e-01,7.830755251859427002e-01,1.836526933312416343e+00,1.167993940412994369e-01,9.623473614454269853e-01,1.682074368000030518e-01,7.798237800598144531e+00,-2.272602319717407227e+00,3.233105736876862313e-02,-2.855271751422344684e-01,7.774190106763692043e-01,1.863824526772674073e+00,1.577020740496264395e-01,9.548410565203440115e-01,-4.653720664392402284e-02,8.109739457368570825e+00,-2.224921768655773846e+00
5.515857282042531395e-02,-2.804598271328213599e-01,7.924842067872286400e-01,1.830878795683384297e+00,1.961515583097930837e-01,9.408681601285935336e-01,-5.648137629032135010e-01,7.935216426849365234e+00,-2.147920131683349609e+00,5.095382795893299566e-02,-2.835411499734302176e-01,7.868592247551411401e-01,1.859393163970749274e+00,2.399002082425001348e-01,9.335481771412849072e-01,-8.484501802937050030e-01,8.348337400978612877e+00,-2.016894980940431736e+00
7.334250554204015116e-02,-2.776789297166469273e-01,8.016986864422560588e-01,1.818393272161484164e+00,2.780897416174408221e-01,9.214479655027389970e-01,-1.248552352190017700e+00,8.193818330764770508e+00,-1.942019462585449219e+00,6.949130347785942297e-02,-2.807193057094067301e-01,7.960986317578613303e-01,1.846675493742175878e+00,3.250629966844322816e-01,9.148561485837785057e-01,-1.704376866039559957e+00,8.705207269177288154e+00,-1.702956969346997917e+00
9.133652578055886928e-02,-2.740394567179682550e-01,8.107486669336557705e-01,1.799402023851871979e+00,3.639472998678680571e-01,9.049980491399765015e-01,-1.899124830961227417e+00,8.585755825042724609e+00,-1.644991636276245117e+00,8.785800000000000554e-02,-2.770250000000000212e-01,8.051690000000000236e-01,1.825112999999999985e+00,4.144510000000000138e-01,8.998789999999999845e-01,-2.617859999999999854e+00,9.195866000000000540e+00,-1.272132000000000041e+00
1.090747984027865408e-01,-2.694841856512429912e-01,8.196781637881994653e-01,1.773827262222767320e+00,4.555271066725250506e-01,8.929496854543685913e-01,-2.557476162910461426e+00,9.157980680465698242e+00,-1.204836368560791016e+00,1.059626768473927311e-01,-2.724117759206454159e-01,8.141122136646593566e-01,1.794282894803597372e+00,5.090399226174833203e-01,8.895480939334931003e-01,-3.541526915217656057e+00,9.703545523299720088e+00,-8.015101809442513048e-01
1.264868562346699865e-01,-2.639437747973206183e-01,8.285460592423677939e-01,1.741205783188343403e+00,5.540410853922363987e-01,8.867895454168319702e-01,-3.262147903442382812e+00,9.851397871971130371e+00,-6.160140037536621094e-01,1.237135371568013342e-01,-2.668291118172329557e-01,8.229749046668983770e-01,1.754416921791490447e+00,6.081561120420523325e-01,8.837001437219208499e-01,-4.424856593209774758e+00,1.010149325037179047e+01,-3.754811169456507836e-01
1.434925108826163587e-01,-2.573519093993308915e-01,8.374183380221128514e-01,1.700565464794636217e+00,6.591865397989746800e-01,8.872278779745101929e-01,-4.064031839370727539e+00,1.051454544067382812e+01,4.383325576782226562e-02,1.410222567054971454e-01,-2.602372032394319468e-01,8.317996792856612309e-01,1.705923720839209734e+00,7.107078610907333616e-01,8.818911682832968335e-01,-5.266799827338864759e+00,1.039087125233717224e+01,6.360194469661850647e-03
1.600041661685708272e-01,-2.496567901599409944e-01,8.463558280383348675e-01,1.651165528595448073e+00,7.695119239389893728e-01,8.937490016222000566e-01,-4.939993619918823242e+00,1.103253841400146484e+01,6.521123647689819336e-01,1.578046496836177370e-01,-2.526071006506350192e-01,8.406247258348341633e-01,1.649222288340546072e+00,8.156163059592758113e-01,8.836817177281084401e-01,-6.066335193349523536e+00,1.057308865479004112e+01,3.445159798255588157e-01
1.759294121837619018e-01,-2.408491719219091332e-01,8.553861946676969419e-01,1.592524601519108352e+00,8.807618238031861280e-01,9.030366629362106545e-01,-5.864092707633972168e+00,1.112498998641967773e+01,9.287661314010620117e-01,1.739807708029553757e-01,-2.439205683893500842e-01,8.494838649354233828e-01,1.584741679200953657e+00,9.218179723959993854e-01,8.886378753149061227e-01,-6.822473085923119740e+00,1.064981676362000051e+01,6.395916327137476376e-01
1.911755895143750494e-01,-2.309556748348477184e-01,8.645054679428338940e-01,1.524617733061314206e+00,9.893497087061402517e-01,9.119273275136947632e-01,-6.790686845779418945e+00,1.085878849029541016e+01,8.890664577484130859e-01,1.894750142238495472e-01,-2.341699174125632665e-01,8.584066101044386388e-01,1.512920668465414176e+00,1.028267473133852583e+00,8.963323188360706739e-01,-7.534259755232387334e+00,1.062300419083427983e+01,8.923016568115564873e-01
2.056620266115668505e-01,-2.200042710009219860e-01,8.737067926143408103e-01,1.448643709719181549e+00,1.095140383392572137e+00,9.201324671506881936e-01,-7.597402334213256836e+00,1.057906746864318848e+01,8.205139636993408203e-01,2.042162088965328026e-01,-2.233578103084892796e-01,8.674182392547864495e-01,1.434207372580746487e+00,1.133940356580705133e+00,9.063454414337585030e-01,-8.200781343496103659e+00,1.049489198037995052e+01,1.103475608899756821e+00
2.193243310278657210e-01,-2.080155428576472010e-01,8.829957469021082472e-01,1.366230441629887160e+00,1.198872814327478054e+00,9.288954287767410278e-01,-8.241326808929443359e+00,1.037324309349060059e+01,8.762961626052856445e-01,2.181377099132704722e-01,-2.114970370661284904e-01,8.765398777004738129e-01,1.349058830292373834e+00,1.237836106767855160e+00,9.182665318460251358e-01,-8.821167921533744405e+00,1.026802873396613336e+01,1.274064041880369480e+00
2.321093764877322496e-01,-1.950163556489351024e-01,8.923901704167128690e-01,1.278504545986652863e+00,1.299918720871209743e+00,9.394423514604568481e-01,-8.772589564323425293e+00,1.010459065437316895e+01,1.054692268371582031e+00,2.311774854676408864e-01,-1.986102600890472247e-01,8.857885932614226743e-01,1.257940543175543491e+00,1.338981294556762514e+00,9.316950140831268268e-01,-9.394597525320111941e+00,9.945285736886203765e+00,1.405144447794469897e+00
2.439680796986821443e-01,-1.810492775815727984e-01,9.019125199233294365e-01,1.185870321094990354e+00,1.396707806736230406e+00,9.522349506616591963e-01,-9.263422489166259766e+00,9.678908586502075195e+00,1.279259920120239258e+00,2.432781990172999675e-01,-1.847297269408000320e-01,8.951775040621999802e-01,1.161325975801000165e+00,1.436432880103999832e+00,9.462417465339998390e-01,-9.920300192539997397e+00,9.529872083840000840e+00,1.497927200839998640e+00
2.548506824648383295e-01,-1.661670184734466427e-01,9.115792755101920219e-01,1.088260276615620192e+00,1.488225910812615904e+00,9.666755586862563199e-01,-9.761004447937011719e+00,9.151810407638549805e+00,1.444060802459716797e+00,2.543872862465746953e-01,-1.698969493094112937e-01,9.047158996189620384e-01,1.059696015535113611e+00,1.529281666584430877e+00,9.615303805029188355e-01,-1.039756199914282497e+01,9.025349804756039873e+00,1.553761500389567285e+00
2.647062259143593832e-01,-1.504196299540999371e-01,9.213954636965990819e-01,9.855543449521070309e-01,1.574738851934671002e+00,9.816188186407088789e-01,-1.027059316635131836e+01,8.651294112205505371e+00,1.494325995445251465e+00,2.644570264252302794e-01,-1.541623466783336172e-01,9.144093758089173463e-01,9.535383919744573333e-01,1.616655905172606822e+00,9.771987781763317171e-01,-1.082572909589729271e+01,8.435648990613708875e+00,1.574141314008267400e+00
2.734858173108103974e-01,-1.338507364246251941e-01,9.313567372177840031e-01,8.779591396451001950e-01,1.656889352947473082e+00,9.961273521184921265e-01,-1.075952053070068359e+01,8.215050101280212402e+00,1.450853347778320312e+00,2.734446077597553204e-01,-1.375848531913015649e-01,9.242599843166079410e-01,8.433470560148453865e-01,1.697725051282386044e+00,9.929004900198739048e-01,-1.120421174494603278e+01,7.765082919265491768e+00,1.560711320471479535e+00
2.811504473215344913e-01,-1.165093727785351668e-01,9.414547557150125812e-01,7.664630010724072795e-01,1.734136364609002667e+00,1.009801849722862244e+00,-1.114961385726928711e+01,7.724701166152954102e+00,1.367449760437011719e+00,2.813121863335096284e-01,-1.202314861984978278e-01,9.342663971513121002e-01,7.296215185548164950e-01,1.771703672064776747e+00,1.008306291605560512e+00,-1.153248835636025049e+01,7.018363181259159589e+00,1.515272852782679536e+00
2.876796489036086424e-01,-9.846927335888175370e-02,9.516819418882132009e-01,6.529201582074170007e-01,1.804009941965341257e+00,1.022718617320060641e+00,-1.135428428649902344e+01,6.987357735633850098e+00,1.291676759719848633e+00,2.880269382320789218e-01,-1.021768749714499769e-01,9.444240868298703351e-01,6.128661488335778174e-01,1.837855505164000203e+00,1.023105779869156073e+00,-1.181010952469437569e+01,6.200614805659998119e+00,1.439789841191247532e+00
2.930665778940919064e-01,-7.983399283170727889e-02,9.620323167358637573e-01,5.386928990483288437e-01,1.863528052717446926e+00,1.035037484765052751e+00,-1.142272591590881348e+01,5.951811075210571289e+00,1.231886744499206543e+00,2.935611044501818534e-01,-8.350274807407540023e-02,9.547255228192346177e-01,4.935894324033995861e-01,1.895497668731776830e+00,1.037009028797722276e+00,-1.203670206554070887e+01,5.317391385873005305e+00,1.336394756210277368e+00
2.973002797937396302e-01,-6.071976836055545390e-02,9.725001635168791791e-01,4.233701899647717148e-01,1.911422447115182610e+00,1.046784678101539523e+00,-1.153227090835571289e+01,4.789439439773559570e+00,1.174719333648681641e+00,2.978920281764724787e-01,-6.429737787729189469e-02,9.651603848330457813e-01,3.723031887364576242e-01,1.944005022699835994e+00,1.049748304547345246e+00,-1.221197305208407791e+01,4.374690205465073589e+00,1.207394551634378033e+00
3.003530590659382882e-01,-4.123713348090676800e-02,9.830829934393168212e-01,3.052779272198681282e-01,1.948263487964868368e+00,1.058282992243766651e+00,-1.180922627449035645e+01,3.684104084968566895e+00,1.149831414222717285e+00,3.010021840525839432e-01,-4.465498070461312863e-02,9.757157935765373713e-01,2.495217484661436114e-01,1.982814681310644644e+00,1.061079839991037943e+00,-1.233571385165646639e+01,3.378967363987256611e+00,1.055276607557489754e+00
3.021664909994605241e-01,-2.147789108783034959e-02,9.937915808175803445e-01,1.813431933522228756e-01,1.975924239307641717e+00,1.070858737826347218e+00,-1.239347338676452637e+01,2.766075134277343750e+00,1.257574558258056641e+00,3.028791990027572267e-01,-2.467507109614480720e-02,9.863765595340704406e-01,1.257610902628139016e-01,2.011430676906358794e+00,1.070785668696824677e+00,-1.240780416229168459e+01,2.337152902796927556e+00,8.827146733906907627e-01
3.026400535529855107e-01,-1.502320967912959548e-03,1.004654486647725165e+00,4.735625535249751716e-02,1.997557011991738962e+00,1.086290583014487998e+00,-1.339869379997253418e+01,2.163277268409729004e+00,1.543184518814086914e+00,3.035158642304000565e-01,-4.461768678400090948e-03,9.971254503936000102e-01,1.537937344000539497e-03,2.029428774976000049e+00,1.078675518335999728e+00,-1.242821604928000134e+01,1.256665930880002335e+00,6.925748108799980596e-01
3.017707513546946663e-01,1.860808719664783228e-02,1.015616263172507416e+00,-8.693021982908208378e-02,2.011040816456079128e+00,1.096177652478217857e+00,-1.342864751815795898e+01,1.348380446434020996e+00,9.887069463729858398e-01,3.029101379779194914e-01,1.587694387264715346e-02,1.007943477702374580e+00,-1.226311863809272928e-01,2.036461440460850536e+00,1.084588763521566523e+00,-1.239701798172279545e+01,1.454297506731609957e-01,4.879213371241861719e-01
2.997401222711804647e-01,3.871714859425992583e-02,1.026510516098618542e+00,-2.030629083514209343e-01,2.010906139761209133e+00,1.089425292611121865e+00,-1.161326885223388672e+01,-1.346766948699951172e-02,-6.752359867095947266e-01,3.010651386461744017e-01,3.623001328785480091e-02,1.018810203348170962e+00,-2.462309405316474020e-01,2.032262955318073772e+00,1.088396438076854267e+00,-1.231437886908721424e+01,-9.881130161139690671e-01,2.720227675925868116e-01
2.965825163400176434e-01,5.871232733100623102e-02,1.037359310588717554e+00,-3.157605931162830171e-01,1.999517873674630852e+00,1.084879449009894969e+00,-1.126976847648620605e+01,-1.138826608657836914e+00,-4.545843601226806641e-01,2.979891278698902912e-01,5.648416009313167452e-02,1.029704066460367384e+00,-3.687481928433160583e-01,2.016654687342551266e+00,1.090003306734312893e+00,-1.218057209776080185e+01,-2.134985302676589924e+00,4.835775914289786037e-02
2.922434657639268463e-01,7.845430747389764425e-02,1.048194013229489352e+00,-4.339050576090808797e-01,1.974198014289140435e+00,1.083470264077186274e+00,-1.181444644927978516e+01,-2.531985938549041748e+00,-1.409184932708740234e-01,2.936954831453827963e-01,7.652477644216681973e-02,1.040602731325152686e+00,-4.896730841185443772e-01,1.989550510246948622e+00,1.089349996264484588e+00,-1.199597956760617024e+01,-3.285660471292519702e+00,-1.793789469610014287e-01
2.867016285037997658e-01,9.782223223119945743e-02,1.059008168957114249e+00,-5.541837260127063791e-01,1.936792475730180429e+00,1.081415572762489008e+00,-1.202786684036254883e+01,-3.740553855895996094e+00,-2.054691314697265625e-01,2.882026596069335866e-01,9.623687890625004515e-02,1.051483456909179770e+00,-6.085001335449216064e-01,1.950962375000000026e+00,1.086415186035155855e+00,-1.176109572851562568e+01,-4.430047187500003147e+00,-4.072705820312529923e-01
2.799682393199208752e-01,1.167075744789835834e-01,1.069784789970994021e+00,-6.733389183878895068e-01,1.888534224778413373e+00,1.077662101387977245e+00,-1.191551923751831055e+01,-4.825825095176696777e+00,-3.753471374511718750e-01,2.815341405481630033e-01,1.155061177337665668e-01,1.062323488585957598e+00,-7.247293843780884259e-01,1.901006032423012915e+00,1.081217858000686149e+00,-1.147653161696583091e+01,-5.557474294275483118e+00,-6.311724069382051994e-01
2.720789972221854813e-01,1.350092691180106996e-01,1.080509658417582619e+00,-7.889242097735401638e-01,1.830169463902711513e+00,1.072486844658851357e+00,-1.155852913856506348e+01,-5.836476087570190430e+00,-5.175256729125976562e-01,2.737183762847443247e-01,1.342198440919484259e-01,1.073100472659290983e+00,-8.378675899903496038e-01,1.839906907044599027e+00,1.073819606121513726e+00,-1.114301889257244760e+01,-6.656675686211414700e+00,-8.467057690926044211e-01
2.630869907563928023e-01,1.526361607384678631e-01,1.091170791140675611e+00,-8.992006465792652392e-01,1.762689162045716795e+00,1.066113272309302973e+00,-1.102764368057250977e+01,-6.748030185699462891e+00,-6.373572349548339844e-01,2.647887109548046625e-01,1.522682368034629086e-01,1.083792894278063912e+00,-9.474294402848406627e-01,1.768006122213625630e+00,1.064327005213842936e+00,-1.076141387464478605e+01,-7.715775183694033146e+00,-1.049252159427794595e+00
2.530386242842677658e-01,1.695007847693559278e-01,1.101745870611548384e+00,-1.004836647212504985e+00,1.686462403088807571e+00,1.057507947087287681e+00,-1.056360006332397461e+01,-7.622675895690917969e+00,-8.605325222015380859e-01,2.547832968533557119e-01,1.695454900904230233e-01,1.094380539336671232e+00,-1.052938828475234345e+00,1.685766676470386471e+00,1.052894039229504530e+00,-1.033270157874044948e+01,-8.722271407081164440e+00,-1.233947269381892031e+00
2.419552807337049249e-01,1.855054059249159337e-01,1.112199450186371674e+00,-1.108334355056285414e+00,1.600462115556001264e+00,1.045357957482337730e+00,-1.034977078437805176e+01,-8.600028753280639648e+00,-1.214998960494995117e+00,2.437449958971000252e-01,1.859510638384000991e-01,1.104844980955399958e+00,-1.153930158231000203e+00,1.593779771175999560e+00,1.039724588965999619e+00,-9.857999753219999661e+00,-9.663022650880003894e+00,-1.395675047880004849e+00
2.298543039834503032e-01,2.005475620326396535e-01,1.122498628578066704e+00,-1.210097675025462616e+00,1.504215610772370981e+00,1.029917839169502081e+00,-1.017633199691772461e+01,-9.624650478363037109e+00,-1.544011831283569336e+00,2.317212678159571992e-01,2.013909978930213396e-01,1.115170091135062824e+00,-1.249949691188206202e+00,1.492771289400022461e+00,1.025074979206716197e+00,-9.338562915801562170e+00,-1.052423175792493204e+01,-1.529061758316397013e+00
2.167830307310823490e-01,2.145388462913033201e-01,1.132625936738133277e+00,-1.307127325236796755e+00,1.399128425866365211e+00,1.012730816006660373e+00,-9.702965021133422852e+00,-1.050871849060058594e+01,-1.718702316284179688e+00,2.187640446676543116e-01,2.157792919017355593e-01,1.125342578180182684e+00,-1.340556934825865465e+00,1.383608426066291752e+00,1.009256585291328667e+00,-8.775786390115532853e+00,-1.129143099355525770e+01,-1.628470035536696336e+00
2.028292571878437256e-01,2.274106749740239797e-01,1.142577044746756476e+00,-1.395377354323863450e+00,1.287182868272065850e+00,9.951108008623121837e-01,-8.825002908706665039e+00,-1.119455575942993164e+01,-1.762001514434814453e+00,2.049295912717240542e-01,2.290393522133272186e-01,1.135352550485033918e+00,-1.425326070707835679e+00,1.267306469356987986e+00,9.926384991163734739e-01,-8.171210342259167092e+00,-1.194946691979306941e+01,-1.687992942820085274e+00
1.880968159562353414e-01,2.391066884320971198e-01,1.152351096442818523e+00,-1.473244123160838637e+00,1.169601345807313564e+00,9.774051696062087125e-01,-7.786676883697509766e+00,-1.175815224647521973e+01,-1.770563125610351562e+00,1.902783511592582855e-01,2.411055073477624267e-01,1.145194107276839457e+00,-1.503847423090258317e+00,1.145035733374912379e+00,9.756502545660002967e-01,-7.526523817351288059e+00,-1.248248526952100157e+01,-1.701448028861485273e+00
1.726760923540596460e-01,2.495761137601729962e-01,1.161947807154536161e+00,-1.542072360217570770e+00,1.046942532807588311e+00,9.596710711717604259e-01,-6.882823705673217773e+00,-1.226588129997253418e+01,-1.773409843444824219e+00,1.748747776347569227e-01,2.519245935489499710e-01,1.154865956910426705e+00,-1.575728967894546972e+00,1.018128642063998335e+00,9.587846123729054648e-01,-6.843568776086867089e+00,-1.287391582066000417e+01,-1.662371384753756232e+00
1.566323689645533201e-01,2.587727599811550649e-01,1.171370095363736041e+00,-1.604372338950633470e+00,9.196646220982072073e-01,9.422288209199903841e-01,-6.229997873306274414e+00,-1.272779107093811035e+01,-1.744225025177001953e+00,1.587871495464220351e-01,2.614576119329976023e-01,1.164372063308642069e+00,-1.640597882045926159e+00,8.880869643880411335e-01,9.426004044094419276e-01,-6.124344131291758586e+00,-1.310645727034716224e+01,-1.564011700969890617e+00
1.400017979717259053e-01,2.666601779010888684e-01,1.180627627394080115e+00,-1.663057099282740925e+00,7.887417919933793486e-01,9.257532030344007845e-01,-5.868476033210754395e+00,-1.309228301048278809e+01,-1.647561788558959961e+00,1.420873713612349210e-01,2.696814587445464650e-01,1.173722321142832037e+00,-1.698102133177511686e+00,7.565892007676355835e-01,9.277254374089047850e-01,-5.371009784477223548e+00,-1.316206210911349395e+01,-1.399324324345191606e+00
1.228087669140104921e-01,2.732308405262228734e-01,1.189747077277779619e+00,-1.719303105771540885e+00,6.570662625133989465e-01,9.119449883699415338e-01,-5.624600648880004883e+00,-1.316755294799804688e+01,-1.380821466445922852e+00,1.248507571411698186e-01,2.765907302337665130e-01,1.182933260347680315e+00,-1.747912109699933936e+00,6.254981207753600447e-01,9.148594561169999251e-01,-4.585890662394717765e+00,-1.302192149506171326e+01,-1.160965315059478975e+00
1.051232561147217581e-01,2.785154226717349579e-01,1.198767557940363826e+00,-1.768551079928874170e+00,5.284582145512102258e-01,9.020480662584302589e-01,-4.924797415733337402e+00,-1.286080479621887207e+01,-9.896922111511230469e-01,1.071557980168788005e-01,2.821996036665950780e-01,1.192028780564718726e+00,-1.789722291236516938e+00,4.968684520891676337e-01,9.047771658734864442e-01,-3.771480753590434887e+00,-1.266645012804404224e+01,-8.412855036192782299e-01
8.706204859674024354e-02,2.825707118284698782e-01,1.207724849811673051e+00,-1.806120751798152124e+00,4.055289156734941391e-01,8.957291871309278619e-01,-3.756967186927795410e+00,-1.229292988777160645e+01,-6.318879127502441406e-01,8.908391275520020913e-02,2.865437959807997648e-01,1.201040916108799816e+00,-1.823252959423999453e+00,3.729547207039995982e-01,8.983313146239997327e-01,-2.930447144960008021e+00,-1.207527112384000922e+01,-4.323245478400092878e-01
6.873800527811098349e-02,2.854782719460126073e-01,1.216659575841307461e+00,-1.832404331862925728e+00,2.907560117542741795e-01,8.934726029634474376e-01,-2.628358006477355957e+00,-1.147729039192199707e+01,-2.256584167480468750e-01,7.071906490019348734e-02,2.896804585753109396e-01,1.210010097879745450e+00,-1.848335923185364438e+00,2.556808593557358122e-01,8.962058679446921472e-01,-2.090985800901096425e+00,-1.138936773704689642e+01,-1.341938208502091445e-03
5.024302083015490250e-02,2.873228126686807604e-01,1.225612353256821496e+00,-1.849498444795607766e+00,1.844540722668168986e-01,8.952777415513990533e-01,-1.709411293268203735e+00,-1.063019394874572754e+01,1.805138587951660156e-01,5.214479940571792316e-02,2.916784844303857427e-01,1.218978641442232558e+00,-1.865164441345638080e+00,1.449682774519293060e-01,8.981371188374918102e-01,-1.279342897805737733e+00,-1.076296733293228058e+01,3.792315901474038742e-01
3.165315191209365497e-02,2.881651362177725662e-01,1.234614476225256885e+00,-1.858986891806124975e+00,8.423235490918139223e-02,9.002122968435285477e-01,-9.488447010517120361e-01,-1.002217173576354980e+01,4.934555292129516602e-01,3.344236894895231266e-02,2.925997280757903218e-01,1.227984692523141463e+00,-1.874015049670211042e+00,4.022733364148817214e-02,9.036242509652752108e-01,-4.953802682955630310e-01,-1.019481374840167653e+01,7.099349566704979964e-01
1.303758914530327162e-02,2.880488691401477674e-01,1.243691770068287905e+00,-1.861556276679038335e+00,-1.162670776247998194e-02,9.077293843030928011e-01,-2.569384872913360596e-01,-9.585906267166137695e+00,7.517087459564208984e-01,1.469017100617532601e-02,2.925010170644067320e-01,1.237061327060188676e+00,-1.875163829937963156e+00,-5.911729811051952277e-02,9.121718100921792916e-01,2.610476610776952811e-01,-9.683443031304610926e+00,9.914407192643535094e-01
-5.536540361642330182e-03,2.870062731650467880e-01,1.252865184388041619e+00,-1.857412950694560250e+00,-1.042595975100996109e-01,9.173414319753645518e-01,4.143325984477996826e-01,-9.263288974761962891e+00,9.612047672271728516e-01,-4.036150349401232407e-03,2.914335024900960858e-01,1.246236702420619347e+00,-1.868885367594031566e+00,-1.536252180287327462e-01,9.232917743442341507e-01,9.900944973787377812e-01,-9.227171902760632705e+00,1.224564226458121130e+00
-2.399958756804414922e-02,2.850638561469312493e-01,1.262151638320565317e+00,-1.846304720640181696e+00,-1.942417018115522587e-01,9.286453932523726085e-01,1.110823005437850952e+00,-8.998210430145263672e+00,1.130396127700805664e+00,-2.266368909123779585e-02,2.894428274190358752e-01,1.255534139007763450e+00,-1.855452674000713564e+00,-2.438380451910276969e-01,9.365050251372426526e-01,1.691921363875239948e+00,-8.824085343325323905e+00,1.410272221731318831e+00
-4.227508174121327733e-02,2.822480277118082914e-01,1.271566210768103611e+00,-1.827549417316912894e+00,-2.815828435122968987e-01,9.414572447538374078e-01,1.875530332326889038e+00,-8.734114170074462891e+00,1.281185150146484375e+00,-4.112226113145195372e-02,2.865693184951124683e-01,1.264972217007086286e+00,-1.835137113862504110e+00,-3.302770380537083383e-01,9.513429041479075643e-01,2.366696382624398076e+00,-8.472024179156308676e+00,1.549691447838624336e+00
-6.028269255399651416e-02,2.785896451246734351e-01,1.281126810184598064e+00,-1.800761081278323461e+00,-3.658382587134840214e-01,9.560599416494367508e-01,2.678833603858947754e+00,-8.425541520118713379e+00,1.460269689559936523e+00,-5.934438751292464564e-02,2.828482019607542752e-01,1.274564889132166146e+00,-1.808208337825268242e+00,-4.134405908383567141e-01,9.673488563282082175e-01,3.014594157059471868e+00,-8.168572668179255203e+00,1.644117251134667335e+00
-7.795409567892498670e-02,2.741198047247525027e-01,1.290853026590228270e+00,-1.767140312492846865e+00,-4.469840399920942398e-01,9.726216405630109252e-01,3.362076878547668457e+00,-8.114578127861022949e+00,1.656169891357421875e+00,-7.726527695326840250e-02,2.783098453345877465e-01,1.284321610231033084e+00,-1.774934220249547501e+00,-4.938016057803435999e-01,9.840801589630225887e-01,3.635795254576329683e+00,-7.911046086253890053e+00,1.695022185898823253e+00
-9.524330988764709294e-02,2.688603395742173996e-01,1.300752817145466977e+00,-1.728921420872210790e+00,-5.259465150535108657e-01,9.899790555238721090e-01,3.821889162063598633e+00,-7.896247506141662598e+00,1.735741496086120605e+00,-9.482280779239979362e-02,2.729800259873000901e-01,1.294247484613299859e+00,-1.735580802158000591e+00,-5.718047412389989370e-01,1.001109736770999792e+00,4.230485689119992898e+00,-7.696478313340002764e+00,1.704064618660000363e+00
-1.121145132654899901e-01,2.628256655928488672e-01,1.310816188595175902e+00,-1.687120337784289603e+00,-6.034673981368543494e-01,1.006337144970893549e+00,4.180108308792114258e+00,-7.752088308334350586e+00,1.635808944702148438e+00,-1.119575093954564837e-01,2.668802278570915898e-01,1.304343431958516319e+00,-1.690412239356980484e+00,-6.478635356694426584e-01,1.018028063048679099e+00,4.798856403771175394e+00,-7.521609419663455753e+00,1.673097332521437330e+00
-1.285249524736399029e-01,2.560292366218562821e-01,1.321027504078030823e+00,-1.641043920814990287e+00,-6.796428970992567375e-01,1.021131548285483914e+00,4.607641696929931641e+00,-7.617549896240234375e+00,1.479440331459045410e+00,-1.286125430628011213e-01,2.600279675461020235e-01,1.314606372666183853e+00,-1.639690755732243099e+00,-7.223574074560750180e-01,1.034445146857856823e+00,5.341102753332831909e+00,-7.382873251882189791e+00,1.604176131485492096e+00
-1.444222869449848512e-01,2.484850167182083847e-01,1.331379588923335300e+00,-1.589733447134494160e+00,-7.544219903647901848e-01,1.035208484530448558e+00,5.131047368049621582e+00,-7.477909326553344727e+00,1.407693624496459961e+00,-1.447336824988526560e-01,2.524371510391932860e-01,1.325029433507856735e+00,-1.583676601718793542e+00,-7.956285306077279795e-01,1.049992606256202166e+00,5.857423986916707292e+00,-7.276385019252236575e+00,1.499568444778434984e+00
-1.597529386603826762e-01,2.402043176513906086e-01,1.341871567121625253e+00,-1.533065171539782945e+00,-8.280699066817762688e-01,1.049197819828986855e+00,5.666827559471130371e+00,-7.364791631698608398e+00,1.398933529853820801e+00,-1.602692938914870580e-01,2.441184622864724374e-01,1.335602174441769208e+00,-1.522628017944864798e+00,-8.679785863144766633e-01,1.064325827571119154e+00,6.348022730529864432e+00,-7.197928879793722423e+00,1.361761931175240248e+00
-1.744672045582527364e-01,2.311938706931467580e-01,1.352499052486300757e+00,-1.471426589787005801e+00,-9.010446958243849558e-01,1.062748536467551963e+00,6.163858175277709961e+00,-7.297478914260864258e+00,1.355071663856506348e+00,-1.751703156537482986e-01,2.350797848909383647e-01,1.346310837450414688e+00,-1.456801204050031995e+00,-9.396653903661085216e-01,1.077126210716859323e+00,6.813104469661245943e+00,-7.142945526456874639e+00,1.193473083324377182e+00
-1.885188432955736404e-01,2.214569101107116134e-01,1.363249235263944037e+00,-1.405163873732089508e+00,-9.736960582435133515e-01,1.075018277764320240e+00,6.626271605491638184e+00,-7.265136241912841797e+00,1.226974129676818848e+00,-1.893902378796114561e-01,2.253266581426351944e-01,1.357138618261513274e+00,-1.386450292677460672e+00,-1.010899396432256570e+00,1.088103500554878922e+00,7.252877031868207425e+00,-7.106519773288038522e+00,9.976558320726034435e-01
-2.018633934432262633e-01,2.109950461831684443e-01,1.374101223072886846e+00,-1.334455014765262071e+00,-1.046186392754316685e+00,1.085198780894279347e+00,7.070885896682739258e+00,-7.249033451080322266e+00,1.018050312995910645e+00,-2.028850815655384165e-01,2.148627686406965609e-01,1.368065961812799269e+00,-1.311827328640290391e+00,-1.081840075204187901e+00,1.096998204297446877e+00,7.667550069363064935e+00,-7.083368141595673961e+00,7.775101507897577147e-01
-2.144571607434744009e-01,1.998097119253869347e-01,1.385028162649751149e+00,-1.259376730024813984e+00,-1.118533425778150958e+00,1.092693957686424078e+00,7.507828474044799805e+00,-7.234703302383422852e+00,7.495176792144775391e-01,-2.156133776495686161e-01,2.036904787446630338e-01,1.379070882321061120e+00,-1.233182253262151917e+00,-1.152592169398258592e+00,1.103584094954499273e+00,8.057334541599640687e+00,-7.067826446116371564e+00,5.364906596935501426e-01
-2.262570161098236277e-01,1.879032326337690684e-01,1.395999394318938602e+00,-1.179985536634921450e+00,-1.190647929161787522e+00,1.097123166918754444e+00,7.939119338989257812e+00,-7.211450338363647461e+00,4.429209232330322266e-01,-2.275361459196855174e-01,1.918113930964574221e-01,1.390129308815865716e+00,-1.150762893891820404e+00,-1.223201824621021672e+00,1.107670800823741475e+00,8.422442197859796309e+00,-7.053837381180855459e+00,2.783152301743550550e-01
-2.372209105515474536e-01,1.752796919417376753e-01,1.406982477656484098e+00,-1.096389444172381822e+00,-1.262354069203138751e+00,1.098308333754539401e+00,8.359609246253967285e+00,-7.170614004135131836e+00,1.185166835784912109e-01,-2.386168738431999614e-01,1.792269644544000617e-01,1.401215456998399889e+00,-1.064814958592000593e+00,-1.293652596095999696e+00,1.109106481023999891e+00,8.763085059839998081e+00,-7.034938106880000319e+00,6.973589120002288144e-03
-2.473091003471607485e-01,1.619454856064911075e-01,1.417945337138057260e+00,-1.008818979561328266e+00,-1.333420633524656784e+00,1.096285948157310397e+00,8.757046461105346680e+00,-7.106656432151794434e+00,-2.022385597229003906e-01,-2.488214953688924203e-01,1.659391400806487782e-01,1.412302228285862382e+00,-9.755820360022509075e-01,-1.363861331252115283e+00,1.107780587071819589e+00,9.079474904237834210e+00,-7.004247835230823505e+00,-2.732640767594263220e-01
-2.564858784997457453e-01,1.479092688184971971e-01,1.428858361533761556e+00,-9.176778152585023385e-01,-1.403621678799391370e+00,1.091302439570426941e+00,9.114116430282592773e+00,-7.020104527473449707e+00,-4.983508586883544922e-01,-2.581183697536555410e-01,1.519510499234445200e-01,1.423361636901837590e+00,-8.833056003760328956e-01,-1.433673928173788914e+00,1.103626710501310226e+00,9.371822745338590721e+00,-6.954455416342509189e+00,-5.578385166068207113e-01
-2.647210974568122710e-01,1.331812728938455703e-01,1.439695704719901714e+00,-8.235218957066530177e-01,-1.472799592465162899e+00,1.083734318614006042e+00,9.415591955184936523e+00,-6.917791366577148438e+00,-7.568120956420898438e-01,-2.664782604653763154e-01,1.372677378355509903e-01,1.434365265873082995e+00,-7.882250217919111179e-01,-1.502860969912679368e+00,1.096625516527242272e+00,9.640338317601765183e+00,-6.877806924582407611e+00,-8.418928110932293318e-01
-2.719905479574197815e-01,1.177727229368681905e-01,1.450435206881643069e+00,-7.269450500607484988e-01,-1.540854995697737317e+00,1.073950216174125671e+00,9.657684564590454102e+00,-6.805540323257446289e+00,-9.784102439880371094e-01,-2.738743142138024833e-01,1.218969370702651656e-01,1.445284752793166039e+00,-6.905775815388714989e-01,-1.571113234661104086e+00,1.086807763751387323e+00,9.885229558247624837e+00,-6.766093244742044099e+00,-1.120263768093075818e+00
-2.782750052386516737e-01,1.016964716163272775e-01,1.461057360610843459e+00,-6.284457281231874415e-01,-1.607625132054091077e+00,1.062215372920036316e+00,9.849932193756103516e+00,-6.677013635635375977e+00,-1.173484325408935547e+00,-2.802820401611327283e-01,1.058498912963870553e-01,1.456092306213378595e+00,-5.905984926757834597e-01,-1.638037081787107496e+00,1.074257409912109829e+00,1.010670208984374518e+01,-6.610637658203127209e+00,-1.387473318359368601e+00
-2.835587811195844909e-01,8.496909760653922894e-02,1.471544283798814634e+00,-5.283775880932801705e-01,-1.672737400978804301e+00,1.048692318797111556e+00,1.000681400299072266e+01,-6.511226892471313477e+00,-1.352305412292480469e+00,-2.856792893640708320e-01,8.914222237353042200e-02,1.466761253521364772e+00,-4.885209257649929526e-01,-1.703149713731195281e+00,1.059114803677203565e+00,1.030495870289156812e+01,-6.402283429103563961e+00,-1.637719911198912248e+00
-2.878286970132583611e-01,6.761363720864006777e-02,1.481879257581115494e+00,-4.269915893673890683e-01,-1.735546039789915840e+00,1.033497378230094910e+00,1.013859987258911133e+01,-6.280863881111145020e+00,-1.519494056701660156e+00,-2.900462344990879515e-01,7.179484612915718045e-02,1.477266621167892646e+00,-3.845760397800519481e-01,-1.765874313764723258e+00,1.041579962479979304e+00,1.048019883841292632e+01,-6.131381390503448436e+00,-1.864869910147510135e+00
-2.910736378455156537e-01,4.966197574853845748e-02,1.492046798101545058e+00,-3.244940832257264818e-01,-1.795166146010161112e+00,1.016754052042961209e+00,1.024975061416625977e+01,-5.962010622024536133e+00,-1.674332618713378906e+00,-2.933653499226320238e-01,5.383493737872030449e-02,1.487585748102203453e+00,-2.789930181875814874e-01,-1.825535059609951105e+00,1.021915936398598346e+00,1.063261807053660135e+01,-5.787777530551098337e+00,-2.062448988645167347e+00
-2.932842759662860899e-01,3.115638120442576833e-02,1.502032941899181129e+00,-2.210638120770448412e-01,-1.850559454411268900e+00,9.986143797636033437e-01,1.034302711486816406e+01,-5.539330840110778809e+00,-1.813967227935791016e+00,-2.956213921180264603e-01,3.529694543029776588e-02,1.497698933276370603e+00,-1.719991102032689678e-01,-1.881352012921754913e+00,1.000452258078653678e+00,1.076240758908485695e+01,-5.360800578649036474e+00,-2.223633525711312231e+00
-2.944523573243612025e-01,1.214997228205151256e-02,1.511825278094888425e+00,-1.168081358075135912e-01,-1.900640892237425605e+00,9.792336195707322943e-01,1.042556762695312500e+01,-5.008143782615661621e+00,-1.938076019287109375e+00,-2.968013805808000227e-01,1.622366131510033505e-02,1.507590118079099817e+00,-6.381967722200188042e-02,-1.932435884630999023e+00,9.775884786990002295e-01,1.086975368215999715e+01,-4.839249591620010449e+00,-2.341242001619995072e+00
-2.945686086291068873e-01,-7.294223577082693116e-03,1.521411912224174268e+00,-1.162513047456681381e-02,-1.944419585913420567e+00,9.586634129285813710e-01,1.051830053329467773e+01,-4.377869367599487305e+00,-2.057020664215087891e+00,-2.968945791941882129e-01,-3.332662014761567093e-03,1.517247604559405438e+00,4.532175557786688458e-02,-1.977782676149567376e+00,9.537977899808331994e-01,1.095483721873089955e+01,-4.211381539873001678e+00,-2.407726393575102986e+00
-2.936171124601358318e-01,-2.710684242129380445e-02,1.530777503005147810e+00,9.514961689710677017e-02,-1.981261884421110953e+00,9.365590780973436225e-01,1.067747473716735840e+01,-3.684229850769042969e+00,-2.210433483123779297e+00,-2.958924781465482878e-01,-2.330913527987027445e-02,1.526664810300591313e+00,1.552034424561157255e-01,-2.016268196437057014e+00,9.296307322400115813e-01,1.101783313121955743e+01,-3.464898893569243299e+00,-2.415163571385549268e+00
-2.915628078156703995e-01,-4.722123719781692874e-02,1.539893946490169307e+00,2.054304644465452523e-01,-2.011439477652312124e+00,9.116443485021592519e-01,1.102808475494384766e+01,-3.017759323120117188e+00,-2.491472959518432617e+00,-2.937887764424284009e-01,-4.363100301706862583e-02,1.535841060804974179e+00,2.656053551581196714e-01,-2.046642454929129329e+00,9.057189884826351012e-01,1.105890989808763436e+01,-2.586937208788187448e+00,-2.355246693140506054e+00
-2.883551654541486875e-01,-6.758282662212905523e-02,1.548730088285089179e+00,3.207642361521726992e-01,-2.036158942431212093e+00,8.836141794919969428e-01,1.153337717056274414e+01,-2.471946477890014648e+00,-2.803016901016235352e+00,-2.905793650590339783e-01,-6.421035703161886987e-02,1.544782420249776411e+00,3.763091157881794935e-01,-2.067523930327525683e+00,8.827792645438627961e-01,1.107822902642298857e+01,-1.564052713693577346e+00,-2.219276600884604989e+00
-2.840283697122329976e-01,-8.811004269152937496e-02,1.557372383854270570e+00,4.326795741915708815e-01,-2.052721606940031585e+00,8.642295569181444037e-01,1.119153380393981934e+01,-1.656266450881958008e+00,-1.938462257385253906e+00,-2.862623107998297778e-01,-8.494479191657078321e-02,1.553502561474624066e+00,4.870979245087170284e-01,-2.077393715251734108e+00,8.616172552699847831e-01,1.107594453452625238e+01,-3.822098946993914836e-01,-1.998153216293129031e+00
-2.785975066447252679e-01,-1.086761802661424803e-01,1.565884796491742614e+00,5.430863067507749609e-01,-2.056613757461310144e+00,8.512412637472154264e-01,1.104067325592041016e+01,-3.892150521278381348e-01,-1.298829317092895508e+00,-2.808378408970226281e-01,-1.057160013979543400e-01,1.562023676061083499e+00,5.977564820653333832e-01,-2.074589536752328822e+00,8.431316967437354482e-01,1.105220243449733353e+01,9.732309173641056077e-01,-1.682366936347243547e+00
-2.720691564851994149e-01,-1.290912486764794476e-01,1.574246749601245332e+00,6.528350159525877494e-01,-2.041506841033697839e+00,8.361953109502794357e-01,1.097487092018127441e+01,1.510691642761230469e+00,-1.504595279693603516e+00,-2.743083284146623502e-01,-1.263883142644141588e-01,1.570377425364664070e+00,7.080709071377344621e-01,-2.057299652685957270e+00,8.283185045528640433e-01,1.100714021482198923e+01,2.517525961084368546e+00,-1.261990029009187220e+00
-2.644619300687308106e-01,-1.491612542647129391e-01,1.582482453278184265e+00,7.607226416468626518e-01,-2.007000558823347713e+00,8.235703676939012396e-01,1.078876256942749023e+01,3.450628221035003662e+00,-1.262494325637817383e+00,-2.666782785041055259e-01,-1.468071686399017306e-01,1.578605933359726432e+00,8.178286485165271458e-01,-2.023556623951997757e+00,8.182749981019448171e-01,1.094088632295836483e+01,4.266560458300572733e+00,-7.266680288974980417e-01
-2.557660767906899113e-01,-1.687038356366759584e-01,1.590646108291030369e+00,8.695853278040892587e-01,-1.954258137196303036e+00,8.163655012845995040e-01,1.088626861572265625e+01,5.274242162704467773e+00,-7.204866409301757812e-01,-2.579543155635808938e-01,-1.667975233580435424e-01,1.586762822157721464e+00,9.268183921058708030e-01,-1.971230962590867719e+00,8.142042109674374473e-01,1.085355964792352168e+01,6.236861027937576907e+00,-6.561113296219567292e-02
-2.459611850404734290e-01,-1.875453493225580637e-01,1.598803018680692078e+00,9.804891750216491175e-01,-1.884151368588209863e+00,8.156910389661791161e-01,1.109038472175598145e+01,7.010676860809326172e+00,-6.744623184204101562e-02,-2.481450000000000045e-01,-1.861619999999999941e-01,1.594915000000000083e+00,1.034828999999999999e+00,-1.898025000000000073e+00,8.174190000000000067e-01,1.074526999999999965e+01,8.445608000000000004e+00,7.324159999999999560e-01
-2.350487131053204115e-01,-2.055638178142911443e-01,1.607017875752330127e+00,1.091247193515301417e+00,-1.801846849173308174e+00,8.214857071638109742e-01,1.107580184936523438e+01,8.230451941490173340e+00,5.794668197631835938e-01,-2.372618271899460396e-01,-2.046822103237691814e-01,1.603139818636162728e+00,1.141527508059947627e+00,-1.802354883186788603e+00,8.288957491703433655e-01,1.057847565042403204e+01,1.064293832963887176e+01,1.543043400190143632e+00
-2.230430953228468294e-01,-2.225900443273788887e-01,1.615402746072888585e+00,1.200561778247356992e+00,-1.702622651308775659e+00,8.384870320558550638e-01,1.093145847320556641e+01,9.922419786453247070e+00,1.700132489204406738e+00,-2.253215947601006075e-01,-2.221403945975126970e-01,1.611517951008114791e+00,1.246083352602412209e+00,-1.686073309751405791e+00,8.478836445929027743e-01,1.031714379561223005e+01,1.256816785469183628e+01,2.234814745617377252e+00
-2.099483914846176358e-01,-2.383361621502048111e-01,1.624072122535586526e+00,1.309470383822918471e+00,-1.574611782282591577e+00,8.669376462697985231e-01,1.089086055755615234e+01,1.280108690261840820e+01,2.845061421394348145e+00,-2.123504142218960999e-01,-2.383440136264562137e-01,1.620118584122556271e+00,1.347563894286642583e+00,-1.551892102858368538e+00,8.731997708512870826e-01,9.963876312327222706e+00,1.422324805146636351e+01,2.808915880174351010e+00
-1.957968713068956590e-01,-2.525791112709051545e-01,1.633090451649308328e+00,1.415152017772198345e+00,-1.424294912070036556e+00,9.018329113721850199e-01,1.056816339492797852e+01,1.503168702125549316e+01,3.489526510238647461e+00,-1.983835878303144007e-01,-2.531275372233164900e-01,1.628999140904737297e+00,1.445064187603095851e+00,-1.402500055774072329e+00,9.036748149995725843e-01,9.521613393082571264e+00,1.561084143666667856e+01,3.266885404280833072e+00
-1.806653259569400982e-01,-2.652014906856423604e-01,1.642478423974395030e+00,1.513154534995556411e+00,-1.262237941473723035e+00,9.387972325086596515e-01,9.800251722335815430e+00,1.620569705963134766e+01,3.696432113647460938e+00,-1.834653143994835200e-01,-2.663521775559617444e-01,1.638205434256011950e+00,1.537710463121984894e+00,-1.240555581061202339e+00,9.381567126341407992e-01,8.993653364350622681e+00,1.673436964771812896e+01,3.610638376196876109e+00
-1.646560099446768011e-01,-2.761430766958004046e-01,1.652237696579575754e+00,1.600931601226330381e+00,-1.094158601015806864e+00,9.759272605180743243e-01,8.777706623077392578e+00,1.680793404579162598e+01,3.713002800941467285e+00,-1.676483593048789800e-01,-2.779055465829998184e-01,1.647771858757174357e+00,1.624663807923905967e+00,-1.068678878969899548e+00,9.755145309786462660e-01,8.383672504770384393e+00,1.759806152309156602e+01,3.842490013335968513e+00
-1.478714472526306278e-01,-2.853594693246489511e-01,1.662368408641696105e+00,1.678456269204617213e+00,-9.216392628848559809e-01,1.013071206212043940e+00,7.752466797828674316e+00,1.725193381309509277e+01,3.714394569396972656e+00,-1.509936866903083263e-01,-2.877012327692611282e-01,1.657721622387712035e+00,1.705124044212543488e+00,-8.894436250256871901e-01,1.014642588982116456e+00,7.695744863355396426e+00,1.820700118262772094e+01,3.965179393578199374e+00
-1.303928197050088778e-01,-2.928055482137209009e-01,1.672872676840901462e+00,1.747862754762173454e+00,-7.446078889071948703e-01,1.050426819920539989e+00,6.940648555755615234e+00,1.770313739776611328e+01,3.735561370849609375e+00,-1.335700518978565898e-01,-2.956782922731466812e-01,1.668067020631104569e+00,1.778333806109461346e+00,-7.053681768141362163e-01,1.054464814430186914e+00,6.934362077701541338e+00,1.856717610786160222e+01,3.981893156583424798e+00
-1.122632160359615106e-01,-2.984384436759358605e-01,1.683755314967513073e+00,1.812960366904736276e+00,-5.632895462214954074e-01,1.088263812661171004e+00,6.509761214256286621e+00,1.813183426856994629e+01,3.783699274063110352e+00,-1.154535521389772335e-01,-3.018006497978031888e-01,1.678809755336299503e+00,1.843582814630954747e+00,-5.189062999623219596e-01,1.093939338069459088e+00,6.104453192194990052e+00,1.868552522234681845e+01,3.896289205104408460e+00
-9.350797340512215228e-02,-3.022347883063560836e-01,1.695026595166802430e+00,1.875524263083935494e+00,-3.796344630420215305e-01,1.127128019928932190e+00,6.256389617919921875e+00,1.836550831794738770e+01,3.886420726776123047e+00,-9.672713342490024679e-02,-3.060564042980999933e-01,1.689941300705499971e+00,1.900212350846999243e+00,-3.324374133170024948e-01,1.132063324744999377e+00,5.211404476220011794e+00,1.856998697198000059e+01,3.712520406300003906e+00
-7.421356921136318396e-02,-3.042074034217006062e-01,1.706675059161067098e+00,1.929440419375897164e+00,-1.972615115344531767e-01,1.164846399426460177e+00,5.391615629196166992e+00,1.823729515075683594e+01,3.771837949752807617e+00,-7.748005177454253545e-02,-3.084570347353690067e-01,1.701443318778390168e+00,1.947619927222270730e+00,-1.482563533195695449e-01,1.167878041550964641e+00,4.261079242366853315e+00,1.822954740532516382e+01,3.435258293048296885e+00
-5.452182108402190558e-02,-3.044041042256361296e-01,1.718645172706723345e+00,1.969174812734127755e+00,-1.967008039355350180e-02,1.197011354565620245e+00,3.973439335823059082e+00,1.775914311408996582e+01,3.216495513916015625e+00,-5.780728671809692854e-02,-3.090365010718797434e-01,1.713288126782935850e+00,1.985264157139242647e+00,3.143734242224716091e-02,1.200474162994360050e+00,3.259837664639602117e+00,1.767428825393808012e+01,3.069716765259780544e+00
-3.456690199911531536e-02,-3.028981691452866665e-01,1.730872248790145118e+00,1.995491908490658606e+00,1.505935080349438127e-01,1.222707608342170627e+00,2.631709575653076172e+00,1.702635884284973145e+01,2.569625377655029297e+00,-3.780890511448015134e-02,-3.078502356970135856e-01,1.725439218722884416e+00,2.012669822603364800e+00,2.045506323659198600e-01,1.228997313171928951e+00,2.214556596664044363e+00,1.691543501269065786e+01,2.621675791190503091e+00
-1.446341996133264016e-02,-2.997795249003177842e-01,1.743299874118447557e+00,2.010348203778267617e+00,3.118644244968883927e-01,1.242762532830238298e+00,1.485629528760910034e+00,1.612709164619445801e+01,2.005492448806762695e+00,-1.758937330081863926e-02,-3.049740204771079766e-01,1.737851843572102428e+00,2.029433140130320723e+00,3.691086490689050592e-01,1.252653844960175622e+00,1.132649389895542313e+00,1.596540502009532148e+01,2.097505108755237657e+00
5.682399955988570728e-03,-2.951480269137030654e-01,1.755881477138877100e+00,2.014581991732121047e+00,4.631497986614696583e-01,1.258160302042961032e+00,4.233787953853607178e-01,1.512853741645812988e+01,1.539776921272277832e+00,2.743184407849041939e-03,-3.005027446209351805e-01,1.750473642445878886e+00,2.035227224815359115e+00,5.232668580266710556e-01,1.270716856218515600e+00,2.208571182688423562e-02,1.483785553862938400e+01,1.504187926840629963e+00
2.576735850930278807e-02,-2.891080357658868949e-01,1.768580183437943543e+00,2.008495855331421609e+00,6.039991147816173855e-01,1.269870629906654225e+00,-6.086136400699615479e-01,1.408493161201477051e+01,1.171032786369323730e+00,2.307778285047284994e-02,-2.945490385527855803e-01,1.763245347119322792e+00,2.029807752584712244e+00,6.653236973139673438e-01,1.282532443005562683e+00,-1.108588635803846145e+00,1.354773183505941248e+01,8.493446266183733995e-01
4.569462276756829089e-02,-2.817685118469601679e-01,1.781364057741046114e+00,1.992726425826550241e+00,7.339523918926709189e-01,1.278387430310249151e+00,-1.576942950487136841e+00,1.299532771110534668e+01,8.516800403594970703e-01,4.330143076531706159e-02,-2.872417789851214875e-01,1.776101542262992661e+00,2.013018820629083994e+00,7.937336980293423494e-01,1.287526189808544608e+00,-2.250231898805397535e+00,1.211131526076562714e+01,1.412564628583541371e-01
6.537634752452439746e-02,-2.732533331590896730e-01,1.794193075588822461e+00,1.968172475695610713e+00,8.515178687870496033e-01,1.282901784777641163e+00,-2.455395013093948364e+00,1.175654768943786621e+01,4.514354467391967773e-01,6.330004513053100190e-02,-2.787244603827697120e-01,1.788971493765884713e+00,1.984799006019223544e+00,9.071210855428981645e-01,1.285209896785849848e+00,-3.393086552325504712e+00,1.054627133206625444e+01,-6.111107347581712368e-01
8.472706027090616543e-02,-2.637188231351977330e-01,1.807000350377440556e+00,1.935071274638176630e+00,9.534510023891918928e-01,1.280727478861808599e+00,-3.310120105743408203e+00,1.019331336021423340e+01,-2.174305915832519531e-01,8.295942708178621894e-02,-2.691534280106204768e-01,1.801780045515910533e+00,1.945187622503574021e+00,1.004293861547296274e+00,1.275188544022708204e+00,-4.526759482643006649e+00,8.871697810541915530e+00,-1.398082860325440047e+00
1.036347366994626179e-01,-2.533853548097615982e-01,1.819689975849270835e+00,1.890767642855644803e+00,1.033346832543610816e+00,1.268962547183036582e+00,-4.430363178253173828e+00,7.989583015441894531e+00,-1.176493167877197266e+00,1.021663013887998961e-01,-2.586959677568000382e-01,1.814448587008000047e+00,1.894331175488000119e+00,1.084258366911999616e+00,1.257167492800000064e+00,-5.640202168959996598e+00,7.108172783360000579e+00,-2.209253830399998897e+00
1.219034392362839947e-01,-2.425371135923271859e-01,1.832091290316462562e+00,1.826870253682137069e+00,1.084824121743440006e+00,1.240131446719169306e+00,-6.389738917350769043e+00,5.147728919982910156e+00,-2.883110046386718750e+00,1.208094214725668469e-01,-2.475282479232843724e-01,1.826896094149956129e+00,1.832490015197596023e+00,1.146234325340762528e+00,1.230959923876201678e+00,-6.721690865193947317e+00,5.277802743599056434e+00,-3.033461882687557676e+00
1.394462452358014304e-01,-2.311919786113506015e-01,1.844121008566498743e+00,1.754280599951744568e+00,1.134513498097657447e+00,1.202971825003623652e+00,-7.258965373039245605e+00,4.968937635421752930e+00,-3.715962171554565430e+00,1.387807419451191349e-01,-2.358331081759220127e-01,1.839040245636194726e+00,1.760045188020570084e+00,1.189670367832368569e+00,1.196494512782457997e+00,-7.758806781769850502e+00,3.404270670573110280e+00,-3.858765874729822798e+00
1.561991494423158044e-01,-2.195198946002131224e-01,1.855757984063506116e+00,1.675290420651436296e+00,1.167208401113747795e+00,1.163697549700736689e+00,-7.899017930030822754e+00,3.269490301609039307e+00,-3.927427530288696289e+00,1.559766606536355793e-01,-2.237976908458335357e-01,1.850798617259502565e+00,1.677505486034209348e+00,1.214260037944601134e+00,1.153823342130786633e+00,-8.738416267412356220e+00,1.512884110156145212e+00,-4.672421582591351985e+00
1.720213233059651736e-01,-2.077429257261758644e-01,1.866940251222729774e+00,1.582217386364937362e+00,1.177696887403725912e+00,1.118226715922355341e+00,-9.307303428649902344e+00,1.048848628997802734e+00,-4.547083377838134766e+00,1.722993322107209124e-01,-2.116109097741544209e-01,1.862089956530940338e+00,1.585514694712922168e+00,1.219958277861469043e+00,1.103130050935418716e+00,-9.646650990937908787e+00,-3.693767448936533526e-01,-5.460857999546371744e+00
1.868720305091149669e-01,-1.960575445446377518e-01,1.877463197073817369e+00,1.485070720314979997e+00,1.168538118153809924e+00,1.052294585108756619e+00,-9.714666604995727539e+00,-9.158769249916076660e-01,-6.593213081359863281e+00,1.876580549926757935e-01,-1.994607518920898936e-01,1.872835539978027430e+00,1.484859038818359123e+00,1.206998395263671586e+00,1.044738220947265761e+00,-1.046888812304687555e+01,-2.213810974609380366e+00,-6.209653634765627039e+00
2.007444222396619349e-01,-1.845871541279559824e-01,1.887378342918038410e+00,1.387239173054695573e+00,1.147039041668176163e+00,9.915145844221111560e-01,-9.783154726028442383e+00,-2.149907648563385010e+00,-6.078000068664550781e+00,2.019707335875785548e-01,-1.875314067282493335e-01,1.882960615491334977e+00,1.376474826471614676e+00,1.175909511002299901e+00,9.791200000015197746e-01,-1.118973051811569697e+01,-3.989948851491156745e+00,-6.903512812003236299e+00
2.134599098688371166e-01,-1.735501018765574222e-01,1.896667489192366718e+00,1.271548762917519060e+00,1.103705225139855806e+00,9.289146274328228259e-01,-1.156904101371765137e+01,-4.333381652832031250e+00,-6.259995698928833008e+00,2.151654186749993869e-01,-1.760002190352264184e-01,1.892395932089621757e+00,1.261456291407503372e+00,1.127534487575798661e+00,9.069049623783870251e-01,-1.179298689598899763e+01,-5.665503760181689330e+00,-7.526241968283501116e+00
2.249756622141606821e-01,-1.631320972669130231e-01,1.905203551522374195e+00,1.151575234532356662e+00,1.041800460964440678e+00,8.536062330007549992e-01,-1.199735283851623535e+01,-6.190476417541503906e+00,-7.530839443206787109e+00,2.271819263191676153e-01,-1.650344597273940006e-01,1.901079359473642816e+00,1.141063633410919653e+00,1.063048338410156113e+00,8.288892061769520536e-01,-1.226165202377175767e+01,-7.206324117141932106e+00,-8.060725952587780796e+00
2.352697392827279577e-01,-1.534787781688576602e-01,1.912912843665957485e+00,1.029407706856728000e+00,9.653319098055356262e-01,7.709292143583295065e-01,-1.221675276756286621e+01,-7.646855115890502930e+00,-8.267701864242553711e+00,2.379735386574124978e-01,-1.547879103218815777e-01,1.908957599738761779e+00,1.016731256935271999e+00,9.839771179423411063e-01,7.460446877021704726e-01,-1.257788689762140599e+01,-8.576345290326614190e+00,-8.488904324541294955e+00
2.443253553336866002e-01,-1.447042127329116745e-01,1.919756422690033881e+00,9.055616050958636976e-01,8.774565435945981262e-01,6.843579024076459350e-01,-1.238461017608642578e+01,-8.787536621093750000e+00,-8.657131195068359375e+00,2.475087879656999723e-01,-1.453972560747001652e-01,1.915987993616500074e+00,8.900762079029989060e-01,8.922172925069995486e-01,6.595287928650001019e-01,-1.272299892454000947e+01,-9.737541518860020062e+00,-8.791747653100003390e+00
2.521347345834977771e-01,-1.368938264551764483e-01,1.925716460249304651e+00,7.809379249811175816e-01,7.810386277735227312e-01,5.960037559270856544e-01,-1.246236801147460938e+01,-9.641791582107543945e+00,-8.835414648056030273e+00,2.557733260830835076e-01,-1.369782830039860955e-01,1.922140423615151361e+00,7.629068086881601873e-01,7.900555920263601095e-01,5.706941455956533460e-01,-1.267742210416633775e+01,-1.064987783271148203e+01,-8.949233815237404244e+00
2.587044669216878590e-01,-1.301080549883848192e-01,1.930789897910237141e+00,6.569732338190081844e-01,6.785771466791623574e-01,5.073437660932538229e-01,-1.239646911621093750e+01,-1.024614810943603516e+01,-8.865998983383178711e+00,2.627718811768923746e-01,-1.296218739923292729e-01,1.927399316429595499e+00,6.372314912811150034e-01,6.801893425034339913e-01,4.810986532699971785e-01,-1.242069721056809506e+01,-1.127126197237105032e+01,-8.940324294631425417e+00
2.640607736235864311e-01,-1.243857733163243329e-01,1.934985869250178236e+00,5.356306701898577716e-01,5.722281672060482993e-01,4.195971339941022005e-01,-1.213425636291503906e+01,-1.063489794731140137e+01,-8.774663209915161133e+00,2.685303038304765466e-01,-1.233897991601511646e-01,1.931765746990442345e+00,5.152678286352556647e-01,5.657472793183915272e-01,3.925157891490606565e-01,-1.193145197403395663e+01,-1.155749630852518095e+01,-8.742940480351206745e+00
2.682570017999417744e-01,-1.197432510036235964e-01,1.938327982357621160e+00,4.196228176355364936e-01,4.642522312700742004e-01,3.342113107442852837e-01,-1.160078525543212891e+01,-1.079759359359741211e+01,-8.538582324981689453e+00,2.730977044353290473e-01,-1.183102957021052587e-01,1.935259646522634380e+00,3.994517641958601484e-01,4.503108413282590483e-01,3.069451118317036986e-01,-1.118738126286576851e+01,-1.146222976173222463e+01,-8.333939965543979866e+00
2.713814315325028814e-01,-1.161677314642077657e-01,1.940860002896666492e+00,3.124429732561114226e-01,3.575519539415830117e-01,2.532020539045330976e-01,-1.071798443794250488e+01,-1.067002773284912109e+01,-8.100925683975219727e+00,2.765486838694085070e-01,-1.143734323784633133e-01,1.937922116983644472e+00,2.924470396109847270e-01,3.379359457697965752e-01,2.266230217203916153e-01,-1.016522726517064079e+01,-1.093690972209814660e+01,-7.689092846121888591e+00
2.735606821602590277e-01,-1.136082635748392328e-01,1.942652134052395674e+00,2.179250627756121328e-01,2.559467889368527982e-01,1.792131155729290715e-01,-9.451791048049926758e+00,-1.016051650047302246e+01,-7.398893833160400391e+00,2.789856594434790282e-01,-1.115262538534564501e-01,1.939817854251394635e+00,1.971548206244534418e-01,2.331752439656562537e-01,1.540337545001164710e-01,-8.840759670653158153e+00,-9.930733968952150548e+00,-6.783058019448842124e+00
2.749578818804033209e-01,-1.119651841971284201e-01,1.943806978187441636e+00,1.397199720144274293e-01,1.643079377710813249e-01,1.154844135046002168e-01,-7.820509076118469238e+00,-9.163885116577148438e+00,-6.372870206832885742e+00,2.805412880972925627e-01,-1.096677000725391760e-01,1.941037682432030564e+00,1.167235211509247694e-01,1.411008578337638042e-01,9.192061163044651373e-02,-7.188755852407405555e+00,-8.390602590522224347e+00,-5.589359483027372733e+00
2.757662284797437469e-01,-1.110774147588020622e-01,1.944464984587311651e+00,8.083465993404412298e-02,8.877694383263527722e-02,6.580063998699156591e-02,-5.888531208038330078e+00,-7.553099393844604492e+00,-4.968377351760864258e+00,2.813809888274304005e-01,-1.086432958705418339e-01,1.941701201657683118e+00,5.455882553303315063e-02,6.732759719995473624e-02,4.329742785069568001e-02,-5.182981048709217831e+00,-6.261069903610909648e+00,-4.080362633185401933e+00
2.761957597857720992e-01,-1.107095426622039247e-01,1.944798668644308837e+00,4.295313060283684897e-02,3.678720965981423230e-02,3.336840569972960441e-02,-3.788152933120727539e+00,-5.198973417282104492e+00,-3.243223428726196289e+00,2.817055663286274769e-01,-1.082396060026817458e-01,1.941959551744345092e+00,1.433390898061337460e-02,1.803665791385689054e-02,1.146027569824870085e-02,-2.796168544808230294e+00,-3.484296373270767688e+00,-2.227250563763165658e+00
