2.729263002848624775e-01,1.285230931711197067e-01,1.481763629951477201e-01,4.913002848625182967e-02,-1.171906828880310142e-01,-1.777637004852294922e-01,4.913002848625183105e+00,-1.171906828880310059e+01,-1.777637004852294922e+01,2.724007348839633247e-01,1.297266789126629571e-01,1.500033755667147528e-01,-1.020285668710768819e-02,9.398855179736835888e-03,1.467946452579824493e-02,-2.009905959690912347e+00,1.837914602575001499e+00,2.882681169932987508e+00
2.729652091240882261e-01,1.284875621271133472e-01,1.475023793020248664e-01,3.890883922576901521e-03,-3.553104400634776727e-03,-6.739836931228637695e-02,-4.523914456367492676e+00,1.136375784873962402e+01,1.103653311729431152e+01,2.721670106392454214e-01,1.299400747413354262e-01,1.503383768843829515e-01,-3.958554929610796913e-02,3.592850090968550264e-02,5.659670770438054305e-02,-3.836051160533191062e+00,3.426907797032051395e+00,5.448306064578803287e+00
2.727869657552241534e-01,1.287769561779499028e-01,1.475909980275631195e-01,-1.782433688640594829e-02,2.893940508365629855e-02,8.861872553825381194e-03,-2.171522080898284912e+00,3.249250948429107666e+00,7.626024186611175537e+00,2.721670106392454214e-01,1.299400747413354262e-01,1.503383768843829515e-01,-3.958554929610796913e-02,3.592850090968550264e-02,5.659670770438054305e-02,-3.836051160533191062e+00,3.426907797032051395e+00,5.448306064578803287e+00
2.727336920624970906e-01,1.288944172036647906e-01,1.479551800527572902e-01,-5.327369272708895598e-03,1.174610257148741427e-02,3.641820251941681186e-02,1.249696761369705200e+00,-1.719330251216888428e+00,2.755632996559143066e+00,2.703890119475829135e-01,1.315233586009985911e-01,1.528604437036077957e-01,-1.485604018762219647e-01,1.305664024927682410e-01,2.096067765777243908e-01,-6.940030274086093520e+00,5.877596398337638028e+00,9.648101886092900870e+00
2.717344999885558665e-01,1.300535157692432608e-01,1.498400084116459086e-01,-9.991920739412307739e-02,1.159098565578460527e-01,1.884828358888626099e-01,-9.459183812141418457e+00,1.041637539863586426e+01,1.520646333694458008e+01,2.685343202300460863e-01,1.331384072126937657e-01,1.554675832357015619e-01,-2.245114928451094061e-01,1.938976515005625123e-01,3.145634588525937914e-01,-8.220189407850625685e+00,6.750300573129999648e+00,1.129360938108624879e+01
2.698628381317853542e-01,1.319521051418781621e-01,1.530299737491607748e-01,-1.871661856770515664e-01,1.898589372634887362e-01,3.189965337514877319e-01,-8.724697828292846680e+00,7.394908070564270020e+00,1.305136978626251221e+01,2.658591019684334866e-01,1.354265951617807662e-01,1.592016306969419315e-01,-3.123672530616846688e-01,2.648161576533403783e-01,4.344977974737173065e-01,-9.321280477453267821e+00,7.396146857172441358e+00,1.264478897380757516e+01
2.670678503787516922e-01,1.345640876066684921e-01,1.575398767330646599e-01,-2.794987753033638112e-01,2.611982464790343905e-01,4.509902983903885110e-01,-9.233258962631225586e+00,7.133930921554565430e+00,1.319937646389007568e+01,2.622532305862068647e-01,1.384525644286833668e-01,1.641977646326422680e-01,-4.103471544275139049e-01,3.410872744270366241e-01,5.665023075538604402e-01,-1.024540088857034625e+01,7.822018642338890437e+00,1.370891237012379271e+01
2.632766462689637432e-01,1.379214494001865521e-01,1.634374589958191015e-01,-3.791204109787941201e-01,3.357361793518066073e-01,5.897582262754440530e-01,-9.962163567543029785e+00,7.453793287277221680e+00,1.387679278850555420e+01,2.576242731397982988e-01,1.422589644854917457e-01,1.705624637274905098e-01,-5.166936850225889444e-01,4.205481349898403942e-01,7.077456536581898661e-01,-1.099505999225897135e+01,8.035392306996428147e+00,1.449394235771207562e+01
2.584177048182486613e-01,1.420555391085147889e-01,1.707935889103412708e-01,-4.858941450715065224e-01,4.134089708328246848e-01,7.356129914522171465e-01,-1.067737340927124023e+01,7.767279148101806641e+00,1.458547651767730713e+01,2.576242731397982988e-01,1.422589644854917457e-01,1.705624637274905098e-01,-5.166936850225889444e-01,4.205481349898403942e-01,7.077456536581898661e-01,-1.099505999225897135e+01,8.035392306996428147e+00,1.449394235771207562e+01
2.531531020826100487e-01,1.460918489766120931e-01,1.786766558327674836e-01,-5.264602735638618247e-01,4.036309868097305298e-01,7.883066922426223977e-01,-4.056612849235534668e+00,-9.777984023094177246e-01,5.269370079040527344e+00,2.518972392074522171e-01,1.468672001253888970e-01,1.783743033144700452e-01,-6.296765741905829827e-01,5.011136970208286412e-01,8.554796987142890830e-01,-1.157320021124649934e+01,8.044360206745476916e+00,1.500856042444238980e+01
2.470391944921015992e-01,1.507309550416469635e-01,1.877713866868019055e-01,-6.113907590508460554e-01,4.639106065034866444e-01,9.094730854034424050e-01,-8.493048548698425293e+00,6.027961969375610352e+00,1.211663931608200073e+01,2.450142864708999835e-01,1.522782408898000206e-01,1.876848237537999953e-01,-7.475972288870000870e-01,5.807830174359999154e-01,1.007046829105999963e+00,-1.198321816622000036e+01,7.857653665159998191e+00,1.526219437675999657e+01
2.398746123439072786e-01,1.561543735933303978e-01,1.983211908378600952e-01,-7.164582148194312827e-01,5.423418551683425459e-01,1.054980415105819747e+00,-1.050674557685852051e+01,7.843124866485595703e+00,1.455073297023773193e+01,2.369343808772391424e-01,1.584734943923394590e-01,1.985194734437328301e-01,-8.687933812902194353e-01,6.576457570217110193e-01,1.159887555951085947e+00,-1.222898580211572117e+01,7.484665964527680515e+00,1.526504595806796694e+01
2.315412657237052030e-01,1.623838438165187970e-01,2.104248600044250350e-01,-8.333346620202064514e-01,6.229470223188400269e-01,1.210366916656494096e+00,-1.168764472007751465e+01,8.060516715049743652e+00,1.553865015506744385e+01,2.276329092683870847e-01,1.654157458386290303e-01,2.108786292250478256e-01,-9.916439476754350668e-01,7.298889149755145578e-01,1.311548392562724707e+00,-1.231487151440854966e+01,6.935475336590130269e+00,1.502811846710967814e+01
2.219511959379910637e-01,1.693846050572395401e-01,2.241281529107093662e-01,-9.590069785714149253e-01,7.000761240720748679e-01,1.370329290628433228e+00,-1.256723165512084961e+01,7.712910175323486328e+00,1.599623739719390869e+01,2.171012423654813117e-01,1.730501660410616593e-01,2.247386969410787583e-01,-1.114574098551488923e+00,7.958037933544003240e-01,1.459690008094823188e+00,-1.224576127540147397e+01,6.220867953283065965e+00,1.456324437635136171e+01
2.110250041162966828e-01,1.770972597968578366e-01,2.394558043518066337e-01,-1.092619182169437320e+00,7.712654739618300948e-01,1.532765144109725863e+00,-1.336122035980224609e+01,7.118934988975524902e+00,1.624358534812927246e+01,2.053462459955965880e-01,1.813053902275844065e-01,2.400532949151135687e-01,-1.236060540060599511e+00,8.537931914304361936e-01,1.602095657371158444e+00,-1.202707976051505057e+01,5.352360917476517876e+00,1.388311295036457871e+01
1.986851484304665572e-01,1.854465090703964203e-01,2.564210875072479023e-01,-1.233985568583011450e+00,8.349249273538589255e-01,1.696528315544128418e+00,-1.413663864135742188e+01,6.365945339202880859e+00,1.637631714344024658e+01,1.782678918483691088e-01,1.993171003458858170e-01,2.747543207108283925e-01,-1.468899964952379511e+00,9.402090053232884381e-01,1.861497517062618678e+00,-1.116552187811102570e+01,3.203508898957720952e+00,1.193228482181365102e+01
1.838748673772810927e-01,1.950584872734546504e-01,2.760672655143737719e-01,-1.481028105318546118e+00,9.611978203058242354e-01,1.964617800712585405e+00,-2.470425367355346680e+01,1.262728929519653320e+01,2.680894851684570312e+01,1.630305754351799030e-01,2.088589251881292630e-01,2.939459149554305983e-01,-1.577514529064449000e+00,9.660664736640396377e-01,1.974752900510468256e+00,-1.053637851362755384e+01,1.950059693318767051e+00,1.069149917436196340e+01
1.671582789844273664e-01,2.051547253501415091e-01,2.975348609127998478e-01,-1.671658839285373510e+00,1.009623807668685869e+00,2.146759539842605591e+00,-1.906307339668273926e+01,4.842598736286163330e+00,1.821417391300201416e+01,1.467406386309109967e-01,2.185949217962787072e-01,3.142053638696986617e-01,-1.679220586908094059e+00,9.788765648129069685e-01,2.074809456713060829e+00,-9.785172131911929583e+00,5.965483708073059388e-01,9.295333538671748386e+00
1.489163186824321028e-01,2.155251587998866791e-01,3.202655401268005297e-01,-1.824196030199527474e+00,1.037043344974517778e+00,2.273067921400070190e+00,-1.525371909141540527e+01,2.741953730583190918e+00,1.263083815574645996e+01,1.294731317901585688e-01,2.283898683336589297e-01,3.353931957743961911e-01,-1.772839137989653313e+00,9.777155262110502898e-01,2.160199482714516783e+00,-8.920337818314507672e+00,-8.415084499322498246e-01,7.761175415578965620e+00
1.295314470654725381e-01,2.260649035048484523e-01,3.437497243025302573e-01,-1.938487161695956917e+00,1.053974470496177540e+00,2.348418417572974981e+00,-1.142911314964294434e+01,1.693112552165985107e+00,7.535049617290496826e+00,1.113144625151999412e-01,2.381000956543999902e-01,3.573561482624000307e-01,-1.857278842368000005e+00,9.618190967040001205e-01,2.229634240063999240e+00,-7.950976119039996348e+00,-2.347725274880002821e+00,6.107434808319988306e+00
1.094592167115210901e-01,2.366436920125782328e-01,3.675603262820243411e-01,-2.007223035395145239e+00,1.057878850772976831e+00,2.381060197949409485e+00,-6.873587369918823242e+00,3.904380276799201965e-01,3.264178037643432617e+00,9.236148542532077177e-02,2.475751260444287172e-01,3.799290094291765119e-01,-1.931542780894532019e+00,9.305913102491130129e-01,2.282014317931631453e+00,-6.886874167436928929e+00,-3.904824743900439987e+00,4.353571840914148616e+00
8.886058388411993691e-02,2.470209302452206490e-01,3.914907660820483581e-01,-2.059863282740115764e+00,1.037723823264241174e+00,2.393043980002403259e+00,-5.264024734497070312e+00,-2.015502750873565674e+00,1.198378205299377441e+00,7.272052326742722839e-02,2.566594011490719307e-01,4.029365641153375144e-01,-1.994735426716057969e+00,8.836135295304314852e-01,2.316440272408236911e+00,-5.738526810287105206e+00,-5.494614640002190242e+00,2.520124376546155176e+00
6.805371156096454155e-02,2.568306594227254269e-01,4.153288122453688835e-01,-2.080687232315539870e+00,9.809729177504777908e-01,2.383804616332054316e+00,-2.082394957542419434e+00,-5.675090551376342773e+00,-9.239363670349121094e-01,5.250631725531618166e-02,2.651941013863448049e-01,4.261956479231112649e-01,-2.046069828040576688e+00,8.206537094809408517e-01,2.332223541988907467e+00,-4.517157734095081700e+00,-7.097964898597854955e+00,6.287356359487336066e-01
4.712933929026122404e-02,2.656831811589002723e-01,4.389675100781916806e-01,-2.092437227070331307e+00,8.852521736174822076e-01,2.363869783282280146e+00,-1.174999475479125977e+00,-9.572074413299560547e+00,-1.993483304977416992e+00,3.184090452497190249e-02,2.730190591449993542e-01,4.495173117685691278e-01,-2.084875002165952118e+00,7.416758907122323885e-01,2.328897639240400164e+00,-3.234740591377612606e+00,-8.694784616763808316e+00,-1.297818184214943216e+00
2.545583331346507744e-02,2.737377221097052060e-01,4.623564923443793662e-01,-2.167350597679614577e+00,8.054540950804949251e-01,2.338898226618766785e+00,-7.491337060928344727e+00,-7.979807853698730469e+00,-2.497155666351318359e+00,1.085242059326169128e-02,2.799747680664061988e-01,4.727090997314452592e-01,-2.110603540771483821e+00,6.468499228515618427e-01,2.306229618652342772e+00,-1.904020126953120950e+00,-1.026399906250000527e+01,-3.235600292968754843e+00
3.277688307166064241e-03,2.809589827355742364e-01,4.852910502293109052e-01,-2.217814500629901264e+00,7.221260625869035943e-01,2.293455788493156344e+00,-5.046390295028686523e+00,-8.332803249359130859e+00,-4.544243812561035156e+00,-1.032617529259760580e-02,2.859044907093440946e-01,4.955774429643873269e-01,-2.122839426472369784e+00,5.365614177863249346e-01,2.264231820672288009e+00,-5.385333042311850615e-01,-1.178352668398981073e+01,-5.159485686641079205e+00
-1.903804168343546654e-02,2.871851835136115527e-01,5.076191256084441328e-01,-2.231572999060153162e+00,6.226200778037309647e-01,2.232807537913322538e+00,-1.375849843025207520e+00,-9.950598478317260742e+00,-6.064825057983398438e+00,-3.155845402743356898e-02,2.906564668967708265e-01,5.179301724234766091e-01,-2.121306060637064839e+00,4.114219328159107181e-01,2.203173891924572914e+00,8.473695684980379061e-01,-1.323025611885976183e+01,-7.043133530482265314e+00
-4.121569167315962401e-02,2.922490553331374974e-01,5.292315156199931536e-01,-2.217764998972415302e+00,5.063871819525956885e-01,2.161239001154899864e+00,1.380800008773803711e+00,-1.162328958511352539e+01,-7.156853675842285156e+00,-5.270595185499971080e-02,2.940862250436507286e-01,5.395791531818564524e-01,-2.105874502467534715e+00,2.722793837109805382e-01,2.123595081613020241e+00,2.238503711774321836e+00,-1.458002320343941882e+01,-8.858959540282175027e+00
-6.308783018827440747e-02,2.959487517137825430e-01,5.500225333609580769e-01,-2.187213851511477625e+00,3.699696380645036697e-01,2.079101774096489219e+00,3.055114746093750000e+00,-1.364175438880920410e+01,-8.213722705841064453e+00,-7.362968902197314369e-02,2.960589987649104859e-01,5.603430430883060698e-01,-2.076571919342403927e+00,1.202286876801398063e-01,2.026316814107441466e+00,3.618828748677881180e+00,-1.580758798202117354e+01,-1.057810836398765986e+01
-8.457638396561147076e-02,2.981071685400605298e-01,5.698829208948612557e-01,-2.148855377733706717e+00,2.158416826277971268e-01,1.986038753390312550e+00,3.835847377777099609e+00,-1.541279554367065430e+01,-9.306302070617675781e+00,-9.419177399170003406e-02,2.964522510625998697e-01,5.800501785325998805e-01,-2.033590248422999291e+00,-4.337736375600115962e-02,1.912455537713999787e+00,4.971427578540004610e+00,-1.688661171612000089e+01,-1.217042596332002979e+01
-1.055878391587734277e-01,2.985820040141046183e-01,5.886578193941116588e-01,-2.101145519316195642e+00,4.748354740440843824e-02,1.877489849925041643e+00,4.770985841751098633e+00,-1.683581352233886719e+01,-1.085489034652709961e+01,-1.142570953303140291e-01,2.951583083913295047e-01,5.985415900794874844e-01,-1.977295069522284621e+00,-2.169170019833376595e-01,1.783435849629353420e+00,6.278485250653460525e+00,-1.778963389373336668e+01,-1.360443199539248482e+01
-1.259730778211355096e-01,2.972274400216340928e-01,6.061457115151882569e-01,-2.038523866236209070e+00,-1.354563992470503020e-01,1.748789212107658919e+00,6.262165307998657227e+00,-1.829399466514587402e+01,-1.287006378173828125e+01,-1.336951033778596698e-01,2.920871069010608223e-01,6.156741507331365826e-01,-1.908234689236697035e+00,-3.984881486054044353e-01,1.641003897078675777e+00,7.521267837983141469e+00,-1.848804923860091520e+01,-1.484729219432778358e+01
-1.455754435682296566e-01,2.939172860194742554e-01,6.221700046696663211e-01,-1.960236574709414592e+00,-3.310154002159834130e-01,1.602429315447807756e+00,7.828729152679443359e+00,-1.955590009689331055e+01,-1.463598966598510742e+01,-1.523816838170488075e-01,2.871690531563213522e-01,6.313238595938729381e-01,-1.827149436340866018e+00,-5.858968528470905879e-01,1.487241054637449045e+00,8.680101310876512599e+00,-1.895208471946437712e+01,-1.586479075287551410e+01
-1.642757709795236443e-01,2.885763059255480600e-01,6.366172180511951995e-01,-1.870032741129397547e+00,-5.340980093926191996e-01,1.444721338152885837e+00,9.020383358001708984e+00,-2.030826091766357422e+01,-1.577079772949218750e+01,-1.702011252522770968e-01,2.803580016309202838e-01,6.453892636690593543e-01,-1.734981168445239863e+00,-7.766454990509652490e-01,1.324577877737129983e+00,9.734350410774244011e+00,-1.915077655932734046e+01,-1.662130270402968790e+01
-1.819933609688281773e-01,2.811762807552516397e-01,6.494237318077088483e-01,-1.771758998930453410e+00,-7.400025170296431476e-01,1.280651375651360002e+00,9.827374219894409180e+00,-2.059045076370239258e+01,-1.640699625015258789e+01,-1.870481829115335781e-01,2.716343512772373403e-01,6.577950205999484323e-01,-1.632882989916607963e+00,-9.679207842661903261e-01,1.155808332354591350e+00,1.066239752392063700e+01,-1.905194724471501289e+01,-1.707976630264628071e+01
-1.986678428524732420e-01,2.717210099470615536e-01,6.605551781394483069e-01,-1.667448188364504924e+00,-9.455270808190108234e-01,1.113144633173942966e+00,1.043108105659484863e+01,-2.055245637893676758e+01,-1.675067424774169922e+01,-2.028302405838282030e-01,2.610082634691601733e-01,6.684956050663516391e-01,-1.522229181061495185e+00,-1.156581465930031971e+00,9.841043008854466478e-01,1.144162155507424572e+01,-1.862218253493414721e+01,-1.720165540706059915e+01
-2.142458515191077995e-01,2.602388276417553770e-01,6.699977709689142191e-01,-1.557800866663455075e+00,-1.148218230530619666e+00,9.442592829465870086e-01,1.096473217010498047e+01,-2.026911497116088867e+01,-1.688853502273559570e+01,-2.174695729047677606e-01,2.485230036177428492e-01,6.774791616309578934e-01,-1.404625338572478954e+00,-1.339145879641992165e+00,8.130303642011370568e-01,1.204837680121844024e+01,-1.782680847133268287e+01,-1.694695186070489612e+01
-2.286765322858094751e-01,2.467839406874776098e-01,6.777601451017858381e-01,-1.443068076670168898e+00,-1.345488695427775383e+00,7.762374132871632249e-01,1.147327899932861328e+01,-1.972704648971557617e+01,-1.680218696594238281e+01,-2.309057101029110548e-01,2.342584087586603858e-01,6.847715067851442017e-01,-1.281918727237391531e+00,-1.511779227030496608e+00,6.465588598899032480e-01,1.245797182527176616e+01,-1.662986838655975319e+01,-1.627411787372571439e+01
-2.419128885591029510e-01,2.314437392686307660e-01,6.838810488023759904e-01,-1.323635627329348585e+00,-1.534020141884684607e+00,6.120903700590137886e-01,1.194324493408203125e+01,-1.885314464569091797e+01,-1.641470432281494141e+01,-2.430979073195290718e-01,2.183344834105344079e-01,6.904402829581132162e-01,-1.156208842911396140e+00,-1.670280633712219798e+00,4.890852166815446433e-01,1.264464832979867559e+01,-1.499409991382529483e+01,-1.514006840460148950e+01
-2.539159313911198979e-01,2.143500286859274240e-01,6.884395626523496237e-01,-1.200304283201693467e+00,-1.709371058270335197e+00,4.558513849973682697e-01,1.233313441276550293e+01,-1.753509163856506348e+01,-1.562389850616455078e+01,-2.540279999999999760e-01,2.009150000000000102e-01,6.945989999999999664e-01,-1.029857999999999940e+00,-1.810070000000000068e+00,3.454439999999999733e-01,1.258155999999999963e+01,-1.288091200000000036e+01,-1.350014200000000031e+01
-2.646558565521239803e-01,1.956905604709685276e-01,6.915613771119119013e-01,-1.073992516100405581e+00,-1.865946821495890529e+00,3.121814459562305411e-01,1.263117671012878418e+01,-1.565757632255554199e+01,-1.436699390411376953e+01,-2.637007927123916629e-01,1.822091098464491410e-01,6.974095750587666620e-01,-9.050300291322390667e-01,-1.927278707839553018e+00,2.197193268341382233e-01,1.238386717368879708e+01,-1.058330501482896935e+01,-1.167112603831170681e+01
-2.740844403082131620e-01,1.756872290071845588e-01,6.933738000729084971e-01,-9.428583756089199408e-01,-2.000333146378397764e+00,1.812422960996631638e-01,1.311341404914855957e+01,-1.343863248825073242e+01,-1.309391498565673828e+01,-2.721352073063782462e-01,1.624437689408376184e-01,6.990517278759222908e-01,-7.821840981825669559e-01,-2.022184190053696984e+00,1.114976395849444912e-01,1.218514060798714205e+01,-8.420118672384692360e+00,-9.999252693392287838e+00
-2.820601545298098700e-01,1.545533104424179072e-01,6.939015629329682300e-01,-7.975714221596706954e-01,-2.113391856476664277e+00,5.277628600597419894e-02,1.452869534492492676e+01,-1.130587100982666016e+01,-1.284660100936889648e+01,-2.793511171675419624e-01,1.418353041250294821e-01,6.996926615696645868e-01,-6.613309503977040649e-01,-2.096125887399367116e+00,1.921674769011966211e-02,1.198529267379716323e+01,-6.390367520908256438e+00,-8.482627119228443036e+00
-2.884951560372113200e-01,1.325938090753555898e-01,6.932271139361859680e-01,-6.435001507401455489e-01,-2.195950136706232847e+00,-6.744489967822990539e-02,1.540712714195251465e+01,-8.255828022956848145e+00,-1.202211856842041016e+01,-2.853685081535453083e-01,1.205867003824592082e-01,6.994840569341396197e-01,-5.424824039933052733e-01,-2.150432398672154743e+00,-5.866513249350852055e-02,1.178419551423815648e+01,-4.492866828591518313e+00,-7.119060106914614217e+00
-2.936288096928595381e-01,1.101975995261967878e-01,6.917680761256219668e-01,-5.133653655648220404e-01,-2.239620954915880979e+00,-1.459037810564037252e-01,1.301347851753234863e+01,-4.367081820964813232e+00,-7.845888137817382812e+00,-2.902074914044288634e-01,9.888771940087738577e-02,6.985622914938874883e-01,-4.256517691975469919e-01,-2.186419434166859688e+00,-1.236663539282499835e-01,1.158167809149437488e+01,-2.726221835785628045e+00,-5.906052058090001111e+00
-2.975497105294464539e-01,8.753767423301941908e-02,6.897788783648015620e-01,-3.920900836586941329e-01,-2.265992529317736537e+00,-1.989197760820384797e-01,1.212752819061279297e+01,-2.637157440185546875e+00,-5.301599502563476562e+00,-2.938883204710023844e-01,7.691503913788029501e-02,6.970486895972326513e-01,-3.108542948262391636e-01,-2.205387661660124898e+00,-1.772786548681851704e-01,1.137752323366280294e+01,-1.088817007209607723e+00,-4.840776958375629491e+00
-3.002229713523386079e-01,6.470808932527906399e-02,6.873813799657823020e-01,-2.673260822892178368e-01,-2.282958490774035454e+00,-2.397498399019237225e-01,1.247640013694763184e+01,-1.696596145629882812e+00,-4.083006381988525391e+00,-2.964314130566446659e-01,5.483241546400319244e-02,6.950498051512769004e-01,-1.981076443894592698e-01,-2.208620444915160075e+00,-2.209638145661679820e-01,1.117146468160094663e+01,4.211947158410804803e-01,-3.920066350811399758e+00
-3.016361839050052396e-01,4.184488954737788924e-02,6.846630722024442672e-01,-1.413212552666653354e-01,-2.286319977790117086e+00,-2.718307763338084770e-01,1.260048270225524902e+01,-3.361487016081809998e-01,-3.208093643188476562e+00,-2.978573776678276053e-01,3.279086695815569552e-02,6.926577386011496529e-01,-8.743240172970845325e-02,-2.197381474708545834e+00,-2.561501487152004763e-01,1.096318413577461826e+01,1.805902663285957388e+00,-3.140393309293161295e+00
-3.018820807361600744e-01,1.908418546959764553e-02,6.817665427365304787e-01,-2.458968311548125063e-02,-2.276070407778024496e+00,-2.896529465913768586e-01,1.167315721511840820e+01,1.024957001209259033e+00,-1.782217025756835938e+00,-2.981870454686789684e-01,1.092888393017815707e-02,6.899504897561736794e-01,2.114739380841257343e-02,-2.172912292379129084e+00,-2.842288446241771904e-01,1.075230830310571228e+01,3.067649184050994293e+00,-2.497856412009733518e+00
-3.010771246725318928e-01,-3.545498211234739128e-03,6.787936361172201005e-01,8.049560636282075687e-02,-2.262968368083238424e+00,-2.972906619310374809e-01,1.050852894783020020e+01,1.310203969478607178e+00,-7.637715339660644531e-01,-2.974415076348999598e-01,-1.062733725469997004e-02,6.869923480655999448e-01,1.276036826769999522e-01,-2.136429705899000275e+00,-3.065501361279999726e-01,1.053840594381999907e+01,4.209040393859995177e+00,-1.988163714880000654e+00
-2.992693735086915940e-01,-2.595633682265870504e-02,6.757946953811647672e-01,1.807751163840304875e-01,-2.241083861142396660e+00,-2.998940736055369927e-01,1.002795100212097168e+01,2.188450694084167480e+00,-2.603411674499511719e-01,-2.956421585023522036e-01,-3.176363347472344056e-02,6.838343219465715661e-01,2.319037908921259827e-01,-2.089123098466558748e+00,-3.244193182320644908e-01,1.032098491829490783e+01,5.232956923026053531e+00,-1.606616724989947897e+00
-2.964663035744426467e-01,-4.801649868890635331e-02,6.727945596911909520e-01,2.803069934248935136e-01,-2.206016186624764952e+00,-3.000135689973826847e-01,9.953187704086303711e+00,3.506767451763153076e+00,-1.194953918457031250e-02,-2.928107448056295747e-01,-5.237758669901476649e-02,6.805146087669688981e-01,3.340098062695955328e-01,-2.032151629621662181e+00,-3.390926014911160857e-01,1.009948923390730258e+01,6.142564664242991412e+00,-1.348094374029720655e+00
-2.926586920046804208e-01,-6.959002305224529228e-02,6.697984736599924549e-01,3.807611569762240911e-01,-2.157352436333894286e+00,-2.996086031198497146e-01,1.004541635513305664e+01,4.866375029087066650e+00,4.049658775329589844e-02,-2.889694213019301516e-01,-7.237820730874000574e-02,6.770591070857959748e-01,4.338779251291779993e-01,-1.966641328882860806e+00,-3.517728061224763003e-01,9.873296091881272218e+00,6.941325520376777192e+00,-1.207036991730676689e+00
-2.878368427926299988e-01,-9.055811115011563883e-02,6.667963003256323073e-01,4.821849212050449140e-01,-2.096808809787034544e+00,-3.002173334360118129e-01,1.014237642288208008e+01,6.054362654685974121e+00,-6.087303161621093750e-02,-2.841408130755434525e-01,-9.168558781725710816e-02,6.734819727537613154e-01,5.314577694673185970e-01,-1.893682081906721937e+00,-3.636048958536417519e-01,9.641712934135917124e+00,7.633008152256964607e+00,-1.177430279302450700e+00
-2.819974309527871759e-01,-1.108249179388581807e-01,6.637665653266908716e-01,5.839411839842807428e-01,-2.026680678874253960e+00,-3.029734998941416846e-01,1.017562627792358398e+01,7.012813091278076172e+00,-2.756166458129882812e-01,-2.783480848182679490e-01,-1.102305259144680250e-01,6.697862204767124350e-01,6.266916745983284187e-01,-1.814324509169234378e+00,-3.756713515042502394e-01,9.403974490133123254e+00,8.221698726468124718e+00,-1.252789282869997578e+00
-2.751424381011722264e-01,-1.303159570436178694e-01,6.606785084941388941e-01,6.854992851614962746e-01,-1.949103910475969093e+00,-3.088056832551951403e-01,1.015581011772155762e+01,7.757676839828491211e+00,-5.832183361053466797e-01,-2.716150173810746304e-01,-1.279541157605955104e-01,6.659643724445776236e-01,7.195139472640492695e-01,-1.729576737169301826e+00,-3.889873843024200806e-01,9.159239823725361163e+00,8.711811663141274309e+00,-1.426142366910665871e+00
-2.672747550630567015e-01,-1.489734024222194309e-01,6.574922511019708482e-01,7.867683038115511618e-01,-1.865744537860154928e+00,-3.186257392168040381e-01,1.012690186500549316e+01,8.335937261581420898e+00,-9.820055961608886719e-01,-2.639660918923315003e-01,-1.448073064546048783e-01,6.619991556284726686e-01,8.098500942120010482e-01,-1.640401062154320133e+00,-4.044959889354600158e-01,8.906589380003456569e+00,9.108100383745311390e+00,-1.690015187691241039e+00
-2.583949948126075258e-01,-1.667499449144302925e-01,6.541586507894994185e-01,8.879760250449191261e-01,-1.777654249221086280e+00,-3.333600312471385330e-01,1.012077212333679199e+01,8.809028863906860352e+00,-1.473429203033447266e+00,-2.554265817379037795e-01,-1.607504266024922801e-01,6.578642493486295262e-01,8.976160212420012385e-01,-1.547710506367845795e+00,-4.230628363349480114e-01,8.645022032144378699e+00,9.415668058878440050e+00,-2.036414666704994048e+00
-2.485023808205125140e-01,-1.836027980412541782e-01,6.506205071249009375e-01,9.892613992095004027e-01,-1.685285312682389902e+00,-3.538143664598460414e-01,1.012853741645812988e+01,9.236893653869628906e+00,-2.045433521270751953e+00,-2.460226526984458373e-01,-1.757526739106601843e-01,6.535250847158008414e-01,9.827172027212691674e-01,-1.452365266819338530e+00,-4.454710061961820733e-01,8.373452128259021521e+00,9.639978356059627274e+00,-2.456812964108761932e+00
-2.376002225750682151e-01,-1.994902536909281265e-01,6.468158217408658262e-01,1.090215824544430889e+00,-1.588745564967393609e+00,-3.804685384035105811e-01,1.009544253349304199e+01,9.653974771499633789e+00,-2.665417194366455078e+00,-2.357814715391999827e-01,-1.897915687295999576e-01,6.489396975487999875e-01,1.065047821567999708e+00,-1.355169056576001063e+00,-4.724155592319999597e-01,8.090706538240000967e+00,9.786866187519995819e+00,-2.942131452159989280e+00
-2.257039209628102505e-01,-2.143724063153563952e-01,6.426817980446816181e-01,1.189630161225796900e+00,-1.488215262442826869e+00,-4.134023696184153662e-01,9.941433668136596680e+00,1.005303025245666504e+01,-3.293383121490478516e+00,-2.247313233476167516e-01,-2.028523704731044486e-01,6.440596363708289696e-01,1.144489879703421753e+00,-1.256865338576702129e+00,-5.044979491609711264e-01,7.795521700609418403e+00,9.862548457994288142e+00,-3.482724688653782152e+00
-2.128479824239012941e-01,-2.282144050787388301e-01,6.381569326260090325e-01,1.285593853890897087e+00,-1.384199876338243040e+00,-4.524865418672556761e-01,9.596369266510009766e+00,1.040153861045837402e+01,-3.908417224884033203e+00,-2.129017379141119326e-01,-2.149274558382291977e-01,6.388309270872543078e-01,1.220912278972333453e+00,-1.158133451967979344e+00,-5.422202744299599031e-01,7.486540669366662293e+00,9.873634812512273484e+00,-4.068364390359954896e+00
-1.990886087739464905e-01,-2.409889100457726918e-01,6.331804366149902386e-01,1.375937364995480916e+00,-1.277450496703385951e+00,-4.976496011018748389e-01,9.034351110458374023e+00,1.067493796348571777e+01,-4.516305923461914062e+00,-2.003236254512767156e-01,-2.260156577512246745e-01,6.331950959474844653e-01,1.294169872532110244e+00,-1.059584630962131513e+00,-5.859793696710557942e-01,7.162310160836182327e+00,9.827138384190208242e+00,-4.688223406460110709e+00
-1.844996476644274741e-01,-2.526777366738020558e-01,6.276916138865947792e-01,1.458896110951901859e+00,-1.168882662802934291e+00,-5.488822728395457151e-01,8.295874595642089844e+00,1.085678339004516602e+01,-5.123267173767089844e+00,-1.870294219468544017e-01,-2.361215639646597197e-01,6.270902523936064954e-01,1.364102486710197848e+00,-9.617579162174020313e-01,-6.360607368928786753e-01,6.821277600515275985e+00,9.730486542022239504e+00,-5.330859691984688453e+00
-1.691627092981335401e-01,-2.632752604301272781e-01,6.216321031489372428e-01,1.533693836629392182e+00,-1.059752375632524224e+00,-6.059510737657541890e-01,7.479772567749023438e+00,1.091302871704101562e+01,-5.706880092620849609e+00,-1.730532444458007801e-01,-2.452547742309570955e-01,6.204522333984374693e-01,1.430533913330077844e+00,-8.651159587402350581e-01,-6.926323164062498927e-01,6.461788169921874214e+00,9.591531638671868976e+00,-5.984200281249993481e+00
-1.531565303975340464e-01,-2.727924142371117022e-01,6.149497601130008428e-01,1.600617890059949477e+00,-9.517153806984421927e-01,-6.682343035936350040e-01,6.692405343055725098e+00,1.080369949340820312e+01,-6.228322982788085938e+00,-1.584310565567413343e-01,-2.534291149775623753e-01,6.132158108956479170e-01,1.493270872505713331e+00,-7.700407163096303353e-01,-7.557380974842385912e-01,6.082081853442321773e+00,9.418561758263352957e+00,-6.635525261295298627e+00
-1.365495866262909364e-01,-2.812567936147748471e-01,6.075984884538649933e-01,1.660694377124311005e+00,-8.464379377663132642e-01,-7.351271659135812930e-01,6.007648706436157227e+00,1.052774429321289062e+01,-6.689286231994628906e+00,-1.432008444781427692e-01,-2.606618104089668542e-01,6.053159639046120644e-01,1.552101945904472480e+00,-6.768290424235781089e-01,-8.252915687565761660e-01,5.680290485179165572e+00,9.220311464173134297e+00,-7.271451745319871485e+00
-1.193906152719255709e-01,-2.887087597291170815e-01,5.995283170678614715e-01,1.715897135436536436e+00,-7.451966114342210012e-01,-8.070171386003488490e-01,5.520275831222534180e+00,1.012413263320922852e+01,-7.188997268676757812e+00,-1.274028038395119689e-01,-2.669726089608039921e-01,5.966892169526432088e-01,1.606796480478527300e+00,-5.856881677675773723e-01,-9.010690083384399474e-01,5.254434795798935021e+00,9.005972546821324087e+00,-7.877917846120030987e+00
-1.016916134977337016e-01,-2.951955445523559152e-01,5.906682875790595366e-01,1.769900177419187148e+00,-6.486784823238846975e-01,-8.860029488801950404e-01,5.400304198265075684e+00,9.651812911033630371e+00,-7.898581027984619141e+00,-1.110795376529392919e-01,-2.723828640312432880e-01,5.872750463972683521e-01,1.657103462664736959e+00,-4.967310742052428729e-01,-9.827026136936113376e-01,4.802421459379930369e+00,8.785204771463059004e+00,-8.440166649526206655e+00
-8.343043364822826102e-02,-3.007566088031231599e-01,5.809320750572680714e-01,1.826117984950544004e+00,-5.561064250767228101e-01,-9.736212521791451913e-01,5.621780753135681152e+00,9.257205724716186523e+00,-8.761830329895019531e+00,-9.427626567029989690e-02,-2.769145679149001005e-01,5.770173562511999865e-01,1.702750363053000537e+00,-4.099717612909998810e-01,-1.069673471232000406e+00,4.322040140259996832e+00,8.568146625979993658e+00,-8.942730187839989853e+00
-6.461604860663373862e-02,-3.054020218516885210e-01,5.702726142444609625e-01,1.881438504159452130e+00,-4.645413048565384950e-01,-1.065946081280707780e+00,5.532051920890808105e+00,9.156512022018432617e+00,-9.232482910156250000e+00,-7.704104544143017264e-02,-2.805893378644816472e-01,5.658660251126605978e-01,1.743441951523089450e+00,-3.253204053048619482e-01,-1.161304365641541825e+00,3.810960539884330700e+00,8.365426068671711235e+00,-9.369413413271210800e+00
-4.533054910838561768e-02,-3.091365644077955777e-01,5.586867258288858995e-01,1.928549949824811538e+00,-3.734542556107041111e-01,-1.158588841557502302e+00,4.711144566535949707e+00,9.108704924583435059e+00,-9.264276027679443359e+00,-5.942500536859171567e-02,-2.834273532053928624e-01,5.537785258037161151e-01,1.778859082849967965e+00,-2.425784108092878810e-01,-1.256752428954467593e+00,3.266729443653224152e+00,8.188171276047155445e+00,-9.703278171375000483e+00
-2.569350219011263051e-02,-3.119928308542072037e-01,5.461710259356497010e-01,1.963704691827298676e+00,-2.856266446411606652e-01,-1.251569989323615628e+00,3.515474200248718262e+00,8.782761096954345703e+00,-9.298114776611328125e+00,-4.148259005254242848e-02,-2.854462424285203470e-01,5.407216193192759812e-01,1.808657452777574282e+00,-1.614333547281399106e-01,-1.355001629347938774e+00,2.686767767769893567e+00,8.048021390616030502e+00,-9.926627174488750427e+00
-5.819733696579482141e-03,-3.140140739570557171e-01,5.327146274187563035e-01,1.987376849353314823e+00,-2.021243102848526707e-01,-1.345639851689338196e+00,2.367215752601623535e+00,8.350233435630798340e+00,-9.406986236572265625e+00,-2.327181822552470969e-02,-2.866599191864159235e-01,5.266731246894126306e-01,1.832466324561093707e+00,-8.145382294771330578e-02,-1.454855099679058128e+00,2.068367606088237665e+00,7.957137268680332554e+00,-1.002098797516931228e+01
1.419808721303986165e-02,-3.152307070459424709e-01,5.183055232801435652e-01,2.001782090961934379e+00,-1.216633088886734659e-01,-1.440910413861274275e+00,1.440524160861968994e+00,8.046100139617919922e+00,-9.527056217193603516e+00,-4.854553566489894223e-03,-2.870773661181025282e-01,5.116237663576624906e-01,1.849887225977703054e+00,-2.084139439860743792e-03,-1.554927305754249200e+00,1.408689276960625847e+00,7.928212228125628869e+00,-9.967096939629993102e+00
3.428604480385828018e-02,-3.156517955105005990e-01,5.029357343652246515e-01,2.008795759081841936e+00,-4.210884645581212948e-02,-1.536978891491889598e+00,7.013668119907379150e-01,7.955446243286132812e+00,-9.606847763061523438e+00,1.370321130612717209e-02,-2.867013654277201229e-01,4.955791006779571295e-01,1.860492616805793809e+00,7.736101209280876745e-02,-1.653636054333000871e+00,7.047583700856829836e-01,7.974482796212631897e+00,-9.744883221177541799e+00
5.437858756020714363e-02,-3.152653141136466663e-01,4.866052911915777490e-01,2.009254275634886344e+00,3.864813968539271283e-02,-1.633044317364692244e+00,4.585165530443191528e-02,8.075698614120483398e+00,-9.606542587280273438e+00,3.233105736876862313e-02,-2.855271751422344684e-01,4.785615231328486097e-01,1.863824526772674073e+00,1.577020740496264395e-01,-1.749194340865994235e+00,-4.653720664392402284e-02,8.109739457368570825e+00,-9.333452733649309607e+00
7.440870969876697827e-02,-3.140401786755024349e-01,4.693257227280138166e-01,2.003012213855983159e+00,1.225135438144210331e-01,-1.727956846356391463e+00,-6.242061778903007507e-01,8.386540412902832031e+00,-9.491252899169921875e+00,5.095382795893299566e-02,-2.835411499734302176e-01,4.606123578756806114e-01,1.859393163970749274e+00,2.399002082425001348e-01,-1.839602036967595389e+00,-8.484501802937050030e-01,8.348337400978612877e+00,-8.711072124850272047e+00
9.430061204865627933e-02,-3.119277606870232700e-01,4.511234829463957041e-01,1.989190234988929218e+00,2.112417988479140807e-01,-1.820223978161811473e+00,-1.382197886705398560e+00,8.872825503349304199e+00,-9.226713180541992188e+00,6.949130347785942297e-02,-2.807193057094067301e-01,4.417940311993616698e-01,1.846675493742175878e+00,3.250629966844322816e-01,-1.922637417622703460e+00,-1.704376866039559957e+00,8.705207269177288154e+00,-7.855152749990023331e+00
1.139696204899256909e-01,-3.088658547739683291e-01,4.320440654494761001e-01,1.966900844126941106e+00,3.061905913054946415e-01,-1.907941749691962841e+00,-2.228939086198806763e+00,9.494879245758056641e+00,-8.771777153015136719e+00,8.785800000000000554e-02,-2.770250000000000212e-01,4.221929999999999850e-01,1.825112999999999985e+00,4.144510000000000138e-01,-1.995848999999999984e+00,-2.617859999999999854e+00,9.195866000000000540e+00,-6.742233999999999838e+00
1.333624110533302709e-01,-3.048132258470355183e-01,4.121653949656485239e-01,1.939279056340457386e+00,4.052628926932815290e-01,-1.987867048382758739e+00,-2.762178778648376465e+00,9.907230138778686523e+00,-7.992529869079589844e+00,1.059626768473927311e-01,-2.724117759206454159e-01,4.019178226708732815e-01,1.794282894803597372e+00,5.090399226174833203e-01,-2.057183964582817826e+00,-3.541526915217656057e+00,9.703545523299720088e+00,-5.540721159448192878e+00
1.524376834718888796e-01,-2.998043317686019948e-01,3.916627720930574985e-01,1.907527241855861089e+00,5.008894078433516750e-01,-2.050262287259101424e+00,-3.175181448459625244e+00,9.562651515007019043e+00,-6.239523887634277344e+00,1.237135371568013342e-01,-2.668291118172329557e-01,3.810877783499668769e-01,1.754416921791490447e+00,6.081561120420523325e-01,-2.106981362697144977e+00,-4.424856593209774758e+00,1.010149325037179047e+01,-4.434583675903787103e+00
1.710338703854387965e-01,-2.937899275983868463e-01,3.707315741815565557e-01,1.859618691354991249e+00,6.014404170215132961e-01,-2.093119791150092723e+00,-4.790855050086975098e+00,1.005510091781616211e+01,-4.285750389099121094e+00,1.410222567054971454e-01,-2.602372032394319468e-01,3.598134884629626828e-01,1.705923720839209734e+00,7.107078610907333616e-01,-2.146190505984315600e+00,-5.266799827338864759e+00,1.039087125233717224e+01,-3.422899645642194066e+00
1.889856707094615673e-01,-2.866979266445336960e-01,3.494974008538721533e-01,1.795180032402278192e+00,7.092000953853133671e-01,-2.123417332768439802e+00,-6.443865895271301270e+00,1.077596783638000488e+01,-3.029754161834716797e+00,1.578046496836177370e-01,-2.526071006506350192e-01,3.381961308181502535e-01,1.649222288340546072e+00,8.156163059592758113e-01,-2.175750460694278132e+00,-6.066335193349523536e+00,1.057308865479004112e+01,-2.504539812626848772e+00
2.061797938360279969e-01,-2.784853414411840866e-01,3.280426560082433940e-01,1.719412312656642294e+00,8.212585203349593854e-01,-2.145474484562873485e+00,-7.576771974563598633e+00,1.120584249496459961e+01,-2.205715179443359375e+00,1.739807708029553757e-01,-2.439205683893500842e-01,3.163275526361040146e-01,1.584741679200953657e+00,9.218179723959993854e-01,-2.196587911717952757e+00,-6.822473085923119740e+00,1.064981676362000051e+01,-1.678155079604380262e+00
2.225416340021795225e-01,-2.691392798613009840e-01,3.064346058704851550e-01,1.636184016615153558e+00,9.346061579883102599e-01,-2.160805013775825234e+00,-8.322829604148864746e+00,1.133476376533508301e+01,-1.533052921295166016e+00,1.894750142238495472e-01,-2.341699174125632665e-01,2.942904055634843474e-01,1.512920668465414176e+00,1.028267473133852583e+00,-2.209614901730539316e+00,-7.534259755232387334e+00,1.062300419083427983e+01,-9.421640191998834624e-01
2.380012647672003767e-01,-2.586634762550888422e-01,2.847301160135267684e-01,1.545963076502085976e+00,1.047580360621214401e+00,-2.170448985695838662e+00,-9.022094011306762695e+00,1.129742026329040527e+01,-9.643971920013427734e-01,2.042162088965328026e-01,-2.233578103084892796e-01,2.721583039198478549e-01,1.434207372580746487e+00,1.133940356580705133e+00,-2.215726445445776349e+00,-8.200781343496103659e+00,1.049489198037995052e+01,-2.947403850120773328e-01
2.524988946853584659e-01,-2.470678166489300998e-01,2.629640135505197929e-01,1.449762991815806590e+00,1.159565960615873914e+00,-2.176610246300696883e+00,-9.620008468627929688e+00,1.119855999946594238e+01,-6.161260604858398438e-01,2.181377099132704722e-01,-2.114970370661284904e-01,2.499960074263624932e-01,1.349058830292373834e+00,1.237836106767855160e+00,-2.215798018981154804e+00,-8.821167921533744405e+00,1.026802873396613336e+01,2.661993772914659218e-01
2.660035912109918188e-01,-2.343609812672434178e-01,2.411525147595404150e-01,1.350469652563334622e+00,1.270683538168669413e+00,-2.181149879097938005e+00,-9.929333925247192383e+00,1.111175775527954102e+01,-4.539632797241210938e-01,2.311774854676408864e-01,-1.986102600890472247e-01,2.278596296653145614e-01,1.257940543175543491e+00,1.338981294556762514e+00,-2.210682924334082422e+00,-9.394597525320111941e+00,9.945285736886203765e+00,7.430086188791218405e-01
2.784975884644694255e-01,-2.205511941204962856e-01,2.193106998541353714e-01,1.249399725347758450e+00,1.380978714674711894e+00,-2.184181490540503923e+00,-1.010699272155761719e+01,1.102951765060424805e+01,-3.031611442565917969e-01,2.432781990172999675e-01,-1.847297269408000320e-01,2.057968735193000387e-01,1.161325975801000165e+00,1.436432880103999832e+00,-2.201209528969000129e+00,-9.920300192539997397e+00,9.529872083840000840e+00,1.138322976659998709e+00
2.899527225358791149e-01,-2.056536870564518171e-01,1.974625263252257068e-01,1.145513407140971385e+00,1.489750706404448177e+00,-2.184817352890967790e+00,-1.038863182067871094e+01,1.087719917297363281e+01,-6.358623504638671875e-02,2.543872862465746953e-01,-1.698969493094112937e-01,1.838472948389896222e-01,1.059696015535113611e+00,1.529281666584430877e+00,-2.188178380515450883e+00,-1.039756199914282497e+01,9.025349804756039873e+00,1.455072862188735883e+00
3.003265701769299301e-01,-1.896963217894730713e-01,1.756379697659014583e-01,1.037384764105082624e+00,1.595736526697874691e+00,-2.182455655932425742e+00,-1.081286430358886719e+01,1.059858202934265137e+01,2.361696958541870117e-01,2.644570264252302794e-01,-1.541623466783336172e-01,1.620425955883583180e-01,9.535383919744573333e-01,1.616655905172606822e+00,-2.172359196577099638e+00,-1.082572909589729271e+01,8.435648990613708875e+00,1.696495950570289679e+00
3.095689243687696490e-01,-1.727202277894315796e-01,1.538661650457381069e-01,9.242354191839705635e-01,1.697609400004149061e+00,-2.177180472016333912e+00,-1.131493449211120605e+01,1.018728733062744141e+01,5.275183916091918945e-01,2.734446077597553204e-01,-1.375848531913015649e-01,1.404069477162702140e-01,8.433470560148453865e-01,1.697725051282386044e+00,-2.154487729651708428e+00,-1.120421174494603278e+01,7.765082919265491768e+00,1.866149669364730812e+00
3.176272476701445524e-01,-1.547771712134776156e-01,1.321704233028887510e-01,8.058323301374923364e-01,1.794305657595396619e+00,-2.169574174284934376e+00,-1.184030890464782715e+01,9.669625759124755859e+00,7.606297731399536133e-01,2.813121863335096284e-01,-1.202314861984978278e-01,1.189573490033087877e-01,7.296215185548164950e-01,1.771703672064776747e+00,-2.135262507162058565e+00,-1.153248835636025049e+01,7.018363181259159589e+00,1.967923687492037388e+00
3.244489560289688379e-01,-1.359257646466789371e-01,1.105659172573088544e-01,6.821708358824264407e-01,1.885140656679869187e+00,-2.160450604557990317e+00,-1.236614942550659180e+01,9.083499908447265625e+00,9.123569726943969727e-01,2.880269382320789218e-01,-1.021768749714499769e-01,9.770401213274293450e-02,6.128661488335778174e-01,1.837855505164000203e+00,-2.115341446597827968e+00,-1.181010952469437569e+01,6.200614805659998119e+00,2.006052404136873690e+00
3.299821541844316086e-01,-1.162281765680012735e-01,8.905962112927426344e-02,5.533198155462752954e-01,1.969758807867765915e+00,-2.150629612803458546e+00,-1.288510203361511230e+01,8.461815118789672852e+00,9.820991754531860352e-01,2.935611044501818534e-01,-8.350274807407540023e-02,7.665078823451981771e-02,4.935894324033995861e-01,1.895497668731776830e+00,-2.095338345768423594e+00,-1.203670206554070887e+01,5.317391385873005305e+00,1.985127437653401827e+00
3.341773202134676879e-01,-9.574999336555575780e-02,6.765198421859731914e-02,4.195166029036055955e-01,2.047818320244551238e+00,-2.140763691067694818e+00,-1.338032126426696777e+01,7.805951237678527832e+00,9.865921735763549805e-01,2.978920281764724787e-01,-6.429737787729189469e-02,5.579562615117394930e-02,3.723031887364576242e-01,1.944005022699835994e+00,-2.075819248166757447e+00,-1.221197305208407791e+01,4.374690205465073589e+00,1.910110114470056075e+00
3.369932577697941078e-01,-7.456769733533238909e-02,4.633713630223265656e-02,2.815937556326399971e-01,2.118229603022337315e+00,-2.131484791636466092e+00,-1.379228472709655762e+01,7.041128277778625488e+00,9.278899431228637695e-01,3.010021840525839432e-01,-4.465498070461312863e-02,3.513106867454524052e-02,2.495217484661436114e-01,1.982814681310644644e+00,-2.057298683443984366e+00,-1.233571385165646639e+01,3.378967363987256611e+00,1.786343957994349196e+00
3.384083120091267993e-01,-5.278272252932166009e-02,2.509788298988334734e-02,1.415054239332686481e-01,2.178497480601072844e+00,-2.123925331234930880e+00,-1.400883316993713379e+01,6.026787757873535156e+00,7.559460401535034180e-01,3.028791990027572267e-01,-2.467507109614480720e-02,1.464478700219301599e-02,1.257610902628139016e-01,2.011430676906358794e+00,-2.040235782995183822e+00,-1.240780416229168459e+01,2.337152902796927556e+00,1.619567177517652112e+00
3.384288081763693334e-01,-3.052922490641449271e-02,3.900307867765361730e-03,2.049616724253744415e-03,2.225349762290716793e+00,-2.119757512211798645e+00,-1.394558072090148926e+01,4.685228168964385986e+00,4.167819023132324219e-01,3.035158642304000565e-01,-4.461768678400090948e-03,-5.679845337599909172e-03,1.537937344000539497e-03,2.029428774976000049e+00,-2.025030270656000386e+00,-1.242821604928000134e+01,1.256665930880002335e+00,1.415925157120000222e+00
3.370884691490241836e-01,-7.975115042477585320e-03,-1.730672722673421912e-02,-1.340339027345170131e-01,2.255410986393690642e+00,-2.120703509449958002e+00,-1.360835194587707520e+01,3.006122410297393799e+00,-9.459972381591796875e-02,3.029101379779194914e-01,1.587694387264715346e-02,-2.586313784334565158e-02,-1.226311863809272928e-01,2.036461440460850536e+00,-2.012018328510230880e+00,-1.239701798172279545e+01,1.454297506731609957e-01,1.181982944574865968e+00
3.344438968090722164e-01,1.464424566522267226e-02,-3.856266030287747865e-02,-2.644572339951981599e-01,2.261936070770025786e+00,-2.125593307614325855e+00,-1.304233312606811523e+01,6.525084376335144043e-01,-4.889798164367675781e-01,3.010651386461744017e-01,3.623001328785480091e-02,-4.592842643149935844e-02,-2.462309405316474020e-01,2.032262955318073772e+00,-2.001468337808366638e+00,-1.231437886908721424e+01,-9.881130161139690671e-01,9.247377402539722624e-01
3.305321720404932329e-01,3.709127033099559462e-02,-5.985304128742222757e-02,-3.911724768578995759e-01,2.244702466577292110e+00,-2.129038098454474781e+00,-1.267152428627014160e+01,-1.723360419273376465e+00,-3.444790840148925781e-01,2.979891278698902912e-01,5.648416009313167452e-02,-6.590137361234787994e-02,-3.687481928433160583e-01,2.016654687342551266e+00,-1.993576494997088666e+00,-1.218057209776080185e+01,-2.134985302676589924e+00,6.516313860320614992e-01
3.253373300968119830e-01,5.922475963428644463e-02,-8.114894750332836415e-02,-5.194841943681229868e-01,2.213348930329085196e+00,-2.129590621590613519e+00,-1.283117175102233887e+01,-3.135353624820709229e+00,-5.525231361389160156e-02,2.936954831453827963e-01,7.652477644216681973e-02,-8.580922420174802445e-02,-4.896730841185443772e-01,1.989550510246948622e+00,-1.988462302859710817e+00,-1.199597956760617024e+01,-3.285660471292519702e+00,3.705628541917178609e-01
3.188357875658581198e-01,8.099006109282402832e-02,-1.023913128933906930e-01,-6.501542530953874355e-01,2.176530145853758480e+00,-2.124236539006232327e+00,-1.306700587272644043e+01,-3.681878447532653809e+00,5.354082584381103516e-01,2.882026596069335866e-01,9.623687890625004515e-02,-1.056800153198242387e-01,-6.085001335449216064e-01,1.950962375000000026e+00,-1.986163936767578297e+00,-1.176109572851562568e+01,-4.430047187500003147e+00,8.990073632812212168e-02
3.110485788075635361e-01,1.023828130175176154e-01,-1.235135542414188686e-01,-7.787208758294572597e-01,2.139275192469359155e+00,-2.112224134802817233e+00,-1.285666227340698242e+01,-3.725495338439941406e+00,1.201240420341491699e+00,2.815341405481630033e-01,1.155061177337665668e-01,-1.255417394277348886e-01,-7.247293843780884259e-01,1.901006032423012915e+00,-1.986633486042419738e+00,-1.147653161696583091e+01,-5.557474294275483118e+00,-1.815042677461198295e-01
3.020548105104277070e-01,1.233433500562611251e-01,-1.445084040722847130e-01,-8.993768297135820156e-01,2.096053703874350305e+00,-2.099484983086584933e+00,-1.206559538841247559e+01,-4.322148859500885010e+00,1.273915171623229980e+00,2.737183762847443247e-01,1.342198440919484259e-01,-1.454214591536166501e-01,-8.378675899903496038e-01,1.839906907044599027e+00,-1.989732070429645283e+00,-1.114301889257244760e+01,-6.656675686211414700e+00,-4.343068610962141918e-01
2.919357154606292415e-01,1.437251815457645243e-01,-1.654174804351329908e-01,-1.011909504979847885e+00,2.038183148950339252e+00,-2.090907636284827120e+00,-1.125326752662658691e+01,-5.787055492401123047e+00,8.577346801757812500e-01,2.647887109548046625e-01,1.522682368034629086e-01,-1.653443726588169072e-01,-9.474294402848406627e-01,1.768006122213625630e+00,-1.995224831682605560e+00,-1.076141387464478605e+01,-7.715775183694033146e+00,-6.586546607603729342e-01
2.807553706778595504e-01,1.633542806391421187e-01,-1.862875785193443268e-01,-1.118034478276967114e+00,1.962909909337759995e+00,-2.087009808421133705e+00,-1.061249732971191406e+01,-7.527323961257934570e+00,3.897827863693237305e-01,2.547832968533557119e-01,1.695454900904230233e-01,-1.853328282955231665e-01,-1.052938828475234345e+00,1.685766676470386471e+00,-2.002775800257791783e+00,-1.033270157874044948e+01,-8.722271407081164440e+00,-8.441757088450154711e-01
2.685718154697129822e-01,1.820688641180101264e-01,-2.071532249114513280e-01,-1.218355520814656368e+00,1.871458347886801654e+00,-2.086564639210699568e+00,-1.003210425376892090e+01,-9.145156145095825195e+00,4.451692104339599609e-02,2.437449958971000252e-01,1.859510638384000991e-01,-2.054052873069001639e-01,-1.153930158231000203e+00,1.593779771175999560e+00,-2.011942637121000299e+00,-9.857999753219999661e+00,-9.663022650880003894e+00,-9.799659836200049767e-01
2.554447375698397082e-01,1.997274535630646775e-01,-2.280348023138046021e-01,-1.312707789987324736e+00,1.765858944505453998e+00,-2.088157740235327076e+00,-9.435226917266845703e+00,-1.055994033813476562e+01,-1.593101024627685547e-01,2.317212678159571992e-01,2.013909978930213396e-01,-2.255752333208414506e-01,-1.249949691188206202e+00,1.492771289400022461e+00,-2.022171250664437370e+00,-9.338562915801562170e+00,-1.052423175792493204e+01,-1.054576910613803875e+00
2.414368148384997970e-01,2.162062615711990432e-01,-2.489407003185748757e-01,-1.400792273133992127e+00,1.647880800813437352e+00,-2.090589800477026472e+00,-8.808448314666748047e+00,-1.179781436920166016e+01,-2.432060241699218750e-01,2.187640446676543116e-01,2.157792919017355593e-01,-2.458500273884495768e-01,-1.340556934825865465e+00,1.383608426066291752e+00,-2.032790288734786177e+00,-8.775786390115532853e+00,-1.129143099355525770e+01,-1.056002873708749235e+00
2.266117894364903240e-01,2.313967137520018813e-01,-2.698699945769309494e-01,-1.482502540200947738e+00,1.519045218080283144e+00,-2.092929425835607926e+00,-8.171026706695556641e+00,-1.288355827331542969e+01,-2.339625358581542969e-01,2.049295912717240542e-01,2.290393522133272186e-01,-2.662297073183484408e-01,-1.425326070707835679e+00,1.267306469356987986e+00,-2.043005505772216512e+00,-8.171210342259167092e+00,-1.194946691979306941e+01,-9.716687262362055932e-01
2.110318279354284066e-01,2.452059951831404017e-01,-2.908156085870265417e-01,-1.557996150106190747e+00,1.380928143113852480e+00,-2.094561401009558121e+00,-7.549360990524291992e+00,-1.381170749664306641e+01,-1.631975173950195312e-01,1.902783511592582855e-01,2.411055073477624267e-01,-2.867057300579439194e-01,-1.503847423090258317e+00,1.145035733374912379e+00,-2.051894005060354687e+00,-7.526523817351288059e+00,-1.248248526952100157e+01,-7.884173020718039382e-01
1.947576104266951491e-01,2.575618473921719720e-01,-3.117685310802458809e-01,-1.627421750873326411e+00,1.235585220903159032e+00,-2.095292249321936140e+00,-6.942560076713562012e+00,-1.453429222106933594e+01,-7.308483123779296875e-02,1.748747776347569227e-01,2.519245935489499710e-01,-3.072596558727352378e-01,-1.575728967894546972e+00,1.018128642063998335e+00,-2.058398356087204117e+00,-6.843568776086867089e+00,-1.287391582066000417e+01,-4.924969267306300580e-01
1.778563965795944279e-01,2.684248836298290253e-01,-3.327221628687380695e-01,-1.690121384710072672e+00,1.086303623765707771e+00,-2.095363178849218855e+00,-6.269963383674621582e+00,-1.492815971374511719e+01,-7.092952728271484375e-03,1.587871495464220351e-01,2.614576119329976023e-01,-3.278617730747944159e-01,-1.640597882045926159e+00,8.880869643880411335e-01,-2.061320587017007711e+00,-6.124344131291758586e+00,-1.310645727034716224e+01,-6.954892846244664639e-02
1.604207175387452333e-01,2.778143727664653118e-01,-3.536717377862929057e-01,-1.743567904084920128e+00,9.389489136636264277e-01,-2.094957491755484291e+00,-5.344651937484741211e+00,-1.473547101020812988e+01,4.056870937347412109e-02,1.420873713612349210e-01,2.696814587445464650e-01,-3.484696620515159160e-01,-1.698102133177511686e+00,7.565892007676355835e-01,-2.059316052273080011e+00,-5.371009784477223548e+00,-1.316206210911349395e+01,4.954048506531041340e-01
1.425808083502958512e-01,2.858455590714518157e-01,-3.745990617535113198e-01,-1.783990918844937434e+00,8.031186304986484004e-01,-2.092732396721838750e+00,-4.042301476001739502e+00,-1.358302831649780273e+01,2.225095033645629883e-01,1.248507571411698186e-01,2.765907302337665130e-01,-3.690266973457501654e-01,-1.747912109699933936e+00,6.254981207753600447e-01,-2.050887175231578041e+00,-4.585890662394717765e+00,-1.302192149506171326e+01,1.217974543611298088e+00
1.244646033807109142e-01,2.927325113151971747e-01,-3.954387610516547080e-01,-1.811620496958493254e+00,6.886952243745334545e-01,-2.083969929814337707e+00,-2.762957811355590820e+00,-1.144234061241149902e+01,8.762466907501220703e-01,1.071557980168788005e-01,2.821996036665950780e-01,-3.894604865384300729e-01,-1.789722291236516938e+00,4.968684520891676337e-01,-2.034377066026227698e+00,-3.771480753590434887e+00,-1.266645012804404224e+01,2.114414747387099780e+00
1.061181557117412966e-01,2.986793087084595455e-01,-4.160486794373988162e-01,-1.834644766896962098e+00,5.946797393262394094e-01,-2.060991838574408597e+00,-2.302426993846893311e+00,-9.401548504829406738e+00,2.297809123992919922e+00,8.908391275520020913e-02,2.865437959807997648e-01,-4.096812446847998834e-01,-1.823252959423999453e+00,3.729547207039995982e-01,-2.007963014463999940e+00,-2.930447144960008021e+00,-1.207527112384000922e+01,3.201637011839988389e+00
8.751178714767203493e-02,3.036816100661460793e-01,-4.362360138854979308e-01,-1.860636856406925999e+00,5.002301357686527172e-01,-2.018733444809912569e+00,-2.599208950996398926e+00,-9.444960355758666992e+00,4.225839376449584961e+00,7.071906490019348734e-02,2.896804585753109396e-01,-4.295812329405012675e-01,-1.848335923185364438e+00,2.556808593557358122e-01,-1.970201163782154374e+00,-2.090985800901096425e+00,-1.138936773704689642e+01,4.331104881965536890e+00
6.865802598878847918e-02,3.074960769225661417e-01,-4.558492998144625385e-01,-1.885376115888355963e+00,3.814466856420047902e-01,-1.961328592896460332e+00,-2.473925948143005371e+00,-1.187834501266479492e+01,5.740485191345214844e+00,5.214479940571792316e-02,2.916784844303857427e-01,-4.490493328330797396e-01,-1.865164441345638080e+00,1.449682774519293060e-01,-1.921731862913008237e+00,-1.279342897805737733e+00,-1.076296733293228058e+01,5.343294932457869351e+00
4.958472781017530390e-02,3.099772141014043858e-01,-4.747844495139120768e-01,-1.907329817861317389e+00,2.481137178838260793e-01,-1.893514969944952719e+00,-2.195370197296142578e+00,-1.333329677581787109e+01,6.781362295150756836e+00,3.344236894895231266e-02,2.925997280757903218e-01,-4.679840711844524548e-01,-1.874015049670211042e+00,4.022733364148817214e-02,-1.863722429324659702e+00,-4.953802682955630310e-01,-1.019481374840167653e+01,6.239345700045820564e+00
3.022485073790063051e-02,3.110721761246029726e-01,-4.929356718919276070e-01,-1.935987707227467380e+00,1.094962023198612355e-01,-1.815122237801550575e+00,-2.865788936614990234e+00,-1.386175155639648438e+01,7.839273214340209961e+00,1.469017100617532601e-02,2.925010170644067320e-01,-4.862958309359785014e-01,-1.875163829937963156e+00,-5.911729811051952277e-02,-1.797327319283652081e+00,2.610476610776952811e-01,-9.683443031304610926e+00,7.020695971132402846e+00
1.060163179174175574e-02,3.108267417435352509e-01,-5.102405172250269461e-01,-1.962321894615887574e+00,-2.454343810677450666e-02,-1.730484533309935236e+00,-2.633418738842010498e+00,-1.340396404266357422e+01,8.463770449161529541e+00,-4.036150349401232407e-03,2.914335024900960858e-01,-5.039064624249255386e-01,-1.868885367594031566e+00,-1.536252180287327462e-01,-1.723685024956798317e+00,9.900944973787377812e-01,-9.227171902760632705e+00,7.689102981121864744e+00
-9.113701602964482257e-03,3.093466521014277548e-01,-5.266962289772032513e-01,-1.971533339470623813e+00,-1.480089642107478842e-01,-1.645571175217627191e+00,-9.211444854736328125e-01,-1.234655261039733887e+01,8.491335809230804443e+00,-2.266368909123779585e-02,2.894428274190358752e-01,-5.207491075008361392e-01,-1.855452674000713564e+00,-2.438380451910276969e-01,-1.643914793865333568e+00,1.691921363875239948e+00,-8.824085343325323905e+00,8.246661625586776623e+00
-2.875379760429151027e-02,3.067376835082475939e-01,-5.423109378180502871e-01,-1.964009600132702760e+00,-2.608968593180172046e-01,-1.561470884084700250e+00,7.523739337921142578e-01,-1.128878951072692871e+01,8.410029113292694092e+00,-4.112226113145195372e-02,2.865693184951124683e-01,-5.367679898758774826e-01,-1.835137113862504110e+00,-3.302770380537083383e-01,-1.559113156227396102e+00,2.366696382624398076e+00,-8.472024179156308676e+00,8.695823671435107372e+00
-4.818094432964807605e-02,3.030895904262368434e-01,-5.570918168387412051e-01,-1.942714672535656772e+00,-3.648093082010738231e-01,-1.478087902069090465e+00,2.129492759704589844e+00,-1.039124488830566406e+01,8.338298201560974121e+00,-5.934438751292464564e-02,2.828482019607542752e-01,-5.519181697880578552e-01,-1.808208337825268242e+00,-4.134405908383567141e-01,-1.470350260188837410e+00,3.014594157059471868e+00,-8.168572668179255203e+00,9.039416968077308212e+00
-6.727439319953207320e-02,2.984774973575775592e-01,-5.710462732872961800e-01,-1.909344886988400214e+00,-4.612093068659297579e-01,-1.395445644855497935e+00,3.336978554725646973e+00,-9.639999866485595703e+00,8.264225721359252930e+00,-7.726527695326840250e-02,2.783098453345877465e-01,-5.661652610561918042e-01,-1.774934220249547501e+00,-4.938016057803435999e-01,-1.378666014942363072e+00,3.635795254576329683e+00,-7.911046086253890053e+00,9.280664658593389404e+00
-8.592492025211337370e-02,2.929672121812407770e-01,-5.841810219547747263e-01,-1.865052705258129828e+00,-5.510285176336757740e-01,-1.313474866747854852e+00,4.429218173027038574e+00,-8.981921076774597168e+00,8.197077810764312744e+00,-9.482280779239979362e-02,2.729800259873000901e-01,-5.794851086054998435e-01,-1.735580802158000591e+00,-5.718047412389989370e-01,-1.285066041735001274e+00,4.230485689119992898e+00,-7.696478313340002764e+00,9.423204390899998728e+00
-1.040386053161311275e-01,2.866213502322141893e-01,-5.964998043886421408e-01,-1.811368506401776157e+00,-6.345861949026576632e-01,-1.231878243386744121e+00,5.368419885635375977e+00,-8.355767726898193359e+00,8.159662336111068726e+00,-1.119575093954564837e-01,2.668802278570915898e-01,-5.918634245427233376e-01,-1.690412239356980484e+00,-6.478635356694426584e-01,-1.190517432763900985e+00,4.798856403771175394e+00,-7.521609419663455753e+00,9.471107528917508844e+00
-1.215441818000364271e-01,2.795038429160420779e-01,-6.080030007622240218e-01,-1.750557648390530519e+00,-7.117507316172114740e-01,-1.150319637358187208e+00,6.081085801124572754e+00,-7.716453671455383301e+00,8.155860602855682373e+00,-1.286125430628011213e-01,2.600279675461020235e-01,-6.032953808596392964e-01,-1.639690755732243099e+00,-7.223574074560750180e-01,-1.095944317960459546e+00,5.341102753332831909e+00,-7.382873251882189791e+00,9.428898363737090449e+00
-1.383984150575089389e-01,2.716797867898647634e-01,-6.186907589397429019e-01,-1.685423325747250400e+00,-7.824056126177302284e-01,-1.068775817751883128e+00,6.513432264328002930e+00,-7.065488100051879883e+00,8.154381960630416870e+00,-1.447336824988526560e-01,2.524371510391932860e-01,-6.137851568438585925e-01,-1.583676601718793542e+00,-7.956285306077279795e-01,-1.002223239662778376e+00,5.857423986916707292e+00,-7.276385019252236575e+00,9.301573324787790753e+00
-1.545855217786121227e-01,2.632083190192286981e-01,-6.285688212922809770e-01,-1.618710672110317939e+00,-8.471467770636073036e-01,-9.878062352538095059e-01,6.671265363693237305e+00,-6.474116444587707520e+00,8.096958249807357788e+00,-1.602692938914870580e-01,2.441184622864724374e-01,-6.233454392757897811e-01,-1.522628017944864798e+00,-8.679785863144766633e-01,-9.101783351764500818e-01,6.348022730529864432e+00,-7.197928879793722423e+00,9.094620191003619070e+00
-1.701086990968870838e-01,2.541299497817461339e-01,-6.376532079092261940e-01,-1.552317731827496328e+00,-9.078369237482538656e-01,-9.084386616945252513e-01,6.639294028282165527e+00,-6.069014668464660645e+00,7.936757355928421021e+00,-1.751703156537482986e-01,2.350797848909383647e-01,-6.319968734906522556e-01,-1.456801204050031995e+00,-9.396653903661085216e-01,-8.205763272236730188e-01,6.813104469661245943e+00,-7.142945526456874639e+00,8.814037301990628848e+00
-1.849779581488656677e-01,2.444582592208688343e-01,-6.459675435236690300e-01,-1.486925905197857611e+00,-9.671690560877314047e-01,-8.314335614442811551e-01,6.539182662963867188e+00,-5.933213233947753906e+00,7.700510025024414062e+00,-1.893902378796114561e-01,2.253266581426351944e-01,-6.397674633844235847e-01,-1.386450292677460672e+00,-1.010899396432256570e+00,-7.341213222806948213e-01,7.252877031868207425e+00,-7.106519773288038522e+00,8.466352769193987271e+00
-1.992012726651119781e-01,2.341859753315155557e-01,-6.535342338792083927e-01,-1.422331451624630594e+00,-1.027228388935326642e+00,-7.566690355539308355e-01,6.459445357322692871e+00,-6.005933284759521484e+00,7.476452589035034180e+00,-2.028850815655384165e-01,2.148627686406965609e-01,-6.466919184426008771e-01,-1.311827328640290391e+00,-1.081840075204187901e+00,-6.514494168035864785e-01,7.667550069363064935e+00,-7.083368141595673961e+00,8.058643687065067951e+00
-2.127785845310973534e-01,2.232972466160361991e-01,-6.603709177187678803e-01,-1.357731186598537976e+00,-1.088872871547936549e+00,-6.836683839559541953e-01,6.460026502609252930e+00,-6.164448261260986328e+00,7.300065159797668457e+00,-2.156133776495686161e-01,2.036904787446630338e-01,-6.528109458706630175e-01,-1.233182253262151917e+00,-1.152592169398258592e+00,-5.731231113423451706e-01,8.057334541599640687e+00,-7.067826446116371564e+00,7.598555344228518749e+00
-2.256975120143579761e-01,2.117732408081000051e-01,-6.664951942673918994e-01,-1.291892748326061824e+00,-1.152400580793618401e+00,-6.124276548624025818e-01,6.583843827247619629e+00,-6.352770924568176270e+00,7.124072909355163574e+00,-2.275361459196855174e-01,1.918113930964574221e-01,-6.581704859051153989e-01,-1.150762893891820404e+00,-1.223201824621021672e+00,-4.996255325433256456e-01,8.422442197859796309e+00,-7.053837381180855459e+00,7.094320434649343809e+00
-2.379319275976704839e-01,1.995917268057172678e-01,-6.719303595534560358e-01,-1.223441558331249901e+00,-1.218151400238274729e+00,-5.435165286064135293e-01,6.845118999481201172e+00,-6.575081944465637207e+00,6.891112625598907471e+00,-2.386168738431999614e-01,1.792269644544000617e-01,-6.628208883839999954e-01,-1.064814958592000593e+00,-1.293652596095999696e+00,-4.313544630400003577e-01,8.763085059839998081e+00,-7.034938106880000319e+00,6.554778268800004248e+00
-2.494430009411262583e-01,1.867261069302266208e-01,-6.767076244167086196e-01,-1.151107334345577993e+00,-1.286561987549065700e+00,-4.777264863252627114e-01,7.233422398567199707e+00,-6.841058731079101562e+00,6.579004228115081787e+00,-2.488214953688924203e-01,1.659391400806487782e-01,-6.668160286557550664e-01,-9.755820360022509075e-01,-1.363861331252115283e+00,-3.686161792320530317e-01,9.079474904237834210e+00,-7.004247835230823505e+00,5.989393984827473538e+00
-2.601813498945521053e-01,1.731460601200168758e-01,-6.808653123489615266e-01,-1.073834895342587359e+00,-1.358004681020974269e+00,-4.157687932252871477e-01,7.727243900299072266e+00,-7.144269347190856934e+00,6.195769309997558594e+00,-2.581183697536555410e-01,1.519510499234445200e-01,-6.702123609053077802e-01,-8.833056003760328956e-01,-1.433673928173788914e+00,-3.116190969527907750e-01,9.371822745338590721e+00,-6.954455416342509189e+00,5.408277759720302669e+00
-2.700890932218716900e-01,1.588198308680957016e-01,-6.844468653014894599e-01,-9.907743327319611382e-01,-1.432622925192116758e+00,-3.581552952527987665e-01,8.306056261062622070e+00,-7.461824417114257812e+00,5.761349797248840332e+00,-2.664782604653763154e-01,1.372677378355509903e-01,-6.730679069762817157e-01,-7.882250217919111179e-01,-1.502860969912679368e+00,-2.604672250249020493e-01,9.640338317601765183e+00,-6.877806924582407611e+00,4.822204020475753694e+00
-2.791011674465225245e-01,1.437181209881609190e-01,-6.874987970701452733e-01,-9.012074224650848953e-01,-1.510170987993477931e+00,-3.051931768655764543e-01,8.956691026687622070e+00,-7.754806280136108398e+00,5.296211838722229004e+00,-2.738743142138024833e-01,1.218969370702651656e-01,-6.754411787682046420e-01,-6.905775815388714989e-01,-1.571113234661104086e+00,-2.151534267045283055e-01,9.885229558247624837e+00,-6.766093244742044099e+00,4.242630655266831141e+00
-2.871460741744921719e-01,1.278196558539574923e-01,-6.900689096859690119e-01,-8.044906727969635130e-01,-1.589846513420342555e+00,-2.570112615823733071e-01,9.671674966812133789e+00,-7.967552542686462402e+00,4.818191528320312500e+00,-2.802820401611327283e-01,1.058498912963870553e-01,-6.773900322875976432e-01,-5.905984926757834597e-01,-1.638037081787107496e+00,-1.755524890136725968e-01,1.010670208984374518e+01,-6.610637658203127209e+00,3.681718224609389800e+00
-2.941472527892873834e-01,1.111177562285965426e-01,-6.922046363464590124e-01,-7.001178614795197097e-01,-1.670189962536095640e+00,-2.135726660490023243e-01,1.043728113174438477e+01,-8.034344911575317383e+00,4.343859553337097168e+00,-2.856792893640708320e-01,8.914222237353042200e-02,-6.789704514318311013e-01,-4.885209257649929526e-01,-1.703149713731195281e+00,-1.414139999609367315e-01,1.030495870289156812e+01,-6.402283429103563961e+00,3.152349172529197663e+00
-3.000273327665017309e-01,9.362562197789607576e-02,-6.939512284210916926e-01,-5.880079977214325293e-01,-1.749213425070046402e+00,-1.746592074632631886e-01,1.121098637580871582e+01,-7.902346253395080566e+00,3.891345858573913574e+00,-2.900462344990879515e-01,7.179484612915718045e-02,-6.802352595846283823e-01,-3.845760397800519481e-01,-1.765874313764723258e+00,-1.123550336505825253e-01,1.048019883841292632e+01,-6.131381390503448436e+00,2.668147037729026394e+00
-3.047172072888896799e-01,7.537692722275912693e-02,-6.953496582022902217e-01,-4.689874522387970091e-01,-1.824869475513695605e+00,-1.398429781198488875e-01,1.190205454826354980e+01,-7.565605044364929199e+00,3.481622934341430664e+00,-2.933653499226320238e-01,5.383493737872030449e-02,-6.812327571021030703e-01,-2.789930181875814874e-01,-1.825535059609951105e+00,-8.785264327993380640e-02,1.063261807053660135e+01,-5.787777530551098337e+00,2.243495664755721375e+00
-3.081681497977659667e-01,5.642007808730066520e-02,-6.964345672539469234e-01,-3.450942508876312376e-01,-1.895684913545845784e+00,-1.084909051656710310e-01,1.238932013511657715e+01,-7.081543803215026855e+00,3.135207295417785645e+00,-2.956213921180264603e-01,3.529694543029776588e-02,-6.820052827682104857e-01,-1.719991102032689678e-01,-1.881352012921754913e+00,-6.723616202509363760e-02,1.076240758908485695e+01,-5.360800578649036474e+00,1.893558415167298170e+00
-3.103596198172852705e-01,3.680897022381486583e-02,-6.972329260221715730e-01,-2.191470019519317636e-01,-1.961110786348580159e+00,-7.983587682247034190e-02,1.259472489356994629e+01,-6.542587280273437500e+00,2.865502834320068359e+00,-2.968013805808000227e-01,1.622366131510033505e-02,-6.825876972984999957e-01,-6.381967722200188042e-02,-1.932435884630999023e+00,-4.967931181500051530e-02,1.086975368215999715e+01,-4.839249591620010449e+00,1.634297378700003911e+00
-3.112956553237125612e-01,1.659607753500405222e-02,-6.977634590677018744e-01,-9.360355064272765646e-02,-2.021289268881081291e+00,-5.305330455303064463e-02,1.255434513092041016e+01,-6.017848253250122070e+00,2.678257226943969727e+00,-2.968945791941882129e-01,-3.332662014761567093e-03,-6.830057869710473017e-01,4.532175557786688458e-02,-1.977782676149567376e+00,-3.419211999380844524e-02,1.095483721873089955e+01,-4.211381539873001678e+00,1.482492584435413985e+00
-3.109921727837607341e-01,-4.168098990171505841e-03,-6.980355922690625325e-01,3.034825399518127631e-02,-2.076417652517555723e+00,-2.721332013606897471e-02,1.239518046379089355e+01,-5.512838363647460938e+00,2.583998441696166992e+00,-2.958924781465482878e-01,-2.330913527987027445e-02,-6.832745854634532101e-01,1.552034424561157255e-01,-2.016268196437057014e+00,-1.961264387160133182e-02,1.101783313121955743e+01,-3.464898893569243299e+00,1.455761211967490087e+00
-3.094648911343499953e-01,-2.543032534077698317e-02,-6.980469559839959093e-01,1.527281649410736075e-01,-2.126222635060547539e+00,-1.136371493338259736e-03,1.223799109458923340e+01,-4.980498254299163818e+00,2.607694864273071289e+00,-2.937887764424284009e-01,-4.363100301706862583e-02,-6.833966119747925116e-01,2.656053551581196714e-01,-2.046642454929129329e+00,-4.598503163430134322e-03,1.105890989808763436e+01,-2.586937208788187448e+00,1.572576802569690901e+00
-3.067231919081493952e-01,-4.712916066154770878e-02,-6.977819090000385582e-01,2.741699226200592365e-01,-2.169883532077072630e+00,2.650469839573034447e-02,1.214417576789855957e+01,-4.366089701652526855e+00,2.764106988906860352e+00,-2.905793650590339783e-01,-6.421035703161886987e-02,-6.833600237113913733e-01,3.763091157881794935e-01,-2.067523930327525683e+00,1.238177968331388712e-02,1.107822902642298857e+01,-1.564052713693577346e+00,1.852288470362016159e+00
-3.027637023167296659e-01,-6.918773340836098518e-02,-6.972211259416336571e-01,3.959489591419708687e-01,-2.205857274681328306e+00,5.607830584049353084e-02,1.217790365219116211e+01,-3.597374260425567627e+00,2.957360744476318359e+00,-2.862623107998297778e-01,-8.494479191657078321e-02,-6.831366808153243042e-01,4.870979245087170284e-01,-2.077393715251734108e+00,3.305763127320249239e-02,1.107594453452625238e+01,-3.822098946993914836e-01,2.315140113478118877e+00
-2.975397926928087244e-01,-9.146658528253365228e-02,-6.963873306623692416e-01,5.223909623920929279e-01,-2.227885187417267154e+00,8.337952792644628963e-02,1.264420032501220703e+01,-2.202791273593902588e+00,2.730122208595275879e+00,-2.808378408970226281e-01,-1.057160013979543400e-01,-6.826801218145068795e-01,5.977564820653333832e-01,-2.074589536752328822e+00,5.936547115874191149e-02,1.105220243449733353e+01,9.732309173641056077e-01,2.982289625232381169e+00
-2.910439679907246280e-01,-1.137300230938188966e-01,-6.952516410759682630e-01,6.495824702084076474e-01,-2.226343781128524046e+00,1.135689586400998596e-01,1.271915078163146973e+01,1.541406288743019104e-01,3.018943071365356445e+00,-2.743083284146623502e-01,-1.263883142644141588e-01,-6.819234476732707328e-01,7.080709071377344621e-01,-2.057299652685957270e+00,9.345794784801686461e-02,1.100714021482198923e+01,2.517525961084368546e+00,3.875828105286950098e+00
-2.833389803381248240e-01,-1.357306406910710195e-01,-6.936941114178890588e-01,7.704987652599823988e-01,-2.200061759725211452e+00,1.557529658079160328e-01,1.209162950515747070e+01,2.628202140331268311e+00,4.218400716781616211e+00,-2.666782785041055259e-01,-1.468071686399017306e-01,-6.807771125223058828e-01,8.178286485165271458e-01,-2.023556623951997757e+00,1.377133669239971603e-01,1.094088632295836483e+01,4.266560458300572733e+00,5.018799070818896979e+00
-2.744787916080637658e-01,-1.572021808180205649e-01,-6.915903888157600710e-01,8.860188730061067108e-01,-2.147154012694953096e+00,2.103722602128995645e-01,1.155201077461242676e+01,5.290774703025817871e+00,5.461929440498352051e+00,-2.579543155635808938e-01,-1.667975233580435424e-01,-6.791266191468476876e-01,9.268183921058708030e-01,-1.971230962590867719e+00,1.947453112755312965e-01,1.085355964792352168e+01,6.236861027937576907e+00,6.435217667687227916e+00
-2.644638836444898056e-01,-1.778899468074731649e-01,-6.888387922755474513e-01,1.001490796357394464e+00,-2.068776598945258449e+00,2.751596540212644104e-01,1.154719233512878418e+01,7.837741374969482422e+00,6.478739380836486816e+00,-2.481450000000000045e-01,-1.861619999999999941e-01,-6.768300000000000427e-01,1.034828999999999999e+00,-1.898025000000000073e+00,2.674130000000000118e-01,1.074526999999999965e+01,8.445608000000000004e+00,8.150092000000000780e+00
-2.529954044805450830e-01,-1.976189869868748006e-01,-6.853512357882255435e-01,1.146847916394473366e+00,-1.972904017940162014e+00,3.487556487321866738e-01,1.453571200370788574e+01,9.587258100509643555e+00,7.359599471092224121e+00,-2.372618271899460396e-01,-2.046822103237691814e-01,-6.737182839255052569e-01,1.141527508059947627e+00,-1.802354883186788603e+00,3.578255120029867342e-01,1.057847565042403204e+01,1.064293832963887176e+01,9.887301321979082402e+00
-2.398156411559863310e-01,-2.164143528307966857e-01,-6.809315196833604089e-01,1.317976332455874644e+00,-1.879536584392188292e+00,4.419716104865087369e-01,1.711284160614013672e+01,9.336743354797363281e+00,9.321596175432205200e+00,-2.253215947601006075e-01,-2.221403945975126970e-01,-6.696200846076161284e-01,1.246083352602412209e+00,-1.686073309751405791e+00,4.642603117710211169e-01,1.031714379561223005e+01,1.256816785469183628e+01,1.135492075510018140e+01
-2.251931186752004765e-01,-2.341988967362038654e-01,-6.753739865235083295e-01,1.462252248078585781e+00,-1.778454390540717300e+00,5.557533159852041660e-01,1.442759156227111816e+01,1.010821938514709473e+01,1.137817054986953735e+01,-2.123504142218960999e-01,-2.383440136264562137e-01,-6.643886184200835654e-01,1.347563894286642583e+00,-1.551892102858368538e+00,5.840338885546356718e-01,9.963876312327222706e+00,1.422324805146636351e+01,1.255555490088378967e+01
-2.093719187737984599e-01,-2.507889189760379445e-01,-6.685343296191684770e-01,1.582119990140200771e+00,-1.659002223983405244e+00,6.839656904339803667e-01,1.198677420616149902e+01,1.194521665573120117e+01,1.282123744487762451e+01,-1.983835878303144007e-01,-2.531275372233164900e-01,-6.579037936959499788e-01,1.445064187603095851e+00,-1.402500055774072329e+00,7.144926751334446102e-01,9.521613393082571264e+00,1.561084143666667856e+01,1.349259669391933691e+01
-1.925340563939494931e-01,-2.659837376254789443e-01,-6.603064201585047144e-01,1.683786237984896905e+00,-1.519481864944098648e+00,8.227909460663809238e-01,1.016662478446960449e+01,1.395203590393066406e+01,1.388252556324005127e+01,-1.834653143994835200e-01,-2.663521775559617444e-01,-6.500718709925757954e-01,1.537710463121984894e+00,-1.240555581061202339e+00,8.530211960556413064e-01,8.993653364350622681e+00,1.673436964771812896e+01,1.417028038362687781e+01
-1.748247767300886713e-01,-2.796040348525337671e-01,-6.506167834362975855e-01,1.770927966386081076e+00,-1.362029722705481616e+00,9.689636722207083386e-01,8.714172840118408203e+00,1.574521422386169434e+01,1.461727261543273926e+01,-1.676483593048789800e-01,-2.779055465829998184e-01,-6.408250392251825245e-01,1.624663807923905967e+00,-1.068678878969899548e+00,9.970507456951130942e-01,8.383672504770384393e+00,1.759806152309156602e+01,1.459373451601874727e+01
-1.563670418994111411e-01,-2.915027623030535531e-01,-6.394213411620847110e-01,1.845773483067752130e+00,-1.189872745051978153e+00,1.119544227421285232e+00,7.484551668167114258e+00,1.721569776535034180e+01,1.505805552005767822e+01,-1.509936866903083263e-01,-2.877012327692611282e-01,-6.301209023707372570e-01,1.705124044212543488e+00,-8.894436250256871901e-01,1.144068596126169179e+00,7.695744863355396426e+00,1.820700118262772094e+01,1.476903491546124414e+01
-1.372669167579693150e-01,-3.015666356275967797e-01,-6.267025065085879421e-01,1.910012514144183493e+00,-1.006387332454321992e+00,1.271883465349675779e+00,6.423903107643127441e+00,1.834854125976562500e+01,1.523392379283905029e+01,-1.335700518978565898e-01,-2.956782922731466812e-01,-6.179418714440003679e-01,1.778333806109461346e+00,-7.053681768141362163e-01,1.291627734815901540e+00,6.934362077701541338e+00,1.856717610786160222e+01,1.470325766643630416e+01
-1.176153684245032499e-01,-3.097151706743232480e-01,-6.124668883196107139e-01,1.965154833346606678e+00,-8.148535046726447240e-01,1.423561818897725706e+00,5.514231920242309570e+00,1.915338277816772461e+01,1.516783535480499268e+01,-1.154535521389772335e-01,-3.018006497978031888e-01,-6.042944564475638547e-01,1.843582814630954747e+00,-5.189062999623219596e-01,1.437357132134130300e+00,6.104453192194990052e+00,1.868552522234681845e+01,1.440453209530315704e+01
-9.748986755922260661e-02,-3.158991692925981476e-01,-5.967433735094062053e-01,2.012550086528064330e+00,-6.183998618274908488e-01,1.572351481020452191e+00,4.739525318145751953e+00,1.964536428451538086e+01,1.487896621227264404e+01,-9.672713342490024679e-02,-3.060564042980999933e-01,-5.892084529977001939e-01,1.900212350846999243e+00,-3.324374133170024948e-01,1.578972538680998294e+00,5.211404476220011794e+00,1.856998697198000059e+01,1.388209375206000828e+01
-7.695723263785064772e-02,-3.200993008616558333e-01,-5.795812828353634760e-01,2.053263492137195279e+00,-4.200131569057684588e-01,1.716209067404271815e+00,4.071340560913085938e+00,1.983867049217224121e+01,1.438575863838195801e+01,-7.748005177454253545e-02,-3.084570347353690067e-01,-5.727360183278478178e-01,1.947619927222270730e+00,-1.482563533195695449e-01,1.714287812432164770e+00,4.261079242366853315e+00,1.822954740532516382e+01,1.314633739210572116e+01
-5.607830390944897048e-02,-3.223254161219290537e-01,-5.610486274025431319e-01,2.087892872840167779e+00,-2.226115260273199559e-01,1.853265543282033745e+00,3.462938070297241211e+00,1.974016308784484863e+01,1.370564758777618408e+01,-5.780728671809692854e-02,-3.090365010718797434e-01,-5.549506313715565353e-01,1.985264157139242647e+00,3.143734242224716091e-02,1.841226775701621410e+00,3.259837664639602117e+00,1.767428825393808012e+01,1.220886995800147190e+01
-3.491486206516442037e-02,-3.226181312280884672e-01,-5.412321654669037807e-01,2.116344184428454955e+00,-2.927151061594299164e-02,1.981646193563939784e+00,2.845131158828735352e+00,1.933400154113769531e+01,1.283806502819061279e+01,-3.780890511448015134e-02,-3.078502356970135856e-01,-5.359459316267167761e-01,2.012669822603364800e+00,2.045506323659198600e-01,1.957835601922124358e+00,2.214556596664044363e+00,1.691543501269065786e+01,1.108256356123242625e+01
-1.353819515421803704e-02,-3.210559066350749391e-01,-5.202461639306537045e-01,2.137666691094638249e+00,1.562224593013543661e-01,2.098600153625012954e+00,2.132250666618347168e+00,1.854939699172973633e+01,1.169539600610733032e+01,-1.758937330081863926e-02,-3.049740204771079766e-01,-5.158344315028963178e-01,2.029433140130320723e+00,3.691086490689050592e-01,2.062295732243240476e+00,1.132649389895542313e+00,1.596540502009532148e+01,9.781608463969423184e+00
7.965333507807908359e-03,-3.177680517587057052e-01,-4.982624201289406751e-01,2.150352866202594360e+00,3.287854876369256663e-01,2.198374380171300491e+00,1.268617510795593262e+00,1.725630283355712891e+01,9.977422654628753662e+00,2.743184407849041939e-03,-3.005027446209351805e-01,-4.947460968536088188e-01,2.035227224815359115e+00,5.232668580266710556e-01,2.152937321947014926e+00,2.208571182688423562e-02,1.483785553862938400e+01,8.321566060830631884e+00
2.951133590698428594e-02,-3.129399987946441808e-01,-4.755475527904025057e-01,2.154600239917637605e+00,4.828052964061517738e-01,2.271486733853818496e+00,4.247373715043067932e-01,1.540198087692260742e+01,7.311235368251800537e+00,2.307778285047284994e-02,-2.945490385527855803e-01,-4.728267903953370377e-01,2.029807752584712244e+00,6.653236973139673438e-01,2.228253216681249871e+00,-1.108588635803846145e+00,1.354773183505941248e+01,6.719421860643235433e+00
5.105931497872064073e-02,-3.067700242626658080e-01,-4.523953492454281800e-01,2.154797907173635174e+00,6.169974531978388299e-01,2.315220354497434130e+00,1.976672559976577759e-02,1.341921567916870117e+01,4.373362064361572266e+00,4.330143076531706159e-02,-2.872417789851214875e-01,-4.502365727151353414e-01,2.013018820629083994e+00,7.937336980293423494e-01,2.286913458510406727e+00,-2.250231898805397535e+00,1.211131526076562714e+01,4.993638468205087833e+00
7.251883455872726314e-02,-2.993677134479573176e-01,-4.289818292818060597e-01,2.145951958000661630e+00,7.402310814708490394e-01,2.341351996362210919e+00,-8.845949172973632812e-01,1.232336282730102539e+01,2.613164186477661133e+00,6.330004513053100190e-02,-2.787244603827697120e-01,-4.271478555686356038e-01,1.984799006019223544e+00,9.071210855428981645e-01,2.327780321784117756e+00,-3.393086552325504712e+00,1.054627133206625444e+01,3.164208566046388782e+00
9.366187138617231012e-02,-2.907577693763365723e-01,-4.054103517047157879e-01,2.114303682744504531e+00,8.609944071620722061e-01,2.357147757709027847e+00,-3.164827525615692139e+00,1.207633256912231445e+01,1.579576134681701660e+00,8.295942708178621894e-02,-2.691534280106204768e-01,-4.037434021702792641e-01,1.945187622503574021e+00,1.004293861547296274e+00,2.349923878823318990e+00,-4.526759482643006649e+00,8.871697810541915530e+00,1.252707896191385117e+00
1.139279807186146104e-01,-2.809184334914376358e-01,-3.817423998377313943e-01,2.026610933244229695e+00,9.839335884898919860e-01,2.366795186698438247e+00,-8.769274950027465820e+00,1.229391813278198242e+01,9.647428989410400391e-01,1.021663013887998961e-01,-2.586959677568000382e-01,-3.802141691776000920e-01,1.894331175488000119e+00,1.084258366911999616e+00,2.352638095423999598e+00,-5.640202168959996598e+00,7.108172783360000579e+00,-7.176517580799988139e-01
1.333394238179941571e-01,-2.700295974987735326e-01,-3.580158102325191605e-01,1.941144309937955281e+00,1.088883599266411650e+00,2.372658960521222493e+00,-8.546662330627441406e+00,1.049500107765197754e+01,5.863773822784423828e-01,1.208094214725668469e-01,-2.475282479232843724e-01,-3.567569850713820379e-01,1.832490015197596023e+00,1.146234325340762528e+00,2.335457456178568592e+00,-6.721690865193947317e+00,5.277802743599056434e+00,-2.721969590470457945e+00
1.520634555494805029e-01,-2.584623090143491897e-01,-3.344467439017286270e-01,1.872403173148633471e+00,1.156728848442436952e+00,2.356906633079053126e+00,-6.874113678932189941e+00,6.784524917602539062e+00,-1.575232744216918945e+00,1.387807419451191349e-01,-2.358331081759220127e-01,-3.335720596335140509e-01,1.760045188020570084e+00,1.189670367832368569e+00,2.298174119614832644e+00,-7.758806781769850502e+00,3.404270670573110280e+00,-4.733602789903658348e+00
1.700351703888197674e-01,-2.464337929341187117e-01,-3.112377351633300870e-01,1.797171483933927005e+00,1.202851608023049135e+00,2.320900873839856438e+00,-7.523168921470642090e+00,4.612275958061218262e+00,-3.600575923919677734e+00,1.559766606536355793e-01,-2.237976908458335357e-01,-3.108603192243683533e-01,1.677505486034209348e+00,1.214260037944601134e+00,2.240855603152598352e+00,-8.738416267412356220e+00,1.512884110156145212e+00,-6.724113558762558895e+00
1.871773807978650006e-01,-2.338792960833002976e-01,-2.886788743398179813e-01,1.714221040904523319e+00,1.255449685081841293e+00,2.255886082351208799e+00,-8.295044302940368652e+00,5.259807705879211426e+00,-6.501479148864746094e+00,1.722993322107209124e-01,-2.116109097741544209e-01,-2.888205625615241079e-01,1.585514694712922168e+00,1.219958277861469043e+00,2.163862997877886940e+00,-9.646650990937908787e+00,-3.693767448936533526e-01,-8.663216131127711606e+00
2.032809274619837847e-01,-2.209603191840638359e-01,-2.669863005093326414e-01,1.610354666411877966e+00,1.291897689923645842e+00,2.169257383048535548e+00,-1.038663744926452637e+01,3.644800484180450439e+00,-8.662869930267333984e+00,1.876580549926757935e-01,-1.994607518920898936e-01,-2.676464317016602479e-01,1.484859038818359123e+00,1.206998395263671586e+00,2.067869713134765863e+00,-1.046888812304687555e+01,-2.213810974609380366e+00,-1.051872379101563126e+01
2.180435120737573007e-01,-2.080170233476151542e-01,-2.464120383224477351e-01,1.476258461177350378e+00,1.294329583644868720e+00,2.057426218688489072e+00,-1.340962052345275879e+01,2.431893721222877502e-01,-1.118311643600463867e+01,2.019707335875785548e-01,-1.875314067282493335e-01,-2.475231929274427922e-01,1.376474826471614676e+00,1.175909511002299901e+00,1.953880750934796851e+00,-1.118973051811569697e+01,-3.989948851491156745e+00,-1.225649589061710643e+01
2.313143527632972318e-01,-1.953266958820809307e-01,-2.271649107447852589e-01,1.327084068953992224e+00,1.269032746553422797e+00,1.924712757766247950e+00,-1.491743922233581543e+01,-2.529683709144592285e+00,-1.327134609222412109e+01,2.151654186749993869e-01,-1.760002190352264184e-01,-2.286243222412294718e-01,1.261456291407503372e+00,1.127534487575798661e+00,1.823252510184105724e+00,-1.179298689598899763e+01,-5.665503760181689330e+00,-1.384038486853551575e+01
2.430994598245641569e-01,-1.830879026579846081e-01,-2.093915211222161510e-01,1.178510706126691288e+00,1.223879322409631598e+00,1.777338962256909571e+00,-1.485733628273010254e+01,-4.515342414379119873e+00,-1.473737955093383789e+01,2.271819263191676153e-01,-1.650344597273940006e-01,-2.111078901674148245e-01,1.141063633410919653e+00,1.063048338410156113e+00,1.677713120728058893e+00,-1.226165202377175767e+01,-7.206324117141932106e+00,-1.523218326802516387e+01
2.534441313570758858e-01,-1.714765658605087728e-01,-1.932058738282908528e-01,1.034467153251172444e+00,1.161133679747583303e+00,1.618564729392529600e+00,-1.440435528755187988e+01,-6.274564266204833984e+00,-1.587742328643798828e+01,2.379735386574124978e-01,-1.547879103218815777e-01,-1.951127405652417490e-01,1.016731256935271999e+00,9.839771179423411063e-01,1.519383307213566958e+00,-1.257788689762140599e+01,-8.576345290326614190e+00,-1.639157075522960483e+01
2.623957037007829673e-01,-1.606639130640018787e-01,-1.787042213044156003e-01,8.951572343707098200e-01,1.081265279650690081e+00,1.450165252387524806e+00,-1.393099188804626465e+01,-7.986840009689331055e+00,-1.683994770050048828e+01,2.475087879656999723e-01,-1.453972560747001652e-01,-1.807544581539000106e-01,8.900762079029989060e-01,8.922172925069995486e-01,1.350797782768998534e+00,-1.272299892454000947e+01,-9.737541518860020062e+00,-1.727606113742002591e+01
2.699994585043212769e-01,-1.508124231922615133e-01,-1.659679262748945949e-01,7.603754803538336215e-01,9.851489871740359838e-01,1.273629502952100090e+00,-1.347817540168762207e+01,-9.611629247665405273e+00,-1.765357494354248047e+01,2.557733260830835076e-01,-1.369782830039860955e-01,-1.681211194517397978e-01,7.629068086881601873e-01,7.900555920263601095e-01,1.174927172501713635e+00,-1.267742210416633775e+01,-1.064987783271148203e+01,-1.784094938123344321e+01
2.762992613291761490e-01,-1.420650380778301081e-01,-1.550610284469116917e-01,6.299802824854864314e-01,8.747385114431399655e-01,1.090689782798291541e+00,-1.303951978683471680e+01,-1.104104757308959961e+01,-1.829397201538085938e+01,2.627718811768923746e-01,-1.296218739923292729e-01,-1.572688218314203246e-01,6.372314912811150034e-01,6.801893425034339913e-01,9.952004668132130583e-01,-1.242069721056809506e+01,-1.127126197237105032e+01,-1.803925863091119908e+01
2.813372126048824806e-01,-1.345328406321990578e-01,-1.460258845499743108e-01,5.037951275706304965e-01,7.532197445631045873e-01,9.035143896937383179e-01,-1.261851549148559570e+01,-1.215187668800354004e+01,-1.871753931045532227e+01,2.685303038304765466e-01,-1.233897991601511646e-01,-1.482169853928189118e-01,5.152678286352556647e-01,5.657472793183915272e-01,8.155280045318956672e-01,-1.193145197403395663e+01,-1.155749630852518095e+01,-1.782168722653713289e+01
2.851529278433344583e-01,-1.282832540798175269e-01,-1.388781164846409344e-01,3.815715238451971580e-01,6.249586552381534155e-01,7.147768065333379717e-01,-1.222236037254333496e+01,-1.282610893249511719e+01,-1.887375831604003906e+01,2.730977044353290473e-01,-1.183102957021052587e-01,-1.409434223555251497e-01,3.994517641958601484e-01,4.503108413282590483e-01,6.403249858634634251e-01,-1.118738126286576851e+01,-1.146222976173222463e+01,-1.713655572227604296e+01
2.877841293936989620e-01,-1.233287840712058298e-01,-1.336001322976339833e-01,2.631201550364508090e-01,4.954470008611697729e-01,5.277984187006963257e-01,-1.184513688087463379e+01,-1.295116543769836426e+01,-1.869783878326416016e+01,2.765486838694085070e-01,-1.143734323784633133e-01,-1.353791686727430221e-01,2.924470396109847270e-01,3.379359457697965752e-01,4.745355151588908083e-01,-1.016522726517064079e+01,-1.093690972209814660e+01,-1.592975390461190699e+01
2.892699789381049102e-01,-1.196141623187052805e-01,-1.301304223797310200e-01,1.485849544405951073e-01,3.714621752500552598e-01,3.469709917902958907e-01,-1.145352005958557129e+01,-1.239848256111145020e+01,-1.808274269104003906e+01,2.789856594434790282e-01,-1.115262538534564501e-01,-1.314030725684238732e-01,1.971548206244534418e-01,2.331752439656562537e-01,3.236571735000748906e-01,-8.840759670653158153e+00,-9.930733968952150548e+00,-1.414468781058625524e+01
2.896587430065892255e-01,-1.169977336156355768e-01,-1.283435604385126383e-01,3.887640684843202132e-02,2.616428703069705319e-01,1.786861941218388650e-01,-1.097085475921630859e+01,-1.098193049430847168e+01,-1.682847976684570312e+01,2.805412880972925627e-01,-1.096677000725391760e-01,-1.288361346994557621e-01,1.167235211509247694e-01,1.411008578337638042e-01,1.937661211030299591e-01,-7.188755852407405555e+00,-8.390602590522224347e+00,-1.172222674603652592e+01
2.890221635377429044e-01,-1.152218959856020630e-01,-1.280146562418926492e-01,-6.365794688463072282e-02,1.775837630033511583e-01,3.289041966199998668e-02,-1.025343537330627441e+01,-8.405910730361938477e+00,-1.457957744598388672e+01,2.813809888274304005e-01,-1.086432958705418339e-01,-1.274355946447335297e-01,5.455882553303315063e-02,6.732759719995473624e-02,9.154272953877179431e-02,-5.182981048709217831e+00,-6.261069903610909648e+00,-8.600650303834306953e+00
2.874796542054436910e-01,-1.138760678994642783e-01,-1.287771221510160546e-01,-1.542509332299218661e-01,1.345828086137790258e-01,-7.624659091234083086e-02,-9.059298634529113770e+00,-4.300095438957214355e+00,-1.091370105743408203e+01,2.817055663286274769e-01,-1.082396060026817458e-01,-1.268887584229313470e-01,1.433390898061337460e-02,1.803665791385689054e-02,2.429774377176111000e-02,-2.796168544808230294e+00,-3.484296373270767688e+00,-4.715595382123805024e+00
2.853230202174208974e-01,-1.124267707693563795e-01,-1.301789492032516538e-01,-2.156633988022790549e-01,1.449297130107898290e-01,-1.401827052235590787e-01,-6.141246557235717773e+00,1.034690439701080322e+00,-6.393611431121826172e+00,2.817055663286274769e-01,-1.082396060026817458e-01,-1.268887584229313470e-01,1.433390898061337460e-02,1.803665791385689054e-02,2.429774377176111000e-02,-2.796168544808230294e+00,-3.484296373270767688e+00,-4.715595382123805024e+00
