-2.719970387196540829e-01,1.296910740171372811e-01,7.635828284168243441e-01,4.379612803459167342e-02,-3.925982862710952867e-04,-6.821715831756591797e-02,4.379612803459167480e+00,-3.925982862710952759e-02,-6.821715831756591797e+00,-2.724007349212534956e-01,1.297266789126629571e-01,7.642861621893495272e-01,1.020284566901055040e-02,9.398855179736835888e-03,6.291563761283059178e-03,2.009903823247490173e+00,1.837914602575001499e+00,1.235505738711295765e+00
-2.714527800357341980e-01,1.296759189103543763e-01,7.630981972360610932e-01,5.442586839199066440e-02,-1.515510678291320757e-03,-4.846311807632446012e-02,1.062974035739898682e+00,-1.122912392020225525e-01,1.975404024124145508e+00,-2.721670109242135260e-01,1.299400747413354262e-01,7.644297424124618656e-01,3.958550786984640218e-02,3.592850090968550264e-02,2.425711189858303571e-02,3.836047278412479944e+00,3.426907797032051395e+00,2.335118515358271640e+00
-2.703963881707191486e-01,1.298443633948266618e-01,7.628494683647155661e-01,1.056391865015030018e-01,1.684444844722747872e-02,-2.487288713455199779e-02,5.121331810951232910e+00,1.835995912551879883e+00,2.359023094177246094e+00,-2.721670109242135260e-01,1.299400747413354262e-01,7.644297424124618656e-01,3.958550786984640218e-02,3.592850090968550264e-02,2.425711189858303571e-02,3.836047278412479944e+00,3.426907797032051395e+00,2.335118515358271640e+00
-2.690593050992489133e-01,1.299922225248813790e-01,7.627958217406273222e-01,1.337083071470260842e-01,1.478591300547123059e-02,-5.364662408828730494e-03,2.806912064552307129e+00,-2.058535441756248474e-01,1.950822472572326660e+00,-2.703890140215828297e-01,1.315233586009985911e-01,7.655106882312159300e-01,1.485602563476480231e-01,1.305664024927682410e-01,8.983638305386494605e-02,6.940023973084159969e+00,5.877596398337638028e+00,4.135116119573503113e+00
-2.669413675642013928e-01,1.309198793877661415e-01,7.633293736422062103e-01,2.117937535047531572e-01,9.276568628847599307e-02,5.335519015789032260e-02,7.808544635772705078e+00,7.797977328300476074e+00,5.871985256671905518e+00,-2.685343240877109405e-01,1.331384072126937657e-01,7.666280940727812077e-01,2.245112804348437519e-01,1.938976515005625123e-01,1.348201137303124963e-01,8.220182382906250140e+00,6.750300573129999648e+00,4.840360391049999045e+00
-2.639755938923359357e-01,1.325696453896165194e-01,7.644610170269012794e-01,2.965773671865463701e-01,1.649766001850366814e-01,1.131643384695053128e-01,8.478361368179321289e+00,7.221091389656066895e+00,5.980914831161499023e+00,-2.658591083098451602e-01,1.354265951617807662e-01,7.682284845816244045e-01,3.123669679992287507e-01,2.648161576533403783e-01,1.862230579420953158e-01,9.321273018066237981e+00,7.396146857172441358e+00,5.419454261541694073e+00
-2.600988848781586316e-01,1.349644436423480809e-01,7.662255672657489747e-01,3.876709014177323054e-01,2.394798252731561994e-01,1.764550238847732433e-01,9.109353423118591309e+00,7.450322508811950684e+00,6.329068541526794434e+00,-2.622532401551059267e-01,1.384525644286833668e-01,7.703697951145472844e-01,4.103467937087642570e-01,3.410872744270366241e-01,2.427990545870191141e-01,1.024539325851922911e+01,7.822018642338890437e+00,5.875514693195670546e+00
-2.552508520162106165e-01,1.381460407298803761e-01,7.686566064202785542e-01,4.848032861948013972e-01,3.181597087532282431e-01,2.431039154529571478e-01,9.713238477706909180e+00,7.867988348007202148e+00,6.664889156818389893e+00,-2.576242866972057177e-01,1.422589644854917457e-01,7.730976601528180003e-01,5.166932481527808374e-01,4.205481349898403942e-01,3.033345833305701733e-01,1.099505242964991858e+01,8.035392306996428147e+00,6.211954850172926257e+00
-2.493783439373970512e-01,1.421530826349556853e-01,7.717817034864425940e-01,5.872508078813553078e-01,4.007041905075312549e-01,3.125097066164016502e-01,1.024475216865539551e+01,8.254448175430297852e+00,6.940579116344451904e+00,-2.576242866972057177e-01,1.422589644854917457e-01,7.730976601528180003e-01,5.166932481527808374e-01,4.205481349898403942e-01,3.033345833305701733e-01,1.099505242964991858e+01,8.035392306996428147e+00,6.211954850172926257e+00
-2.426956841027737011e-01,1.463732531961799144e-01,7.753305855238438182e-01,6.682659834623336792e-01,4.220170561224222960e-01,3.548882037401199230e-01,8.101517558097839355e+00,2.131286561489105225e+00,4.237849712371826172e+00,-2.518972575078574083e-01,1.468672001253888970e-01,7.764457547172257668e-01,6.296760629282497357e-01,5.011136970208286412e-01,3.666517858092125937e-01,1.157319292866740845e+01,8.044360206745476916e+00,6.432495935279901822e+00
-2.351310664987564525e-01,1.511991470788419667e-01,7.794895454192162232e-01,7.564617604017257468e-01,4.825893882662058432e-01,4.158959895372390525e-01,8.819577693939208984e+00,6.057233214378356934e+00,6.100778579711914062e+00,-2.450143102409999829e-01,1.522782408898000206e-01,7.804361665869999909e-01,7.475966469900000577e-01,5.807830174359999154e-01,4.316116051999998593e-01,1.198321135099999957e+01,7.857653665159998191e+00,6.541179026599998281e+00
-2.266097689545155114e-01,1.567640791904926778e-01,7.843233948493004704e-01,8.521297544240951094e-01,5.564932111650705560e-01,4.833849430084228294e-01,9.566799402236938477e+00,7.390382289886474609e+00,6.748895347118377686e+00,-2.369344107972024827e-01,1.584734943923394590e-01,7.850798005062573637e-01,8.687927342648844586e-01,6.576457570217110193e-01,4.971170441565024856e-01,1.222897961668998867e+01,7.484665964527680515e+00,6.542376914125094700e+00
-2.170720461583137972e-01,1.630790356208384473e-01,7.898492488408089818e-01,9.537722796201705266e-01,6.314956430345773919e-01,5.525853991508483665e-01,1.016425251960754395e+01,7.500243186950683594e+00,6.920045614242553711e+00,-2.276329459556065138e-01,1.654157458386290303e-01,7.903768155616395230e-01,9.916432425298943309e-01,7.298889149755145578e-01,5.621165411110500276e-01,1.231486609678847799e+01,6.935475336590130269e+00,6.440805936387071107e+00
-2.064726758277416752e-01,1.700816553083062677e-01,7.960578320467472935e-01,1.059937033057212652e+00,7.002619687467813714e-01,6.208583205938339455e-01,1.061647534370422363e+01,6.876632571220397949e+00,6.827292144298553467e+00,-2.171012863607677257e-01,1.730501660410616593e-01,7.963170969148050116e-01,1.114573343554220664e+00,7.958037933544003240e-01,6.256074649432888934e-01,1.224575673975016876e+01,6.220867953283065965e+00,6.241537817089326090e+00
-1.947791374301910960e-01,1.776646914367378260e-01,8.029215437912942122e-01,1.169353839755058022e+00,7.583036128431558387e-01,6.863711744546890925e-01,1.094168066978454590e+01,5.804164409637451172e+00,6.551285386085510254e+00,-2.053462977517572230e-01,1.813053902275844065e-01,8.028807630734379197e-01,1.236059744505264124e+00,8.537931914304361936e-01,6.866397280150553506e-01,1.202707619782815840e+01,5.352360917476517876e+00,5.950011501738300623e+00
-1.819729439890385159e-01,1.856988880258799157e-01,8.104007064545155625e-01,1.280619344115256908e+00,8.034196589142084122e-01,7.479162663221360363e-01,1.112655043601989746e+01,4.511604607105255127e+00,6.154509186744689941e+00,-1.782679600893910810e-01,1.993171003458858170e-01,8.177531924329504154e-01,1.468899119131852782e+00,9.402090053232884381e-01,7.978131455089046975e-01,1.116552044570623892e+01,3.203508898957720952e+00,5.113847193706492433e+00
-1.678100647902489306e-01,1.942030644078553414e-01,8.185373565995693879e-01,1.416287919878959300e+00,8.504176381975412369e-01,8.136650145053864192e-01,1.356685757637023926e+01,4.699797928333282471e+00,6.574874818325042725e+00,-1.630306521875108661e-01,2.088589251881292630e-01,8.259784460309106402e-01,1.577513674482612371e+00,9.660664736640396377e-01,8.463510165078760306e-01,1.053637819655772923e+01,1.950059693318767051e+00,4.582029730737469997e+00
-1.523804943835735948e-01,2.029179121252895068e-01,8.272196425044536783e-01,1.542957040667533475e+00,8.714847717434167640e-01,8.682285904884339267e-01,1.266691207885742188e+01,2.106713354587554932e+00,5.456357598304748535e+00,-1.467407239261980523e-01,2.185949217962787072e-01,8.346613474787476505e-01,1.679219734770172723e+00,9.788765648129069685e-01,8.892317145341024354e-01,9.785172937417920380e+00,5.965483708073059388e-01,3.983618804401724223e+00
-1.357905735349655696e-01,2.116475951743126693e-01,8.363735743606091066e-01,1.658992084860801297e+00,8.729683049023151398e-01,9.153931856155396174e-01,1.160350441932678223e+01,1.483533158898353577e-01,4.716459512710571289e+00,-1.294732255479428829e-01,2.283898683336589297e-01,8.437421177839296016e-01,1.772838299481315660e+00,9.777155262110502898e-01,9.258262077044926430e-01,8.920339735453904240e+00,-8.415084499322498246e-01,3.326067018693703137e+00
-1.181959414160252131e-01,2.202107945528627153e-01,8.459989432537555754e-01,1.759463211894034984e+00,8.563199378550052643e-01,9.625368893146515337e-01,1.004711270332336426e+01,-1.664836704730987549e+00,4.714370369911193848e+00,-1.113145645439999887e-01,2.381000956543999902e-01,8.531550675199999212e-01,1.857278028480000120e+00,9.618190967040001205e-01,9.555821715199995792e-01,7.950979119999994182e+00,-2.347725274880002821e+00,2.617265219199996107e+00
-9.972268807649617428e-02,2.285381027978659330e-01,8.560632259094714813e-01,1.847325333952903437e+00,8.327308245003223197e-01,1.006428265571594372e+00,8.786212205886840820e+00,-2.358911335468292236e+00,4.389137625694274902e+00,-9.236159542540159362e-02,2.475751260444287172e-01,8.628293860097761003e-01,1.931542002261008584e+00,9.305913102491130129e-01,9.780284304647017812e-01,6.886878208952488478e+00,-3.904824743900439987e+00,1.865554329730895411e+00
-8.044405296206480482e-02,2.366207705435157405e-01,8.664253918373584495e-01,1.927863511443137723e+00,8.082667745649814162e-01,1.036216592788696378e+00,8.053817749023437500e+00,-2.446404993534088135e+00,2.978832721710205078e+00,-7.272064083511467492e-02,2.566594011490719307e-01,8.726899755163678440e-01,1.994734693467542508e+00,8.836135295304314852e-01,9.927795179711967899e-01,5.738531835164473627e+00,-5.494614640002190242e+00,1.079737188951870985e+00
-6.040636700153356742e-02,2.444539212357998426e-01,8.768934995973109991e-01,2.003768596053123296e+00,7.833150692284106542e-01,1.046810775995254517e+00,7.590508460998535156e+00,-2.495170533657073975e+00,1.059418320655822754e+00,-5.250644188870232099e-02,2.651941013863448049e-01,8.826583316256835232e-01,2.046069149672762766e+00,8.206537094809408517e-01,9.995403547523117327e-01,4.517163672840665001e+00,-7.097964898597854955e+00,2.690903870151288291e-01
-3.971133264660840767e-02,2.519201664474606805e-01,8.872859049284458344e-01,2.069503435492515475e+00,7.466245211660861303e-01,1.039240533113479525e+00,6.573483943939208984e+00,-3.669054806232452393e+00,-7.570242881774902344e-01,-3.184103563085005639e-02,2.730190591449993542e-01,8.926534710040829879e-01,2.084874387425279973e+00,7.416758907122323885e-01,9.981110454991251046e-01,3.234747363932156006e+00,-8.694784616763808316e+00,-5.566238978088972056e-01
-1.871495958924298750e-02,2.589242245775461582e-01,8.976544552886486228e-01,2.099637305736541837e+00,7.004058130085467626e-01,1.036855036020278842e+00,3.013387024402618408e+00,-4.621870815753936768e+00,-2.385497093200683594e-01,-1.085255749511715440e-02,2.799747680664061988e-01,9.025929077148436841e-01,2.110602997558594041e+00,6.468499228515618427e-01,9.883917939453117363e-01,1.904027644531247176e+00,-1.026399906250000527e+01,-1.387146062500001165e+00
2.385215493440576151e-03,2.653964105543494822e-01,9.079488429272174477e-01,2.110017508268356323e+00,6.472185976803301877e-01,1.029438763856887817e+00,1.038020253181457520e+00,-5.318721532821655273e+00,-7.416272163391113281e-01,1.032603334572546050e-02,2.859044907093440946e-01,9.123936792771014659e-01,2.122838961764477173e+00,5.365614177863249346e-01,9.703879362977937406e-01,5.385414712662333070e-01,-1.178352668398981073e+01,-2.211707242656703709e+00
2.347611871972675110e-02,2.711261456978321660e-01,9.180243177258967657e-01,2.109090322628617287e+00,5.729735143482683757e-01,1.007547479867935136e+00,-9.271856397390365601e-02,-7.424508333206176758e+00,-2.189128398895263672e+00,3.155830785141156003e-02,2.906564668967708265e-01,9.219734236509286029e-01,2.121305680430310314e+00,4.114219328159107181e-01,9.442150930337123160e-01,-8.473608523037743367e-01,-1.323025611885976183e+01,-3.019017475864736788e+00
4.437341688066716305e-02,2.758228614178300231e-01,9.277193549120424931e-01,2.089729816094040959e+00,4.696715719997881511e-01,9.695037186145781805e-01,-1.936050653457641602e+00,-1.033019423484802246e+01,-3.804376125335693359e+00,5.270580232058880155e-02,2.940862250436507286e-01,9.312515083322145948e-01,2.105874211740363933e+00,2.722793837109805382e-01,9.101044390637150761e-01,-2.238494549294092639e+00,-1.458002320343941882e+01,-3.797253865065472578e+00
6.482264678046102679e-02,2.792012351673841541e-01,9.368760486686228406e-01,2.044922989979386596e+00,3.378373749554156036e-01,9.156693756580351895e-01,-4.480682611465454102e+00,-1.318341970443725586e+01,-5.383434295654296875e+00,7.362953704456076665e-02,2.960589987649104859e-01,9.401502127410102938e-01,2.076571722041032242e+00,1.202286876801398063e-01,8.684080922615526887e-01,-3.618819243099598015e+00,-1.580758798202117354e+01,-4.534048741924499026e+00
8.462976925313468735e-02,2.810891180035471892e-01,9.454060303413867050e-01,1.980712247267365722e+00,1.887882836163042588e-01,8.529981672763823353e-01,-6.421074271202087402e+00,-1.490490913391113281e+01,-6.267120838165283203e+00,9.419162052099999682e-02,2.964522510625998697e-01,9.485959650869999482e-01,2.033590147469999554e+00,-4.337736375600115962e-02,8.196046203599994806e-01,-4.971417831000004561e+00,-1.688661171612000089e+01,-5.216477830199997001e+00
1.036918707402050138e-01,2.814015281271934343e-01,9.532785458409784862e-01,1.906210148707032426e+00,3.124101236462578646e-02,7.872515499591826726e-01,-7.450209856033325195e+00,-1.575472712516784668e+01,-6.574661731719970703e+00,1.142569413402743095e-01,2.951583083913295047e-01,9.565206348957637772e-01,1.977295066849381389e+00,-2.169170019833376595e-01,7.643046662130807967e-01,-6.278475357765017861e+00,-1.778963389373336668e+01,-5.831048409111310171e+00
1.219499679157137473e-01,2.800842859891056746e-01,9.604758358442782029e-01,1.825809717550874067e+00,-1.317242138087751091e-01,7.197290003299712247e-01,-8.040043115615844727e+00,-1.629652261734008789e+01,-6.752254962921142578e+00,1.336949498570219608e-01,2.920871069010608223e-01,9.638628823794949119e-01,1.908234785842789494e+00,-3.984881486054044353e-01,7.032566914246236589e-01,-7.521257889259532092e+00,-1.848804923860091520e+01,-6.363687476707337254e+00
1.393524101363122214e-01,2.770966319066285877e-01,9.669748245322703495e-01,1.740244222059846191e+00,-2.987654082477094741e-01,6.498988687992095503e-01,-8.556549549102783203e+00,-1.670411944389343262e+01,-6.983013153076171875e+00,1.523815317596198260e-01,2.871690531563213522e-01,9.705695658358333144e-01,1.827149632376353416e+00,-5.858968528470905879e-01,6.373528383431136257e-01,-8.680091386048838231e+00,-1.895208471946437712e+01,-6.799729913235077028e+00
1.558385139131545916e-01,2.724092841443419011e-01,9.727472271168231543e-01,1.648610377684235795e+00,-4.687347762286665498e-01,5.772402584552764893e-01,-9.163384437561035156e+00,-1.699693679809570312e+01,-7.265861034393310547e+00,1.702009756501787763e-01,2.803580016309202838e-01,9.765972082584790659e-01,1.734981463323696627e+00,-7.766454990509652490e-01,5.676349104228743947e-01,-9.734340577003855799e+00,-1.915077655932734046e+01,-7.123906644508096520e+00
1.713403944434225556e-01,2.660044030320644071e-01,9.777660322034358309e-01,1.550188053026795520e+00,-6.404881112277510669e-01,5.018805086612700972e-01,-9.842232465744018555e+00,-1.717533349990844727e+01,-7.535974979400634766e+00,1.870480367477110883e-01,2.716343512772373403e-01,9.819135243432499660e-01,1.632883382454844101e+00,-9.679207842661903261e-01,4.953004709515609894e-01,-1.066238783290626024e+01,-1.905194724471501289e+01,-7.320332805274995636e+00
1.857984487512707727e-01,2.578739531484245950e-01,9.820127778494357473e-01,1.445805430784821599e+00,-8.130449883639815356e-01,4.246745645999908114e-01,-1.043826222419738770e+01,-1.725568771362304688e+01,-7.720594406127929688e+00,2.028300988271042882e-01,2.610082634691601733e-01,9.864990090732452810e-01,1.522229669649099781e+00,-1.156581465930031971e+00,4.217090601439635877e-01,-1.144161204005377463e+01,-1.862218253493414721e+01,-7.372495902587912653e+00
1.991874876753985946e-01,2.480203545612096327e-01,9.854851370894908147e-01,1.338903892412781849e+00,-9.853598587214950077e-01,3.472359240055084006e-01,-1.069015383720397949e+01,-1.723148703575134277e+01,-7.743864059448242188e+00,2.174694365065460988e-01,2.485230036177428492e-01,9.903485890667792502e-01,1.404625921371858377e+00,-1.339145879641992165e+00,3.483885306021299866e-01,-1.204836747386528373e+01,-1.782680847133268287e+01,-7.263243979170931119e+00
2.115382812792062917e-01,2.364745833274721487e-01,9.882028099739550431e-01,1.235079360380768820e+00,-1.154577123373747183e+00,2.717672884464263916e-01,-1.038245320320129395e+01,-1.692172646522521973e+01,-7.546863555908203125e+00,2.309055799960350042e-01,2.342584087586603858e-01,9.934733378717468533e-01,1.281919402415355957e+00,-1.511779227030496608e+00,2.770415011418065343e-01,-1.245796267248609901e+01,-1.662986838655975319e+01,-6.974773776788667945e+00
2.229069376797974122e-01,2.233249051046370948e-01,9.902041663968561558e-01,1.136865640059113503e+00,-1.314967822283506615e+00,2.001356422901153509e-01,-9.821372032165527344e+00,-1.603906989097595215e+01,-7.163164615631103516e+00,2.430977844196183790e-01,2.183344834105344079e-01,9.959022563900861158e-01,1.156209608903398189e+00,-1.670280633712219798e+00,2.095519289851930922e-01,-1.264463931039310296e+01,-1.499409991382529483e+01,-6.488618899614688296e+00
2.333032920011877953e-01,2.087040818479656556e-01,9.915371749842165627e-01,1.039635432139039084e+00,-1.462082325667143134e+00,1.333008587360381969e-01,-9.723020792007446289e+00,-1.471145033836364746e+01,-6.683478355407714844e+00,2.540279999999999760e-01,2.009150000000000102e-01,9.976840000000000153e-01,1.029859000000000080e+00,-1.810070000000000068e+00,1.479920000000000124e-01,-1.258155200000000029e+01,-1.288091200000000036e+01,-5.785637999999999614e+00
2.426797595904767457e-01,1.927672276121377148e-01,9.922548712337015964e-01,9.376467589288950411e-01,-1.593685423582792637e+00,7.176962494850157304e-02,-1.019886732101440430e+01,-1.316030979156494141e+01,-6.153123378753662109e+00,2.637008031112799689e-01,1.822091098464491410e-01,9.988879874484283272e-01,9.050311087864129078e-01,-1.927278707839553018e+00,9.411217286631373691e-02,-1.238385924801180593e+01,-1.058330501482896935e+01,-5.001616552055387466e+00
2.509624086344242055e-01,1.756619270738958571e-01,9.923911408627031916e-01,8.282649043947458711e-01,-1.710530053824186769e+00,1.362696290016172929e-02,-1.093818545341491699e+01,-1.168446302413940430e+01,-5.814266204833984375e+00,2.721352288964085653e-01,1.624437689408376184e-01,9.995912518006779823e-01,7.821852565705642579e-01,-2.022184190053696984e+00,4.773509919891556763e-02,-1.218513279426416673e+01,-8.420118672384692360e+00,-4.284962054543624888e+00
2.580773608447611278e-01,1.574517123472689850e-01,9.919000222527979416e-01,7.114952210336924487e-01,-1.821021472662687657e+00,-4.911186099052430865e-02,-1.167696833610534668e+01,-1.104914188385009766e+01,-6.273882389068603516e+00,2.793511507296663754e-01,1.418353041250294821e-01,9.998654652739393800e-01,6.613321861582879269e-01,-2.096125887399367116e+00,8.191069372835674267e-03,-1.198528502240846372e+01,-6.390367520908256438e+00,-3.634862071227734415e+00
2.639625700512528428e-01,1.382218884077667520e-01,9.907389429056643326e-01,5.885209206491709422e-01,-1.922982393950224189e+00,-1.161079347133636697e-01,-1.229743003845214844e+01,-1.019609212875366211e+01,-6.699607372283935547e+00,2.853685544523847928e-01,1.205867003824592082e-01,9.997756456856295992e-01,5.424837152019786890e-01,-2.150432398672154743e+00,-2.518087661228843310e-02,-1.178418808727572475e+01,-4.492866828591518313e+00,-3.050377968295117537e+00
2.685423744754493192e-01,1.183382383507489422e-01,9.890568240725993165e-01,4.579804424196482482e-01,-1.988365005701780541e+00,-1.682118833065033292e-01,-1.305404782295227051e+01,-6.538261175155639648e+00,-5.210394859313964844e+00,2.902075511820734199e-01,9.888771940087738577e-02,9.993802503740304433e-01,4.256531532549688857e-01,-2.186419434166859688e+00,-5.303165280260932479e-02,-1.158167096164125098e+01,-2.726221835785628045e+00,-2.530438043588125296e+00
2.717932219380140291e-01,9.824936941236249444e-02,9.870364870274066504e-01,3.250847462564707691e-01,-2.008886893838644383e+00,-2.020337045192718839e-01,-1.328956961631774902e+01,-2.052188813686370850e+00,-3.382182121276855469e+00,2.938883944397528425e-01,7.691503913788029501e-02,9.987312834257604521e-01,3.108557483582645720e-01,-2.205387661660124898e+00,-7.600076225277196951e-02,-1.137751648298923612e+01,-1.088817007209607723e+00,-2.073830655834643100e+00
2.737675511749088630e-01,7.826143864512434545e-02,9.847783951604366370e-01,1.974329236894846740e-01,-1.998793076723814455e+00,-2.258091866970062533e-01,-1.276518225669860840e+01,1.009381711483001709e+00,-2.377548217773437500e+00,2.964315018908164623e-01,5.483241546400319244e-02,9.978744168971585005e-01,1.981091631596321179e-01,-2.208620444915160075e+00,-9.471486328092207363e-02,-1.117145840027739645e+01,4.211947158410804803e-01,-1.679197353878676857e+00
2.745519221970438850e-01,5.851288320094337470e-02,9.823275461637973605e-01,7.843710221350200240e-02,-1.974855544418097075e+00,-2.450848996639251876e-01,-1.189958214759826660e+01,2.393753230571746826e+00,-1.927571296691894531e+00,2.978574819947449326e-01,3.279086695815569552e-02,9.968491267166555980e-01,8.743398056504159133e-02,-2.197381474708545834e+00,-1.097862670160198451e-01,-1.096317842070159543e+01,1.805902663285957388e+00,-1.345026005910939126e+00
2.742659627185761728e-01,3.898634251177300614e-02,9.797308226668834941e-01,-2.859594784677021995e-02,-1.952654068917036634e+00,-2.596723496913910245e-01,-1.070330500602722168e+01,2.220147550106048584e+00,-1.458745002746582031e+00,2.981871658589970719e-01,1.092888393017815707e-02,9.956888439552127323e-01,-2.114576107754073675e-02,-2.172912292379129084e+00,-1.218113662374606387e-01,-1.075230325646045593e+01,3.067649184050994293e+00,-1.069643928699421487e+00
2.730170177841186319e-01,1.965444058150041945e-02,9.769989744865894554e-01,-1.248944934457539846e-01,-1.933190193027258585e+00,-2.731848180294036976e-01,-9.629854559898376465e+00,1.946387588977813721e+00,-1.351246833801269531e+00,2.974416445923999675e-01,-1.062733725469997004e-02,9.944211221519000388e-01,-1.276020032619997746e-01,-2.136429705899000275e+00,-1.313689955069999304e-01,-1.053840167152000085e+01,4.209040393859995177e+00,-8.512110168199997773e-01
2.708582703532278479e-01,5.471651029585605785e-04,9.741613063657283966e-01,-2.158747430890797792e-01,-1.910727547854185859e+00,-2.837668120861053800e-01,-9.098024964332580566e+00,2.246264517307281494e+00,-1.058199405670166016e+00,2.956423124533631430e-01,-3.176363347472344056e-02,9.930678213816959143e-01,-2.319020730755705362e-01,-2.089123098466558748e+00,-1.390187225929855330e-01,-1.032098152837826532e+01,5.232956923026053531e+00,-6.877128718869975899e-01
2.677933362224698133e-01,-1.825931347936404422e-02,9.712716796839236943e-01,-3.064934130758046327e-01,-1.880647858232260550e+00,-2.889626681804657315e-01,-9.061866998672485352e+00,3.007968962192535400e+00,-5.195856094360351562e-01,2.928109160882385598e-01,-5.237758669901476649e-02,9.916453097525818050e-01,-3.340080594179808404e-01,-2.032151629621662181e+00,-1.452990711868947793e-01,-1.009948683482992671e+01,6.142564664242991412e+00,-5.769539317837812931e-01
2.638116347925364980e-01,-3.667436981976045229e-02,9.683787503087519788e-01,-3.981701429933308667e-01,-1.841505634039641182e+00,-2.892929375171661710e-01,-9.167672991752624512e+00,3.914222419261932373e+00,-3.302693367004394531e-02,2.889696101551517682e-01,-7.237820730874000574e-02,9.901646830190103943e-01,-4.338761596882418914e-01,-1.966641328882860806e+00,-1.507256749121780870e-01,-9.873294790730923864e+00,6.941325520376777192e+00,-5.165505998933417331e-01
2.589097709232568989e-01,-5.461044523149742591e-02,9.655133588159083846e-01,-4.901863869279622365e-01,-1.793607541173697362e+00,-2.865391492843628041e-01,-9.201624393463134766e+00,4.789809286594390869e+00,2.753788232803344727e-01,2.841410196286264234e-01,-9.168558781725710816e-02,9.886320029988235891e-01,-5.314559969390821870e-01,-1.893682081906721937e+00,-1.557893626254080455e-01,-9.641712834763085382e+00,7.633008152256964607e+00,-5.039243743288768229e-01
2.530964511843025733e-01,-7.198745935440079013e-02,9.626897560799121401e-01,-5.813319738954304539e-01,-1.737701412290335590e+00,-2.823602735996246227e-01,-9.114558696746826172e+00,5.590612888336181641e+00,4.178875684738159180e-01,2.783483090803265392e-01,-1.102305259144680250e-01,9.870485554806976980e-01,-6.266899074990315288e-01,-1.814324509169234378e+00,-1.609541750097343016e-01,-9.403975691198750653e+00,8.221698726468124718e+00,-5.362949771643750196e-01
2.463906654962897402e-01,-8.873353000015037073e-02,9.599097259485721567e-01,-6.705785688012837475e-01,-1.674607064574957782e+00,-2.780030131340026633e-01,-8.924659490585327148e+00,6.309434771537780762e+00,4.357260465621948242e-01,2.716152592312395253e-01,-1.279541157605955104e-01,9.854111283091924189e-01,-7.195121990621473618e-01,-1.729576737169301826e+00,-1.666553124606442449e-01,-9.159242416665394515e+00,8.711811663141274309e+00,-6.106734836652032428e-01
2.388183393166959378e-01,-1.047852575558425731e-01,9.571661063277721038e-01,-7.572326179593800166e-01,-1.605172755569220566e+00,-2.743619620800017977e-01,-8.665404915809631348e+00,6.943430900573730469e+00,3.641051054000854492e-01,2.639663510706235505e-01,-1.448073064546048783e-01,9.837123103344810326e-01,-8.098483792453909924e-01,-1.640401062154320133e+00,-1.732970142640302136e-01,-8.906593446910257228e+00,9.108100383745311390e+00,-7.238554515186876870e-01
2.304094190919399321e-01,-1.200880495312811741e-01,9.544452392899990256e-01,-8.408920224756001316e-01,-1.530279197543860548e+00,-2.720867037773131991e-01,-8.365940451622009277e+00,7.489355802536010742e+00,2.275258302688598633e-01,2.554268578370435527e-01,-1.607504266024922801e-01,9.819408119138373081e-01,-8.976143546136456930e-01,-1.547710506367845795e+00,-1.812503690665616118e-01,-8.645027643564954900e+00,9.415668058878440050e+00,-8.724140500646946350e-01
2.211957303644716821e-01,-1.345963661897184305e-01,9.517285861814022141e-01,-9.213688727468251072e-01,-1.450831665843726359e+00,-2.716653108596801536e-01,-8.047685027122497559e+00,7.944753170013427734e+00,4.213929176330566406e-02,2.460229451568176073e-01,-1.757526739106601843e-01,9.800818076519586253e-01,-9.827156001723893475e-01,-1.452365266819338530e+00,-1.908510566383632145e-01,-8.373459340910116566e+00,9.639978356059627274e+00,-1.052693189526229922e+00
2.112093522945046598e-01,-1.482737948152424989e-01,9.489938285195828049e-01,-9.986378069967030147e-01,-1.367742862552405514e+00,-2.734757661819458008e-01,-7.726893424987792969e+00,8.308880329132080078e+00,-1.810455322265625000e-01,2.357817796352000284e-01,-1.897915687295999576e-01,9.781173020672000451e-01,-1.065046299327999879e+00,-1.355169056576001063e+00,-2.023970209279998822e-01,-8.090715392640001724e+00,9.786866187519995819e+00,-1.260800650239997545e+00
2.004812673763931019e-01,-1.610929688292744022e-01,9.462157029950619691e-01,-1.072808491811156228e+00,-1.281917401403189771e+00,-2.778125524520874134e-01,-7.417068481445312500e+00,8.582546114921569824e+00,-4.336786270141601562e-01,2.247316461956217204e-01,-2.028523704731044486e-01,9.760265188707966111e-01,-1.144488454315719661e+00,-1.256865338576702129e+00,-2.161460744097657982e-01,-7.795532218627126753e+00,9.862548457994288142e+00,-1.492601211887006230e+00
1.890403352254629299e-01,-1.730353884997966329e-01,9.433667058789730886e-01,-1.144093215093016536e+00,-1.194241967052222408e+00,-2.848997116088867188e-01,-7.128472328186035156e+00,8.767543435096740723e+00,-7.087159156799316406e-01,2.129020744623132677e-01,-2.149274558382291977e-01,9.737863145461518322e-01,-1.220910967095261590e+00,-1.158133451967979344e+00,-2.323134337232809488e-01,-7.486552851686887777e+00,9.873634812512273484e+00,-1.743709782723143142e+00
1.769128870280087251e-01,-1.840911365079882234e-01,9.404176933610439715e-01,-1.212744819745421365e+00,-1.105574800819159709e+00,-2.949012517929077148e-01,-6.865160465240478516e+00,8.866716623306274414e+00,-1.000154018402099609e+00,2.003239744816338597e-01,-2.260156577512246745e-01,9.713716169152690760e-01,-1.294168690714057046e+00,-1.059584630962131513e+00,-2.510691866053929022e-01,-7.162323984342185312e+00,9.827138384190208242e+00,-2.009484528809750259e+00
1.641232756921649216e-01,-1.942583640369775488e-01,9.373383247697353315e-01,-1.278961133584380017e+00,-1.016722752898932658e+00,-3.079368591308593861e-01,-6.621631383895874023e+00,8.885204792022705078e+00,-1.303560733795166016e+00,1.870297820774292075e-01,-2.361215639646597197e-01,9.687558893794008252e-01,-1.364101451138158616e+00,-9.617579162174020313e-01,-2.725356901143835553e-01,-6.821293015588046238e+00,9.730486542022239504e+00,-2.285020003244234932e+00
1.506954990015924312e-01,-2.035423655885460759e-01,9.340972916924953351e-01,-1.342777669057249934e+00,-9.284001551568519250e-01,-3.241033077239990345e-01,-6.381653547286987305e+00,8.832259774208068848e+00,-1.616644859313964844e+00,1.730536141357421620e-01,-2.452547742309570955e-01,9.659116215209961887e-01,-1.430533039550781371e+00,-8.651159587402350581e-01,-2.967849001464842873e-01,-6.461805097656251107e+00,9.591531638671868976e+00,-2.565140275390622726e+00
1.366556956791878108e-01,-2.119541302922370862e-01,9.306623322808742493e-01,-1.403980332240462259e+00,-8.411764703691017031e-01,-3.434959411621094083e-01,-6.120266318321228027e+00,8.722368478775024414e+00,-1.939263343811035156e+00,1.584314341142002425e-01,-2.534291149775623753e-01,9.628108467540203996e-01,-1.493270175118494691e+00,-7.700407163096303353e-01,-3.238356322446925839e-01,-6.082100182779955233e+00,9.418561758263352957e+00,-2.844392060110163545e+00
1.220350250066817160e-01,-2.195083996284011019e-01,9.270001041734218239e-01,-1.462067067250609309e+00,-7.554269336164008974e-01,-3.662228107452392689e-01,-5.808673501014709473e+00,8.574953675270080566e+00,-2.272686958312988281e+00,1.432012280714021479e-01,-2.606618104089668542e-01,9.594256877097256941e-01,-1.552101438225059304e+00,-6.768290424235781089e-01,-3.536507536998996226e-01,-5.680310069958315999e+00,9.220311464173134297e+00,-3.117037846991895123e+00
1.068722590902448089e-01,-2.262213668081167472e-01,9.230760106885432803e-01,-1.516276591643690885e+00,-6.712967179715644273e-01,-3.924093484878540261e-01,-5.420952439308166504e+00,8.413021564483642578e+00,-2.618653774261474609e+00,1.274031915116284608e-01,-2.669726089608039921e-01,9.557289300449479663e-01,-1.606796174172909542e+00,-5.856881677675773723e-01,-3.861343069443193832e-01,-5.254455451721113057e+00,9.005972546821324087e+00,-3.377049029583257589e+00
9.121530724927787159e-02,-2.321081208664182161e-01,9.188540518128871515e-01,-1.565695184096693726e+00,-5.886754058301459924e-01,-4.221958875656128263e-01,-4.941859245300292969e+00,8.262131214141845703e+00,-2.978653907775878906e+00,1.110799273401988363e-01,-2.723828640312432880e-01,9.516946253600093719e-01,-1.657103367352284362e+00,-4.967310742052428729e-01,-4.211285642372269988e-01,-4.802442960893373858e+00,8.785204771463059004e+00,-3.618099034620637866e+00
7.512088342249398365e-02,-2.371798251572254657e-01,9.142967164361476273e-01,-1.609442382678389238e+00,-5.071704290807258486e-01,-4.557335376739502508e-01,-4.374719858169555664e+00,8.150497674942016602e+00,-3.353765010833740234e+00,9.427665522479997118e-02,-2.769145679149001005e-01,9.472987239133000559e-01,-1.702750485878000042e+00,-4.099717612909998810e-01,-4.584110136429997429e-01,-4.322062217359999181e+00,8.568146625979993658e+00,-3.833556451259999331e+00
5.865176846697931629e-02,-2.414404772448543179e-01,9.093649120175837375e-01,-1.646911495551466542e+00,-4.260652087628852835e-01,-4.931804418563843218e-01,-3.746911287307739258e+00,8.110522031784057617e+00,-3.744690418243408203e+00,7.704143265810700636e-02,-2.805893378644816472e-01,9.425197378196201736e-01,-1.743442296693875626e+00,-3.253204053048619482e-01,-4.976912763014665897e-01,-3.810982874830388667e+00,8.365426068671711235e+00,-4.016478160307414669e+00
4.187167822808032791e-02,-2.448829384002093046e-01,9.040181348168848663e-01,-1.678009023889898810e+00,-3.442461155354987756e-01,-5.346777200698853427e-01,-3.109752833843231201e+00,8.181909322738647461e+00,-4.149727821350097656e+00,5.942538801702312856e-02,-2.834273532053928624e-01,9.373394354193544942e-01,-1.778859651144798271e+00,-2.425784108092878810e-01,-5.386079549905629094e-01,-3.266751667603049469e+00,8.188171276047155445e+00,-4.159602463449701304e+00
2.483830854162579968e-02,-2.474841314333680875e-01,8.982159802758692413e-01,-1.703336968645452920e+00,-2.601193033158790135e-01,-5.802154541015626110e-01,-2.532794475555419922e+00,8.412681221961975098e+00,-4.553773403167724609e+00,4.148296591386016474e-02,-2.854462424285203470e-01,9.317435675055611988e-01,-1.808658241016438240e+00,-1.614333547281399106e-01,-5.807254139812882965e-01,-2.686789457330247544e+00,8.048021390616030502e+00,-4.255342212484957365e+00
7.595060499906606394e-03,-2.492018061879280877e-01,8.919234826409815353e-01,-1.724324804171919245e+00,-1.717674754560004624e-01,-6.292497634887695979e-01,-2.098783552646636963e+00,8.835182785987854004e+00,-4.903430938720703125e+00,2.327218513478357398e-02,-2.866599191864159235e-01,9.257226260960476072e-01,-1.832467325042610451e+00,-8.145382294771330578e-02,-6.235304901849750836e-01,-2.068388279782606531e+00,7.957137268680332554e+00,-4.295777938553190900e+00
-9.837594398707079357e-03,-2.499801546561721821e-01,8.851214990460871679e-01,-1.743265489861368644e+00,-7.783484682440866553e-02,-6.801983594894409624e-01,-1.894068568944931030e+00,9.393262863159179688e+00,-5.094859600067138672e+00,4.854909460845296953e-03,-2.870773661181025282e-01,9.192726364375133352e-01,-1.849888425880281240e+00,-2.084139439860743792e-03,-6.664291355928588789e-01,-1.408708391613751942e+00,7.928212228125628869e+00,-4.272650981366872713e+00
-2.746621273964635832e-02,-2.497678575965766035e-01,8.778178365075587353e-01,-1.762861834093927937e+00,2.122970595955740725e-02,-7.303662538528442605e-01,-1.959634423255920410e+00,9.906455278396606445e+00,-5.016789436340332031e+00,-1.370286833307060581e-02,-2.867013654277201229e-01,9.123959829288348367e-01,-1.860493997552218115e+00,7.736101209280876745e-02,-7.087429910079565687e-01,-7.047753171249162563e-01,7.974482796212631897e+00,-4.177356618441525171e+00
-4.531655544176689532e-02,-2.485397724586729251e-01,8.700532665097712171e-01,-1.785034270212053853e+00,1.228085137903679597e-01,-7.764569997787476030e-01,-2.217243611812591553e+00,1.015788078308105469e+01,-4.609074592590332031e+00,-3.233072900606837052e-02,-2.855271751422344684e-01,9.051022696505705012e-01,-1.863826063357294061e+00,1.577020740496264395e-01,-7.497058910692492306e-01,4.652310497042400073e-02,8.109739457368570825e+00,-4.000937194326304791e+00
-6.340267129003993030e-02,-2.463205644789342175e-01,8.618918371045588556e-01,-1.808611584827303442e+00,2.219207979738701542e-01,-8.161429405212402566e-01,-2.357731461524963379e+00,9.911228418350219727e+00,-3.968594074249267578e+00,-5.095351561050165401e-02,-2.835411499734302176e-01,8.974092161877622598e-01,-1.859394824248429057e+00,2.399002082425001348e-01,-7.884603005681734000e-01,8.484396747819253903e-01,8.348337400978612877e+00,-3.734075249834614585e+00
-8.167041155084958648e-02,-2.431941262412075366e-01,8.533872694814204074e-01,-1.826774026080965507e+00,3.126438237726677505e-01,-8.504567623138428178e-01,-1.816244125366210938e+00,9.072302579879760742e+00,-3.431382179260253906e+00,-6.949100818735148843e-02,-2.807193057094067301e-01,8.893435894331106484e-01,-1.846677237678184813e+00,3.250629966844322816e-01,-8.240536820574105858e-01,1.704370784477765355e+00,8.705207269177288154e+00,-3.367086651274649345e+00
-9.999040731921782221e-02,-2.392598509940509210e-01,8.445721015775202734e-01,-1.831999576836824017e+00,3.934275247156608923e-01,-8.815167903900147373e-01,-5.225550755858421326e-01,8.078370094299316406e+00,-3.106002807617187500e+00,-8.785800000000000554e-02,-2.770250000000000212e-01,8.809420000000000028e-01,-1.825115999999999961e+00,4.144510000000000138e-01,-8.554349999999999454e-01,2.617859999999999854e+00,9.195866000000000540e+00,-2.889914000000000094e+00
-1.182115825204550219e-01,-2.345952760356669053e-01,8.354846162641047513e-01,-1.822117520123719858e+00,4.664574958384025694e-01,-9.087485313415528676e-01,9.882056713104248047e-01,7.302997112274169922e+00,-2.723174095153808594e+00,-1.059627067525900496e-01,-2.724117759206454159e-01,8.722519113471146612e-01,-1.794285866583227307e+00,5.090399226174833203e-01,-8.817241502383452723e-01,3.541532470982688530e+00,9.703545523299720088e+00,-2.374760610024656327e+00
-1.361917444331942895e-01,-2.292272861006860452e-01,8.261911997640132288e-01,-1.798016191273927422e+00,5.367989934980857969e-01,-9.293416500091553623e-01,2.410132884979248047e+00,7.034149765968322754e+00,-2.059311866760253906e+00,-1.237135964160663570e-01,-2.668291118172329557e-01,8.633240057929304490e-01,-1.754419812454830030e+00,6.081561120420523325e-01,-9.030665436772966626e-01,4.424867171217217177e+00,1.010149325037179047e+01,-1.900503878029010441e+00
-1.537955280183254669e-01,-2.231100434887413886e-01,8.167775392377375487e-01,-1.760378358513116526e+00,6.117242611944664343e-01,-9.413660526275635654e-01,3.763783276081085205e+00,7.492526769638061523e+00,-1.202440261840820312e+00,-1.410223442655261228e-01,-2.602372032394319468e-01,8.542057123028345966e-01,-1.705926482857368587e+00,7.107078610907333616e-01,-9.198692421031452460e-01,5.266814888056585708e+00,1.039087125233717224e+01,-1.466748473726552593e+00
-1.708986248387395213e-01,-2.161591827127342103e-01,8.073207288825511307e-01,-1.710309682041406321e+00,6.950860776007163899e-01,-9.456810355186463513e-01,5.006867647171020508e+00,8.336181640625000000e+00,-4.314982891082763672e-01,-1.578047640428681953e-01,-2.526071006506350192e-01,8.449404104503381863e-01,-1.649224879601131954e+00,8.156163059592758113e-01,-9.325349139261889242e-01,6.066354193370106174e+00,1.057308865479004112e+01,-1.073010159648360995e+00
-1.873903167633711175e-01,-2.082982648688559424e-01,7.978701026880740121e-01,-1.649169192463159295e+00,7.860917843878257871e-01,-9.450626194477081965e-01,6.114048957824707031e+00,9.100570678710937500e+00,6.184160709381103516e-02,-1.739809100659686636e-01,-2.439205683893500842e-01,8.355674788854507984e-01,-1.584744063035937955e+00,9.218179723959993854e-01,-9.414609183322030228e-01,6.822495480149994407e+00,1.064981676362000051e+01,-7.187104358018769901e-01
-2.031739767952262243e-01,-1.994784260097150763e-01,7.884524916851519682e-01,-1.578366003185510458e+00,8.819838859140861631e-01,-9.417611002922058328e-01,7.080318927764892578e+00,9.589210152626037598e+00,3.301519155502319336e-01,-1.894751761557418313e-01,-2.341699174125632665e-01,8.261223532293080485e-01,-1.512922813656875975e+00,1.028267473133852583e+00,-9.470383358804971285e-01,7.534284999117883075e+00,1.062300419083427983e+01,-4.031711843297234310e-01
-2.181670296131073272e-01,-1.896786205697064409e-01,7.790841716372965964e-01,-1.499305281788110511e+00,9.799805440008628743e-01,-9.368320047855377419e-01,7.906072139739990234e+00,9.799665808677673340e+00,4.929095506668090820e-01,-2.042163909774307173e-01,-2.233578103084892796e-01,8.166365939305844091e-01,-1.434209253343977197e+00,1.133940356580705133e+00,-9.496509455485613316e-01,8.200808895331412884e+00,1.049489198037995052e+01,-1.256093141684773151e-01
-2.322987079335747940e-01,-1.789009886536007121e-01,7.697778717720508146e-01,-1.413167832046746897e+00,1.077763191610573656e+00,-9.306299865245819536e-01,8.613744974136352539e+00,9.778264760971069336e+00,6.202018260955810547e-01,-2.181379093924625812e-01,-2.114970370661284904e-01,8.071379646192281543e-01,-1.349060426235822341e+00,1.237836106767855160e+00,-9.496741482232995413e-01,8.821197244790781156e+00,1.026802873396613336e+01,1.148685942925307124e-01
-2.455066632120309900e-01,-1.671663762110476847e-01,7.605449760401248316e-01,-1.320795527845620709e+00,1.173461244255303182e+00,-9.232895731925965244e-01,9.237230420112609863e+00,9.569805264472961426e+00,7.340413331985473633e-01,-2.311776994172105026e-01,-1.986102600890472247e-01,7.976505214930498244e-01,-1.257941839237083581e+00,1.338981294556762514e+00,-9.474738366388510968e-01,9.394628091045310825e+00,9.945285736886203765e+00,3.192716445524266256e-01
-2.577341733439265092e-01,-1.545104969146852969e-01,7.513955945813655113e-01,-1.222751013189553815e+00,1.265587929636238895e+00,-9.149381458759309194e-01,9.804451465606689453e+00,9.212668538093566895e+00,8.351427316665649414e-01,-2.432784243849999695e-01,-1.847297269408000320e-01,7.881947142727000477e-01,-1.161326962160000420e+00,1.436432880103999832e+00,-9.434052117610000066e-01,9.920331481799998130e+00,9.529872083840000840e+00,4.887299793399999537e-01
-2.689285592673717473e-01,-1.409805979955201793e-01,7.423380849206446808e-01,-1.119438592344522032e+00,1.352989891916512422e+00,-9.057509660720826083e-01,1.033124208450317383e+01,8.740196228027343750e+00,9.187179803848266602e-01,-2.543875199077003102e-01,-1.698969493094112937e-01,7.787874992605703373e-01,-1.059696687499788847e+00,1.529281666584430877e+00,-9.378115456181723708e-01,1.039759350552208694e+01,9.025349804756039873e+00,6.245001359549133824e-01
-2.790405597700177376e-01,-1.266323436352616016e-01,7.333785903894900482e-01,-1.011200050264596584e+00,1.434825436025856993e+00,-8.959494531154633679e-01,1.082385420799255371e+01,8.183554410934448242e+00,9.801512956619262695e-01,-2.644572652332392582e-01,-1.541623466783336172e-01,7.694424650391509246e-01,-9.535387498439885645e-01,1.616655905172606822e+00,-9.310228905790217668e-01,1.082576032804761645e+01,8.435648990613708875e+00,7.279704016089092455e-01
-2.880242027430234830e-01,-1.115258920866256526e-01,7.245208198869227401e-01,-8.983642973005767640e-01,1.510645154863595074e+00,-8.857770502567292592e-01,1.128357529640197754e+01,7.581971883773803711e+00,1.017240285873413086e+00,-2.734448485953810404e-01,-1.375848531913015649e-01,7.601699713443796913e-01,-8.433471049157403865e-01,1.697725051282386044e+00,-9.233547350766021511e-01,1.120424222918798485e+01,7.765082919265491768e+00,8.006661687670169059e-01
-2.958370327515898457e-01,-9.571856561332997559e-02,7.157664735758303420e-01,-7.812830008566375994e-01,1.580732647329567975e+00,-8.754346311092378041e-01,1.170812964439392090e+01,7.008749246597290039e+00,1.034241914749145508e+00,-2.813124261521069425e-01,-1.202314861984978278e-01,7.509773016495165932e-01,-7.296212682510001546e-01,1.771703672064776747e+00,-9.151066057791288344e-01,1.153251763933651119e+01,7.018363181259159589e+00,8.442552904887623555e-01
-3.024416207014022362e-01,-7.924980532407818745e-02,7.071171645963191255e-01,-6.604587949812408265e-01,1.646876028925179591e+00,-8.649308979511262097e-01,1.208242058753967285e+01,6.614338159561157227e+00,1.050373315811157227e+00,-2.880271741089375226e-01,-1.021768749714499769e-01,7.418688299950773057e-01,-6.128656135096872681e-01,1.837855505164000203e+00,-9.065606162073278629e-01,1.181013717607500091e+01,6.200614805659998119e+00,8.605534357693760406e-01
-3.078124986006317565e-01,-6.211961616605579661e-02,6.985785174810885678e-01,-5.370877899229522523e-01,1.713018915802239528e+00,-8.538647115230560969e-01,1.233710050582885742e+01,6.614288687705993652e+00,1.106618642807006836e+00,-2.935613336235359805e-01,-8.350274807407540023e-02,7.328462026003609298e-01,-4.935886304207675046e-01,1.895497668731776830e+00,-8.979799617983733606e-01,1.203672768078028632e+01,5.317391385873005305e+00,8.515294448809989092e-01
-3.119547030417619271e-01,-4.429448739469112051e-02,6.901633743488787553e-01,-4.142204441130157289e-01,1.782512877136467999e+00,-8.415143132209778054e-01,1.228673458099365234e+01,6.949396133422851562e+00,1.235039830207824707e+00,-2.978922480879323542e-01,-6.429737787729189469e-02,7.239085347921043745e-01,-3.723021423612657976e-01,1.944005022699835994e+00,-8.896073614164105026e-01,1.221199625523081522e+01,4.374690205465073589e+00,8.193106847138946769e-01
-3.149085316522417521e-01,-2.579157590895952631e-02,6.818818864667414159e-01,-2.953828610479827810e-01,1.850291148573159239e+00,-8.281487882137298362e-01,1.188375830650329590e+01,6.777827143669128418e+00,1.336552500724792480e+00,-3.010023923847069405e-01,-4.465498070461312863e-02,7.150526237858001455e-01,-2.495204835692244050e-01,1.982814681310644644e+00,-8.816634453096703350e-01,1.233573429821318257e+01,3.378967363987256611e+00,7.661884041176523219e-01
-3.167005188702045060e-01,-6.753250025511411264e-03,6.737182552659509716e-01,-1.791987217962737744e-01,1.903832588344811505e+00,-8.163631200790405495e-01,1.161841392517089844e+01,5.354143977165222168e+00,1.178566813468933105e+00,-3.028793937134732772e-01,-2.467507109614480720e-02,7.062731778552082673e-01,-1.257596359905828187e-01,2.011430676906358794e+00,-8.743450895141697821e-01,1.240782154212871191e+01,2.337152902796927556e+00,6.946230892423987946e-01
-3.173200744999943312e-01,1.260186283260520887e-02,6.656332899773118594e-01,-6.195556297898251186e-02,1.935511285811661875e+00,-8.084965288639068826e-01,1.172431588172912598e+01,3.167869746685028076e+00,7.866591215133666992e-01,-3.035160435840000281e-01,-4.461768678400090948e-03,6.975630624256000667e-01,-1.536325760000512020e-03,2.029428774976000049e+00,-8.678236967039999472e-01,1.242823008959999953e+01,1.256665930880002335e+00,6.072498188800019570e-01
-3.167444553165135734e-01,3.205808713257249365e-02,6.575943218314644900e-01,5.756191834807437846e-02,1.945622429996728187e+00,-8.038968145847320557e-01,1.195174813270568848e+01,1.011114418506622314e+00,4.599714279174804688e-01,-3.029103005723097763e-01,1.587694387264715346e-02,6.889135636262642137e-01,1.226329206843894681e-01,2.036461440460850536e+00,-8.622434234882024873e-01,1.239702845007748699e+01,1.454297506731609957e-01,5.068836198052850683e-01
-3.149728412790594456e-01,5.141109958261187718e-02,6.496170278632638073e-01,1.771614037454132540e-01,1.935301245003937964e+00,-7.977293968200683816e-01,1.195994853973388672e+01,-1.032118499279022217e+00,6.167417764663696289e-01,-3.010652834360960095e-01,3.623001328785480091e-02,6.803146698378125246e-01,2.462327608522927314e-01,2.032262955318073772e+00,-8.577193541542347255e-01,1.231438557644601595e+01,-9.881130161139690671e-01,3.965248221172297249e-01
-3.120204748450217669e-01,7.050861728906566983e-02,6.417454097712037564e-01,2.952366434037689835e-01,1.909751770645379265e+00,-7.871618092060089777e-01,1.180752396583557129e+01,-2.554947435855865479e+00,1.056758761405944824e+00,-2.979892541857961374e-01,5.648416009313167452e-02,6.717553717698181437e-01,3.687500608186278228e-01,2.016654687342551266e+00,-8.543356208580218381e-01,1.218057490163138468e+01,-2.134985302676589924e+00,2.793644145801885692e-01
-3.078665833188591328e-01,8.927744315534764941e-02,6.339506125295160111e-01,4.153891526162628578e-01,1.876882586628197958e+00,-7.794797241687775324e-01,1.201525092124938965e+01,-3.286918401718139648e+00,7.682085037231445312e-01,-2.936955907076603811e-01,7.652477644216681973e-02,6.632239816043188352e-01,4.896749602069703222e-01,1.989550510246948622e+00,-8.521434702605965583e-01,1.199597837520691179e+01,-3.285660471292519702e+00,1.587893999650837884e-01
-3.025098477689919796e-01,1.076661701422923223e-01,6.261932645881174153e-01,5.356735549867157609e-01,1.838872698694466790e+00,-7.757347941398621272e-01,1.202844023704528809e+01,-3.800988793373107910e+00,3.744930028915405273e-01,-2.882027485351562057e-01,9.623687890625004515e-02,6.547084717407226639e-01,6.085019775390625441e-01,1.950962375000000026e+00,-8.511592766113278419e-01,1.176109049999999989e+01,-4.430047187500003147e+00,3.838815039062648538e-02
-2.959659696085749081e-01,1.256345859763019490e-01,6.184408783161637890e-01,6.543878160417084811e-01,1.796841583400963893e+00,-7.752386271953582986e-01,1.187142610549926758e+01,-4.203111529350280762e+00,4.961669445037841797e-02,-2.815342113650472489e-01,1.155061177337665668e-01,6.461968336776476862e-01,7.247311559503821776e-01,1.901006032423012915e+00,-8.513625012777372714e-01,1.147652236869868680e+01,-5.557474294275483118e+00,-7.804423733547993791e-02
-2.882539192079005552e-01,1.431480678987496202e-01,6.106633176648614825e-01,7.712050400674348438e-01,1.751348192244767343e+00,-7.777560651302337646e-01,1.168172240257263184e+01,-4.549339115619659424e+00,-2.517437934875488281e-01,-2.737184299144858057e-01,1.342198440919484259e-01,6.376774575672301548e-01,8.378692492717862983e-01,1.839906907044599027e+00,-8.526935987219020907e-01,1.114300570045821459e+01,-6.656675686211414700e+00,-1.865005863753341764e-01
-2.793979647172985525e-01,1.601625190821283073e-01,6.028322029554842310e-01,8.855954490602021556e-01,1.701445118337868934e+00,-7.831114709377289262e-01,1.143904089927673340e+01,-4.990307390689849854e+00,-5.355405807495117188e-01,-2.647887487154593766e-01,1.522682368034629086e-01,6.291395329774365219e-01,9.474309484772152068e-01,1.768006122213625630e+00,-8.550518689234491987e-01,1.076139687750758256e+01,-7.715775183694033146e+00,-2.827562845196283092e-01
-2.694448593048749396e-01,1.766087557297937871e-01,5.949291926467417113e-01,9.953105412423616238e-01,1.644623664766549309e+00,-7.903010308742524082e-01,1.097150921821594238e+01,-5.682145357131958008e+00,-7.189559936523437500e-01,-2.547833204429289511e-01,1.695454900904230233e-01,6.205734713979116357e-01,1.052940148497459649e+00,1.685766676470386471e+00,-8.582932562491315531e-01,1.033268098175610916e+01,-8.722271407081164440e+00,-3.623639288464310937e-01
-2.584593784375486814e-01,1.923874961730830668e-01,5.869447025501726145e-01,1.098548086732626494e+00,1.577874044328927194e+00,-7.984490096569062390e-01,1.032375454902648926e+01,-6.674962043762207031e+00,-8.147978782653808594e-01,-2.437450073729999778e-01,1.859510638384000991e-01,6.119713510249000787e-01,1.153931255400000300e+00,1.593779771175999560e+00,-8.622280947689996422e-01,9.857975831399997446e+00,-9.663022650880003894e+00,-4.206479703799974601e-01
-2.465076603828368629e-01,2.073762367141239460e-01,5.788699366891382203e-01,1.195171805471182402e+00,1.498874054104089026e+00,-8.074765861034394199e-01,9.662371873855590820e+00,-7.899999022483825684e+00,-9.027576446533203125e-01,-2.317212695674642498e-01,2.013909978930213396e-01,6.033273843607697140e-01,1.249950533934909291e+00,1.492771289400022461e+00,-8.666188000191555885e-01,9.338536017528884514e+00,-1.052423175792493204e+01,-4.526993587495433680e-01
-2.336485337926445527e-01,2.214417314079396570e-01,5.706926818335054108e-01,1.285912659019232240e+00,1.406549469381570105e+00,-8.177254855632782871e-01,9.074085354804992676e+00,-9.232458472251892090e+00,-1.024889945983886719e+00,-2.187640393810524886e-01,2.157792919017355593e-01,5.946384091636783831e-01,1.340557495446815128e+00,1.383608426066291752e+00,-8.711775072110954365e-01,8.775756940732412303e+00,-1.129143099355525770e+01,-4.533701868480495278e-01
-2.199315158812699678e-01,2.344549416226141270e-01,5.623976400935647435e-01,1.371701791137457382e+00,1.301321021467446659e+00,-8.295041739940643977e-01,8.578913211822509766e+00,-1.052284479141235352e+01,-1.177868843078613281e+00,-2.049295818877372999e-01,2.290393522133272186e-01,5.859044032829112680e-01,1.425326326152937195e+00,1.267306469356987986e+00,-8.755636558876446207e-01,8.171178847706777049e+00,-1.194946691979306941e+01,-4.172683354910406983e-01
-2.054051418168840737e-01,2.463098104295127211e-01,5.539787518227098362e-01,1.452637406438589629e+00,1.185486880689858857e+00,-8.418888270854950617e-01,8.093561530113220215e+00,-1.158341407775878906e+01,-1.238465309143066406e+00,-1.902783408224247019e-01,2.411055073477624267e-01,5.771290239154276414e-01,1.503847355787182760e+00,1.145035733374912379e+00,-8.793815210254720682e-01,7.526490867861308942e+00,-1.248248526952100157e+01,-3.387521180753947370e-01
-1.901283818124232528e-01,2.569389087629310731e-01,5.454566585862634653e-01,1.527676000446081650e+00,1.062909833341836308e+00,-8.522093236446380837e-01,7.503859400749206543e+00,-1.225770473480224609e+01,-1.032049655914306641e+00,-1.748747696343748159e-01,2.519245935489499710e-01,5.683201718191491780e-01,1.575728566610313575e+00,1.018128642063998335e+00,-8.821776905842025895e-01,6.843535049924994951e+00,-1.287391582066000417e+01,-2.119249252381183446e-01
-1.741643962277469870e-01,2.663159336891762763e-01,5.368710368120668264e-01,1.596398558467627016e+00,9.377024926245206560e-01,-8.585621774196624534e-01,6.872255802154541016e+00,-1.252073407173156738e+01,-6.352853775024414062e-01,-1.587871472486918623e-01,2.614576119329976023e-01,5.594905810185238915e-01,1.640597142786170082e+00,8.880869643880411335e-01,-8.834384895021092365e-01,6.124310398553095780e+00,-1.310645727034716224e+01,-3.062986951516144529e-02
-1.575723321823773448e-01,2.744520299655191509e-01,5.282644847476480887e-01,1.659206404536962998e+00,8.136096276342862366e-01,-8.606552064418792058e-01,6.280784606933593750e+00,-1.240928649902343750e+01,-2.093029022216796875e-01,-1.420873781322172513e-01,2.696814587445464650e-01,5.506584345378998657e-01,1.698101060123978101e+00,7.565892007676355835e-01,-8.825873501383968422e-01,5.370976910933620729e+00,-1.316206210911349395e+01,2.115555699998359351e-01
-1.404153170748052570e-01,2.813837829229228205e-01,5.196799205982683967e-01,1.715701510757208448e+00,6.931752957403652937e-01,-8.584564149379729781e-01,5.649510622024536133e+00,-1.204343318939208984e+01,2.198791503906250000e-01,-1.248507762601762106e-01,2.765907302337665130e-01,5.418480066982447330e-01,1.747910716186692692e+00,6.254981207753600447e-01,-8.789821291620755206e-01,4.585859613393988177e+00,-1.302192149506171326e+01,5.213249029966937620e-01
-1.227699719010291041e-01,2.871537644636623643e-01,5.111614813649653088e-01,1.764534517377615463e+00,5.769981540739529402e-01,-8.518439233303070068e-01,4.883300662040710449e+00,-1.161771416664123535e+01,6.612491607666015625e-01,-1.071558325799036454e-01,2.821996036665950780e-01,5.330903325127419601e-01,1.789720600765440484e+00,4.968684520891676337e-01,-8.719123708874157996e-01,3.771452598007517309e+00,-1.266645012804404224e+01,9.056479832899402282e-01
-1.047287741614875700e-01,2.918048411753766391e-01,5.027582403266428468e-01,1.804119773954153461e+00,4.651076711714260958e-01,-8.403241038322448730e-01,3.958525657653808594e+00,-1.118904829025268555e+01,1.151981949806213379e+00,-8.908396556800012023e-02,2.865437959807997648e-01,5.244239047168002266e-01,1.823251006719999623e+00,3.729547207039995982e-01,-8.605965170559995991e-01,2.930423059200004676e+00,-1.207527112384000922e+01,1.371776364159996930e+00
-8.639815030381058081e-02,2.953873103183500826e-01,4.945290486061571511e-01,1.833062385767698643e+00,3.582469142973416232e-01,-8.229191720485686812e-01,2.894261181354522705e+00,-1.068607568740844727e+01,1.740493178367614746e+00,-7.071907602420719752e-02,2.896804585753109396e-01,5.158948999887306153e-01,1.848334705879530748e+00,2.556808593557358122e-01,-8.444159350750798376e-01,2.090966298979136440e+00,-1.138936773704689642e+01,1.856022434244623209e+00
-6.788687752321337365e-02,2.979490091499679139e-01,4.865319773995874786e-01,1.851127278059721437e+00,2.561698831617825189e-01,-7.997071206569671409e-01,1.806489229202270508e+00,-1.020770311355590820e+01,2.321205139160156250e+00,-5.214482360599041744e-02,2.916784844303857427e-01,5.075509831558626672e-01,1.865163050486120078e+00,1.449682774519293060e-01,-8.236441706547403818e-01,1.279327647682211522e+00,-1.076296733293228058e+01,2.289987068335441300e+00
-4.926982646569583874e-02,2.995211170983307358e-01,4.788029269421099077e-01,1.861705105751753297e+00,1.572107948362820307e-01,-7.729050457477569802e-01,1.057782769203186035e+00,-9.895908832550048828e+00,2.680207490921020508e+00,-3.344240775257109610e-02,2.925997280757903218e-01,4.994356500326362358e-01,1.874013526531913998e+00,4.022733364148817214e-02,-7.987821854579922887e-01,4.953690210136345584e-01,-1.019481374840167653e+01,2.674158453821163572e+00
-3.056575739517781651e-02,3.001375308480851434e-01,4.713569964015482117e-01,1.870406907051802126e+00,6.164137497544218414e-02,-7.445930540561676025e-01,8.701801300048828125e-01,-9.556941986083984375e+00,2.831199169158935547e+00,-1.469022553995577574e-02,2.925010170644067320e-01,4.915873228945014661e-01,1.875162213297995706e+00,-5.911729811051952277e-02,-7.703249381097968529e-01,-2.610551559233398322e-01,-9.683443031304610926e+00,3.009153430689581299e+00
-1.176390338823172718e-02,2.998486272913210016e-01,4.642043504559992262e-01,1.880185400694609044e+00,-2.889035567641329294e-02,-7.152645945549011008e-01,9.778493642807006836e-01,-9.053173065185546875e+00,2.932845950126647949e+00,4.036079333884820541e-03,2.914335024900960858e-01,4.840395075137532421e-01,1.868883693722984463e+00,-1.536252180287327462e-01,-7.387605430748754864e-01,-9.900984905043626050e-01,-9.227171902760632705e+00,3.295725363727495250e+00
7.091004001498490278e-03,2.987108921405665640e-01,4.573663892590998370e-01,1.885490738973021774e+00,-1.137735150754458913e-01,-6.837961196899413618e-01,5.305338278412818909e-01,-8.488315939903259277e+00,3.146847486495971680e+00,2.266360119258928330e-02,2.894428274190358752e-01,4.768208685646464495e-01,1.855450976664857698e+00,-2.438380451910276969e-01,-7.045688642279204217e-01,-1.691922105261754794e+00,-8.824085343325323905e+00,3.534772378880649324e+00
2.587588487431434145e-02,2.967812783491604045e-01,4.508710772836206915e-01,1.878488087281585006e+00,-1.929613791406161738e-01,-6.495311975479125532e-01,-7.002651691436767578e-01,-7.918786406517028809e+00,3.426492214202880859e+00,4.112215627346324509e-02,2.865693184951124683e-01,4.699553195046267673e-01,1.835135424335995857e+00,-3.302770380537083383e-01,-6.682200260602050301e-01,-2.366694120562279124e+00,-8.472024179156308676e+00,3.727345599613667293e+00
4.443644926935461786e-02,2.941126377728573993e-01,4.447434241616724515e-01,1.856056439504027544e+00,-2.668640576303012435e-01,-6.127653121948242188e-01,-2.243164777755737305e+00,-7.390267848968505859e+00,3.676588535308837891e+00,5.934426591975380805e-02,2.828482019607542752e-01,4.634621277553135910e-01,1.808206684911448425e+00,-4.134405908383567141e-01,-6.301728425225958663e-01,-3.014589137284905185e+00,-8.168572668179255203e+00,3.874657383269988653e+00
6.261984310165075174e-02,2.907483037036650009e-01,4.390025772893427214e-01,1.818339383229613526e+00,-3.364334069192416732e-01,-5.740846872329712358e-01,-3.771705627441406250e+00,-6.956934928894042969e+00,3.868062496185302734e+00,7.726513912487253943e-02,2.783098453345877465e-01,4.573560360068704700e-01,1.774932630310424031e+00,-4.938016057803435999e-01,-5.908731635049644382e-01,-3.635787719498580373e+00,-7.911046086253890053e+00,3.978089557431806256e+00
8.028983101487187357e-02,2.867183639702193254e-01,4.336595549428461371e-01,1.766998791322112350e+00,-4.029939733445651595e-01,-5.343022346496582031e-01,-5.134059190750122070e+00,-6.656056642532348633e+00,3.978245258331298828e+00,9.482265448029977839e-02,2.729800259873000901e-01,4.516474004694001065e-01,1.735579299151000399e+00,-5.718047412389989370e-01,-5.507521389520004806e-01,-4.230475877139991958e+00,-7.696478313340002764e+00,4.039201656279999497e+00
9.733886274561313889e-02,2.820386693549148394e-01,4.287130280578134722e-01,1.704903173074126421e+00,-4.679694615304477168e-01,-4.946526885032653809e-01,-6.209561824798583984e+00,-6.497548818588256836e+00,3.964954614639282227e+00,1.119573415789017479e-01,2.668802278570915898e-01,4.463423468949981876e-01,1.690410844878060148e+00,-6.478635356694426584e-01,-5.102244006154246225e-01,-4.798844548691345580e+00,-7.521609419663455753e+00,4.059739156954073280e+00
1.136945585259798025e-01,2.767144404497735022e-01,4.241480504119394257e-01,1.635569578036666138e+00,-5.324228905141360491e-01,-4.564977645874023215e-01,-6.933359503746032715e+00,-6.445342898368835449e+00,3.815492391586303711e+00,1.286123619253935757e-01,2.600279675461020235e-01,4.414429451941041527e-01,1.639689489064444450e+00,-7.223574074560750180e-01,-4.696861614426034448e-01,-5.341089083858120645e+00,-7.382873251882189791e+00,4.041641715912090760e+00
1.293162946315112583e-01,2.707462461811296350e-01,4.199401875579354959e-01,1.562173610553145631e+00,-5.968194268643862710e-01,-4.207862854003905917e-01,-7.339596748352050781e+00,-6.439653635025024414e+00,3.571147918701171875e+00,1.447334894056796495e-01,2.524371510391932860e-01,4.369474034697831688e-01,1.583675479885333193e+00,-7.956285306077279795e-01,-4.295132326015631552e-01,-5.857408726246847053e+00,-7.276385019252236575e+00,3.987051405290611417e+00
1.441856426769497768e-01,2.641339007017008411e-01,4.160614925467965852e-01,1.486934804543853073e+00,-6.612345479428775041e-01,-3.878695011138915683e-01,-7.523880600929260254e+00,-6.441512107849121094e+00,3.291678428649902344e+00,1.602690903668040345e-01,2.441184622864724374e-01,4.328502822935760830e-01,1.522627055765845006e+00,-8.679785863144766633e-01,-3.900589581424059316e-01,-6.348006096042869473e+00,-7.197928879793722423e+00,3.898320949264628243e+00
1.582967957989874219e-01,2.568769834411135933e-01,4.124846985781190911e-01,1.411115312203765182e+00,-7.256917260587222307e-01,-3.576793968677520197e-01,-7.581949234008789062e+00,-6.445717811584472656e+00,3.019010424613952637e+00,1.751701033592428236e-01,2.350797848909383647e-01,4.291427300465531225e-01,1.456800414201859795e+00,-9.396653903661085216e-01,-3.516520672951252147e-01,-6.813086672688120515e+00,-7.142945526456874639e+00,3.778021960407502267e+00
1.716498841741683767e-01,2.489735312607876117e-01,4.091850015962121834e-01,1.335308837518096148e+00,-7.903452180325991616e-01,-3.299696981906890536e-01,-7.580647468566894531e+00,-6.465349197387695312e+00,2.770969867706298828e+00,1.893900185932712033e-01,2.253266581426351944e-01,4.258127401492080577e-01,1.386449685754065353e+00,-1.010899396432256570e+00,-3.145944444038227816e-01,-7.252858277558882349e+00,-7.106519773288038522e+00,3.628953176050894402e+00
1.842470586957040135e-01,2.404185825508824426e-01,4.061403779232499733e-01,1.259717452153563677e+00,-8.554948709905154658e-01,-3.044623672962188388e-01,-7.559138536453247070e+00,-6.514965295791625977e+00,2.550733089447021484e+00,2.028848571611365781e-01,2.148627686406965609e-01,4.228454310038269881e-01,1.311826913215223822e+00,-1.081840075204187901e+00,-2.791588164973256569e-01,-7.667530556643557205e+00,-7.083368141595673961e+00,3.454148694644711526e+00
1.960901970291140384e-01,2.312033596929899126e-01,4.033313751065728536e-01,1.184313833341002598e+00,-9.215222857892519936e-01,-2.809002816677093062e-01,-7.540361881256103516e+00,-6.602741479873657227e+00,2.356208562850952148e+00,2.156131500767710651e-01,2.036904787446630338e-01,4.202233494729703533e-01,1.233182035950660893e+00,-1.152592169398258592e+00,-2.455863584962044710e-01,-8.057314463220434320e+00,-7.067826446116371564e+00,3.256886212117032109e+00
2.071792255030575070e-01,2.213152036738386952e-01,4.007408521616456221e-01,1.108902847394347413e+00,-9.888156019151217446e-01,-2.590522944927214910e-01,-7.541098594665527344e+00,-6.729331612586975098e+00,2.184798717498779297e+00,2.275359171847742279e-01,1.918113930964574221e-01,4.179267987177014421e-01,1.150762879411981299e+00,-1.223201824621021672e+00,-2.140842160561913232e-01,-8.422421740535456891e+00,-7.053837381180855459e+00,3.040695258234047849e+00
2.175104564973714683e-01,2.107380848374953985e-01,3.983538063609597391e-01,1.033123099431395797e+00,-1.057711883634329553e+00,-2.387045800685881902e-01,-7.577974796295166016e+00,-6.889628171920776367e+00,2.034771442413330078e+00,2.386166459903999448e-01,1.792269644544000617e-01,4.159341912192000001e-01,1.064815149824000162e+00,-1.293652596095999696e+00,-1.848229460480000919e-01,-8.763064404479999681e+00,-7.034938106880000319e+00,2.809365432960001296e+00
2.270747518451514679e-01,1.994534613114586630e-01,3.961572423422333733e-01,9.564295347779991907e-01,-1.128462352603674557e+00,-2.196564018726348266e-01,-7.669356465339660645e+00,-7.075046896934509277e+00,1.904817819595336914e+00,2.488212704622779770e-01,1.659391400806487782e-01,4.142224278073944888e-01,9.755824340449033016e-01,-1.363861331252115283e+00,-1.579338746735454713e-01,-9.079454226268612871e+00,-7.004247835230823505e+00,2.566954642817119048e+00
2.358557174676659540e-01,1.874413533207765215e-01,3.941399586641785580e-01,8.780965622514489421e-01,-1.201210799068213042e+00,-2.017283678054808960e-01,-7.833297252655029297e+00,-7.274844646453857422e+00,1.792803406715393066e+00,2.581181498596041290e-01,1.519510499234445200e-01,4.127673035202507057e-01,8.833062045996177281e-01,-1.433673928173788914e+00,-1.335063732185624019e-01,-9.371802215116838752e+00,-6.954455416342509189e+00,2.317797337245535605e+00
2.438284554319086472e-01,1.746817226779451837e-01,3.922921253287789400e-01,7.972737964242699871e-01,-1.275963064283132997e+00,-1.847833335399627075e-01,-8.082276582717895508e+00,-7.475226521492004395e+00,1.694503426551818848e+00,2.664780476355287364e-01,1.372677378355509903e-01,4.115439411173523743e-01,7.882258298864261992e-01,-1.502860969912679368e+00,-1.115850514416301120e-01,-9.640318100918914723e+00,-6.877806924582407611e+00,2.066512744963256765e+00
2.509595029750469330e-01,1.611564909961810677e-01,3.906046207392213088e-01,7.131047543138269162e-01,-1.352523168176412938e+00,-1.687504589557647094e-01,-8.416904211044311523e+00,-7.656010389328002930e+00,1.603287458419799805e+00,2.738741104684788708e-01,1.218969370702651656e-01,4.105272530714090262e-01,6.905785895567833066e-01,-1.571113234661104086e+00,-9.216686859959122291e-02,-9.885209816925589976e+00,-6.766093244742044099e+00,1.818013110326072379e+00
2.572083349587026557e-01,1.468525515717258867e-01,3.890682424747941015e-01,6.248831983655694922e-01,-1.430393942445516986e+00,-1.536378264427184503e-01,-8.822155594825744629e+00,-7.787077426910400391e+00,1.511263251304626465e+00,2.802818474731443854e-01,1.058498912963870553e-01,4.096924328613281707e-01,5.905996950683614077e-01,-1.638037081787107496e+00,-7.519816210937524392e-02,-1.010668298242187113e+01,-6.610637658203127209e+00,1.577511929687504422e+00
2.625302492105964225e-01,1.317656505998959782e-01,3.876729799354073358e-01,5.321914251893762327e-01,-1.508690097182989520e+00,-1.395262539386748768e-01,-9.269177317619323730e+00,-7.829615473747253418e+00,1.411157250404357910e+00,2.856791096428600296e-01,8.914222237353042200e-02,4.090154763904866320e-01,4.885223154113225164e-01,-1.703149713731195281e+00,-6.057159384622157194e-02,-1.030494038540480339e+01,-6.402283429103563961e+00,1.350532187758736624e+00
2.668799013184014468e-01,1.159041543674459718e-01,3.864074370706078176e-01,4.349652107805017098e-01,-1.586149623245001195e+00,-1.265542864799499012e-01,-9.722621440887451172e+00,-7.745952606201171875e+00,1.297196745872497559e+00,2.900460695751171936e-01,7.179484612915718045e-02,4.084737343538383803e-01,3.845776080078056047e-01,-1.765874313764723258e+00,-4.812301407830277267e-02,-1.048018146526122685e+01,-6.131381390503448436e+00,1.142914593968553438e+00
2.702144932398203303e-01,9.929108689695503864e-02,3.852582614862915533e-01,3.334591921418908478e-01,-1.661306747049093646e+00,-1.149175584316253218e-01,-1.015060186386108398e+01,-7.515712380409240723e+00,1.163672804832458496e+00,2.933652015319357376e-01,5.383493737872030449e-02,4.080464963774934617e-01,2.789947547846429732e-01,-1.825535059609951105e+00,-3.762824303774969792e-02,-1.063260179544555406e+01,-5.787777530551098337e+00,9.608258188232744468e-01
2.724958073110881895e-01,8.196301146566774276e-02,3.842091805779930813e-01,2.281314071267846466e-01,-1.732807543128729311e+00,-1.049080908298491988e-01,-1.053277850151062012e+01,-7.150079607963562012e+00,1.000946760177612305e+00,2.956212618868300779e-01,3.529694543029776588e-02,4.077156077544049628e-01,1.720010034192938075e-01,-1.881352012921754913e+00,-2.879977012807477532e-02,-1.076239256615752637e+01,-5.360800578649036474e+00,8.107667302666894393e-01
2.736910286718610141e-01,6.396551805704737970e-02,3.832390011990067236e-01,1.195221360772851377e-01,-1.799749340862036195e+00,-9.701793789863581707e-02,-1.086092710494995117e+01,-6.694179773330688477e+00,7.890152931213378906e-01,2.968012700100999268e-01,1.622366131510033505e-02,4.074661195998000029e-01,6.382171375900180799e-02,-1.932435884630999023e+00,-2.128337076800024263e-02,-1.086974006701999862e+01,-4.839249591620010449e+00,6.995806300400011501e-01
2.737739597694578975e-01,4.534776888012791163e-02,3.823179855787751102e-01,8.293109759688693794e-03,-1.861774917691946474e+00,-9.210156202316278906e-02,-1.112290263175964355e+01,-6.202557682991027832e+00,4.916375875473022461e-01,2.968944896441792491e-01,-3.332662014761567093e-03,4.072869732499899698e-01,-4.531959058682288877e-02,-1.977782676149567376e+00,-1.465464087168188989e-02,-1.095482516975669185e+01,-4.211381539873001678e+00,6.344614900417528958e-01
2.727304121950271942e-01,2.616435845166349347e-02,3.814044121348855176e-01,-1.043547574430701008e-01,-1.918341042846441802e+00,-9.135734438896174481e-02,-1.126478672027587891e+01,-5.656612515449523926e+00,7.442176342010498047e-02,2.958924108207744430e-01,-2.330913527987027445e-02,4.071717197281964906e-01,-1.552011654810034891e-01,-2.016268196437057014e+00,-8.415448965337080089e-03,-1.101782281086996740e+01,-3.464898893569243299e+00,6.229621886877686476e-01
2.705666246475282311e-01,6.496918879150385268e-03,3.804529511177537349e-01,-2.163787547498938202e-01,-1.966743957251310793e+00,-9.514610171318049758e-02,-1.120239973068237305e+01,-4.840291440486907959e+00,-3.788757324218750000e-01,2.937887323715258070e-01,-4.363100301706862583e-02,4.071192751010299649e-01,-2.656029843197700302e-01,-2.046642454929129329e+00,-1.990305940272496521e-03,-1.105890147431859205e+01,-2.586937208788187448e+00,6.730027472710916614e-01
2.673020674610140923e-01,-1.351277771622038867e-02,3.794480101907251046e-01,-3.264557186514135956e-01,-2.000969659537077394e+00,-1.004940927028655506e-01,-1.100769639015197754e+01,-3.422570228576660156e+00,-5.347990989685058594e-01,2.905793450839220249e-01,-6.421035703161886987e-02,4.071347125492545960e-01,-3.763066709207132376e-01,-2.067523930327525683e+00,5.277347557687606106e-03,-1.107822267419551210e+01,-1.564052713693577346e+00,7.928785663219060087e-01
2.629451460824909770e-01,-3.365812822461225484e-02,3.784244257652757404e-01,-4.356921378523108124e-01,-2.014535050839186159e+00,-1.023584425449370894e-01,-1.092364192008972168e+01,-1.356539130210876465e+00,-1.864349842071533203e-01,2.862623155542023956e-01,-8.494479191657078321e-02,4.072300919764781368e-01,-4.870954272375138672e-01,-2.077393715251734108e+00,1.412893610237486719e-02,-1.107594043740562739e+01,-3.822098946993914836e-01,9.912686619674939692e-01
2.574645721265676479e-01,-5.369489835232593711e-02,3.774338782870767517e-01,-5.480573955923315754e-01,-2.003677012771368560e+00,-9.905474781990046551e-02,-1.123652577400207520e+01,1.085803806781768799e+00,3.303694725036621094e-01,2.808378707889769843e-01,-1.057160013979543400e-01,4.074253279794006199e-01,-5.977539559014553028e-01,-2.074589536752328822e+00,2.539462682504400881e-02,-1.105220078634352987e+01,9.732309173641056077e-01,1.277243902292173106e+00
2.508065005452933538e-01,-7.338975126326181819e-02,3.765102293932435784e-01,-6.658071581274267459e-01,-1.969485291093588497e+00,-9.236488938331599563e-02,-1.177497625350952148e+01,3.419172167778015137e+00,6.689858436584472656e-01,2.743083836072985338e-01,-1.263883142644141588e-01,4.077490970032592865e-01,-7.080683775897020915e-01,-2.057299652685957270e+00,3.999728911574429446e-02,-1.100714122157130070e+01,2.517525961084368546e+00,1.660275243697186376e+00
2.429814995998146876e-01,-9.264017996221879381e-02,3.756988961541650740e-01,-7.825000945478673975e-01,-1.925042869895697173e+00,-8.113332390785213399e-02,-1.166929364204406738e+01,4.444242119789123535e+00,1.123156547546386719e+00,2.666783588949169781e-01,-1.468071686399017306e-01,4.082397845061052077e-01,-8.178261432203699499e-01,-2.023556623951997757e+00,5.895653668828948479e-02,-1.094089020449627547e+01,4.266560458300572733e+00,2.150241967260709153e+00
2.340639544562998220e-01,-1.113858191895494842e-01,3.750333262526986955e-01,-8.917545143514867823e-01,-1.874563922733069044e+00,-6.655699014663692126e-02,-1.092544198036193848e+01,5.047894716262817383e+00,1.457633376121520996e+00,2.579544207624497876e-01,-1.667975233580435424e-01,4.089464729555473133e-01,-9.268159409743637056e-01,-1.971230962590867719e+00,8.339285200882584626e-02,-1.085356664004880045e+01,6.236861027937576907e+00,2.757439915097721350e+00
2.241403366723659363e-01,-1.295121869000802617e-01,3.745740504109857372e-01,-9.923617783933874614e-01,-1.812636771053076412e+00,-4.592758417129512438e-02,-1.006072640419006348e+01,6.192715167999267578e+00,2.062940597534179688e+00,2.481450000000000045e-01,-1.861619999999999941e-01,4.099300000000000166e-01,-1.034826999999999941e+00,-1.898025000000000073e+00,1.145319999999999949e-01,-1.074527800000000077e+01,8.445608000000000004e+00,3.492588000000000026e+00
2.132719632746281901e-01,-1.468425396460305010e-01,3.743787215793130674e-01,-1.086837339773773836e+00,-1.733035274595022823e+00,-1.953288316726680199e-02,-9.447556138038635254e+00,7.960149645805358887e+00,2.639470100402832031e+00,2.372618467344752291e-01,-2.046822103237691814e-01,4.112628451691058284e-01,-1.141525604548352169e+00,-1.802354883186788603e+00,1.532782381864307153e-01,-1.057848688698656403e+01,1.064293832963887176e+01,4.237323927498055198e+00
2.015660156333449193e-01,-1.633452778461585986e-01,3.744469371283052350e-01,-1.170594764128326970e+00,-1.650273820012808423e+00,6.821554899215744039e-03,-8.375742435455322266e+00,8.276145458221435547e+00,2.635443806648254395e+00,2.253216327285543497e-01,-2.221403945975126970e-01,4.130184596155728749e-01,-1.246081576113030831e+00,-1.686073309751405791e+00,1.988932499058491121e-01,-1.031715790255403498e+01,1.256816785469183628e+01,4.866501768548948448e+00
1.891982184933128641e-01,-1.788738059031974026e-01,3.748658056104181013e-01,-1.236779714003204855e+00,-1.552852805703879069e+00,4.188684821128849795e-02,-6.618494987487792969e+00,9.742101430892944336e+00,3.506529331207275391e+00,2.123504692066218724e-01,-2.383440136264562137e-01,4.152597704151863578e-01,-1.347562271697243519e+00,-1.551892102858368538e+00,2.502267628470242755e-01,-9.963892924667954176e+00,1.422324805146636351e+01,5.381237660295669301e+00
1.761967394599321113e-01,-1.931427481028448467e-01,3.757918261730668896e-01,-1.300147903338074284e+00,-1.426894219964743415e+00,9.260205626487735819e-02,-6.336818933486938477e+00,1.259585857391357422e+01,5.071520805358886719e+00,1.983836581731068804e-01,-2.531275372233164900e-01,4.180382632647537955e-01,-1.445062742149042512e+00,-1.402500055774072329e+00,3.061413367162513222e-01,-9.521632147393125578e+00,1.561084143666667856e+01,5.782985654225512029e+00
1.625486145825686679e-01,-2.059529104906331620e-01,3.773295105540750427e-01,-1.364812487736343893e+00,-1.281016238778830418e+00,1.537684381008148637e-01,-6.466458439826965332e+00,1.458779811859130859e+01,6.116638183593750000e+00,1.834653982279233764e-01,-2.663521775559617444e-01,4.213941280765101660e-01,-1.537709214414156644e+00,-1.240555581061202339e+00,3.655158559345471625e-01,-8.993673899261247939e+00,1.673436964771812896e+01,6.073560426920626476e+00
1.482533284598591683e-01,-2.171763929429661455e-01,3.795325784528253421e-01,-1.429528612270950738e+00,-1.122348245233298236e+00,2.203067898750305509e-01,-6.471612453460693359e+00,1.586679935455322266e+01,6.653835177421569824e+00,1.676484545684641669e-01,-2.779055465829998184e-01,4.253564406350325289e-01,-1.624662771972497977e+00,-1.068678878969899548e+00,4.272492494423516529e-01,-8.383694461638551587e+00,1.759806152309156602e+01,6.255159990808570214e+00
1.333211515681448356e-01,-2.267322385239612381e-01,3.824244629883764013e-01,-1.493217689171432827e+00,-9.555845580995091515e-01,2.891884535551071389e-01,-6.368907690048217773e+00,1.667636871337890625e+01,6.888166368007659912e+00,1.509937911963115109e-01,-2.877012327692611282e-01,4.299433825877385096e-01,-1.705123233458343712e+00,-8.894436250256871901e-01,4.902644376117333280e-01,-7.695767887093436954e+00,1.820700118262772094e+01,6.330388404912861589e+00
1.177598302462699864e-01,-2.345746950659167163e-01,3.860167722547052094e-01,-1.556132132187485029e+00,-7.842456541955479254e-01,3.592309266328811979e-01,-6.291444301605224609e+00,1.713389039039611816e+01,7.004247307777404785e+00,1.335701633468256433e-01,-2.956782922731466812e-01,4.351625020400457511e-01,-1.778333229464202248e+00,-7.053681768141362163e-01,5.535125062661070405e-01,-6.934385817764058046e+00,1.856717610786160222e+01,6.302278485603533653e+00
1.015689800442758084e-01,-2.406838059800874563e-01,3.903197944605348302e-01,-1.619085020199417357e+00,-6.109110914170750029e-01,4.303022205829620805e-01,-6.295288801193237305e+00,1.733345627784729004e+01,7.107129395008087158e+00,1.154536681597802539e-01,-3.018006497978031888e-01,4.410110170262642737e-01,-1.843582477528340036e+00,-5.189062999623219596e-01,6.159771078074436357e-01,-6.104477303726030257e+00,1.868552522234681845e+01,6.174314517347678333e+00
8.474784690380125773e-02,-2.450571013692032785e-01,3.953422214233873189e-01,-1.682113314047455122e+00,-4.373295389115818277e-01,5.022426962852478693e-01,-6.302829384803771973e+00,1.735815525054931641e+01,7.194047570228576660e+00,9.672725160920025989e-02,-3.060564042980999933e-01,4.474761641272999579e-01,-1.900212255305999243e+00,-3.324374133170024948e-01,6.766790894509991938e-01,-5.211428621360012947e+00,1.856998697198000059e+01,5.950454963460003910e+00
6.730758666858106809e-02,-2.477016582119476451e-01,4.010877022588251184e-01,-1.744026023522018631e+00,-2.644556842744358316e-01,5.745480835437775102e-01,-6.191270947456359863e+00,1.728738546371459961e+01,7.230538725852966309e+00,7.748016971057114510e-02,-3.084570347353690067e-01,4.545355945062421466e-01,-1.947620071924287100e+00,-1.482563533195695449e-01,7.346813485675418587e-01,-4.261103091719356861e+00,1.822954740532516382e+01,5.635155176853388959e+00
4.928033518284589964e-02,-2.486297167989623413e-01,4.075531003618238501e-01,-1.802725148573516956e+00,-9.280585870146829119e-02,6.465398102998733965e-01,-5.869912505149841309e+00,1.716498255729675293e+01,7.199172675609588623e+00,5.780740202358053414e-02,-3.090365010718797434e-01,4.621578196329112487e-01,-1.985264537520738060e+00,3.143734242224716091e-02,7.890939151330871315e-01,-3.259860898897727566e+00,1.767428825393808012e+01,5.233390110789432725e+00
3.072509299829633694e-02,-2.478633076030027915e-01,4.147222203755376868e-01,-1.855524218454956076e+00,7.664091959595603631e-02,7.169120013713836670e-01,-5.279906988143920898e+00,1.694467782974243164e+01,7.037219107151031494e+00,3.780901546855572337e-02,-3.078502356970135856e-01,4.703027089684410633e-01,-2.012670430965557422e+00,2.045506323659198600e-01,8.390792612861369681e-01,-2.214578908396747536e+00,1.691543501269065786e+01,4.750677029629004622e+00
1.173052899777921737e-02,-2.454443751278531649e-01,4.225558701896665603e-01,-1.899456400051712013e+00,2.418932475149623840e-01,7.833649814128875732e-01,-4.393218159675598145e+00,1.652523279190063477e+01,6.645298004150390625e+00,1.758947647476047371e-02,-3.049740204771079766e-01,4.789220418809711499e-01,-2.029433965767538872e+00,3.691086490689050592e-01,8.838578379924257877e-01,-1.132670485493617818e+00,1.596540502009532148e+01,4.193098219582796382e+00
-7.586754934340380480e-03,-2.414453417587292261e-01,4.309906323695180674e-01,-1.931728393211959771e+00,3.999033369123927706e-01,8.434762179851531538e-01,-3.227199316024780273e+00,1.580100893974304199e+01,6.011123657226562500e+00,-2.743090521285795891e-03,-3.005027446209351805e-01,4.879601160635241297e-01,-2.035228254163656381e+00,5.232668580266710556e-01,9.227138388171716166e-01,-2.210531360876011320e-02,1.483785553862938400e+01,3.567323699461883102e+00
-2.708283050864900704e-02,-2.359783815297496479e-01,4.399467601621148694e-01,-1.949607557430862448e+00,5.466960228979579339e-01,8.956127792596816350e-01,-1.787916421890258789e+00,1.467926859855651855e+01,5.213656127452850342e+00,-2.307770020930288712e-02,-2.945490385527855803e-01,4.973544147251431902e-01,-2.029808969392337126e+00,6.653236973139673438e-01,9.550011908048320342e-01,1.108570787326556228e+00,1.354773183505941248e+01,2.880633931428257632e+00
-4.658606823295319277e-02,-2.292002824324381460e-01,4.493329296255109684e-01,-1.950323772430418989e+00,6.778099097311488519e-01,9.386169463396071277e-01,-7.162149995565414429e-02,1.311138868331909180e+01,4.300416707992553711e+00,-4.330136115239652250e-02,-2.872417789851214875e-01,5.070363348263643433e-01,-2.013020206150406555e+00,7.937336980293423494e-01,9.801497724663668087e-01,2.250216042502586333e+00,1.211131526076562714e+01,2.140942531745396948e+00
-6.593677111476622943e-02,-2.212871493700158676e-01,4.590567524874208383e-01,-1.935070288181303999e+00,7.913133062422267328e-01,9.723822861909865445e-01,1.525348424911499023e+00,1.135033965110778809e+01,3.376533985137939453e+00,-6.329999012969184102e-02,-2.787244603827697120e-01,5.169319786300989872e-01,-1.984800539233712025e+00,9.071210855428981645e-01,9.976718588740052240e-01,3.393072903863465939e+00,1.054627133206625444e+01,1.356818981528817858e+00
-8.519352938741407699e-02,-2.123598501908791347e-01,4.690587954664228176e-01,-1.925675827264784923e+00,8.927299179136745089e-01,1.000204297900199713e+00,9.394460916519165039e-01,1.014166116714477539e+01,2.782201170921325684e+00,-8.295938805629232693e-02,-2.691534280106204768e-01,5.269630108390022105e-01,-1.945189280361421691e+00,1.004293861547296274e+00,1.007168793863518541e+00,4.526748231739597728e+00,8.871697810541915530e+00,5.375113374966096202e-01
-1.045046565099056746e-01,-2.026700889918220394e-01,4.792313898050782894e-01,-1.931112712249158925e+00,9.689761199057094210e-01,1.017259433865546958e+00,-5.436884984374046326e-01,7.624620199203491211e+00,1.705513596534729004e+00,-1.021662794623999226e-01,-2.586959677568000382e-01,5.370475835903999462e-01,-1.894332933184000201e+00,1.084258366911999616e+00,1.008337889344000260e+00,5.640193476479995027e+00,7.108172783360000579e+00,-3.070310572799939131e-01
-1.234657837277647052e-01,-1.925212488549959966e-01,4.894040460729596753e-01,-1.896112721785902178e+00,1.014884013682602948e+00,1.017265626788139032e+00,3.499999046325683594e+00,4.590789377689361572e+00,6.192922592163085938e-04,-1.208094175134328263e-01,-2.475282479232843724e-01,5.471013315798534116e-01,-1.832491846474861408e+00,1.146234325340762528e+00,1.000979551715148075e+00,6.721684860084669921e+00,5.277802743599056434e+00,-1.166134862626080793e+00
-1.417087152688201457e-01,-1.821128252151620885e-01,4.994582285726067994e-01,-1.824293154105543380e+00,1.040842363983391916e+00,1.005418249964713739e+00,7.181956768035888672e+00,2.595835030078887939e+00,-1.184737682342529297e+00,-1.387807565529788345e-01,-2.358331081759220127e-01,5.570384395844319991e-01,-1.760047065505694341e+00,1.189670367832368569e+00,9.850046353920549613e-01,7.758803557837000042e+00,3.404270670573110280e+00,-2.028380030512488386e+00
-1.590048157027360021e-01,-1.715640965330613166e-01,5.092988652729986132e-01,-1.729610043391584639e+00,1.054872868210076531e+00,9.840636700391766079e-01,9.468311071395874023e+00,1.403050422668457031e+00,-2.135457992553710938e+00,-1.559766941504202586e-01,-2.237976908458335357e-01,5.667727846567729433e-01,-1.677507381605470638e+00,1.214260037944601134e+00,9.604420234375037335e-01,8.738415879936082931e+00,1.512884110156145212e+00,-2.881577094305268982e+00
-1.751777947558458837e-01,-1.608496530506027256e-01,5.188123518669602863e-01,-1.617297905310987716e+00,1.071444348245858436e+00,9.513486593961711923e-01,1.123121380805969238e+01,1.657148003578186035e+00,-3.271501064300537109e+00,-1.722993846350664437e-01,-2.116109097741544209e-01,5.762191552610005374e-01,-1.585516579903123890e+00,1.219958277861469043e+00,9.274464353017694007e-01,9.646653453129109934e+00,-3.693767448936533526e-01,-3.712744458015124760e+00
-1.902540187811847527e-01,-1.501155191700173086e-01,5.279724406147000559e-01,-1.507622402533888017e+00,1.073413388058542584e+00,9.160088747739788539e-01,1.096755027770996094e+01,1.969039812684059143e-01,-3.533978462219238281e+00,-1.876581260986328048e-01,-1.994607518920898936e-01,5.852945496215820054e-01,-1.484860885253906471e+00,1.206998395263671586e+00,8.863064616699221077e-01,1.046889340234374721e+01,-2.213810974609380366e+00,-4.508085685546872057e+00
-2.042947512207921312e-01,-1.395453704226029545e-01,5.367467807376382627e-01,-1.404073243960737294e+00,1.057014874741434518e+00,8.774340122938152353e-01,1.035491585731506348e+01,-1.639851331710815430e+00,-3.857486248016357422e+00,-2.019708228479006884e-01,-1.875314067282493335e-01,5.939195555561925799e-01,-1.376476606349424037e+00,1.175909511002299901e+00,8.374528264166416491e-01,1.118973853232048477e+01,-3.989948851491156745e+00,-5.252966789948871451e+00
-2.173249881169195818e-01,-1.293226130421472331e-01,5.450438216471670261e-01,-1.303023689612745395e+00,1.022275738045572702e+00,8.297040909528728969e-01,1.010495543479919434e+01,-3.473913669586181641e+00,-4.772992134094238281e+00,-2.151655252893966419e-01,-1.760002190352264184e-01,6.020198140636671136e-01,-1.261457978011345960e+00,1.127534487575798661e+00,7.814668756685331230e-01,1.179299750924501389e+01,-5.665503760181689330e+00,-5.931893522662479157e+00
-2.293238647444542089e-01,-1.195787368717802363e-01,5.527575304949281509e-01,-1.199887662753462036e+00,9.743876170366997380e-01,7.713708847761150400e-01,1.031360268592834473e+01,-4.788812100887298584e+00,-5.833320617675781250e+00,-2.271820492279266190e-01,-1.650344597273940006e-01,6.095275689381124407e-01,-1.141065201668787665e+00,1.063048338410156113e+00,7.190892939739504941e-01,1.226166504238059396e+01,-7.206324117141932106e+00,-6.528488662771504636e+00
-2.402296727722879055e-01,-1.104300435970736460e-01,5.597754635953900992e-01,-1.090580802783369219e+00,9.148693274706597434e-01,7.017933100461956064e-01,1.093068599700927734e+01,-5.951828956604003906e+00,-6.957757472991943359e+00,-2.379736765608029825e-01,-1.547879103218815777e-01,6.163833046802551507e-01,-1.016732684019380439e+00,9.839771179423411063e-01,6.512290475803259593e-01,1.257790206570042280e+01,-8.576345290326614190e+00,-7.025469306251663326e+00
-2.499975731758768971e-01,-1.019912045079482549e-01,5.660310928666589803e-01,-9.767900403589002689e-01,8.438839089125390602e-01,6.255629271268841052e-01,1.137907624244689941e+01,-7.098541855812072754e+00,-7.623038291931152344e+00,-2.475089393496000545e-01,-1.453972560747001652e-01,6.225374749770999916e-01,-8.900774738739997138e-01,8.922172925069995486e-01,5.789725548190005622e-01,1.272301591951999633e+01,-9.737541518860020062e+00,-7.404624155220004056e+00
-2.586392820826168282e-01,-9.437032234326134250e-02,5.715258233094213658e-01,-8.641708906739942186e-01,7.620882164686914040e-01,5.494730442762371103e-01,1.126191496849060059e+01,-8.179569244384765625e+00,-7.608988285064697266e+00,-2.557734892512759095e-01,-1.369782830039860955e-01,6.279523240209748947e-01,-7.629078971851921409e-01,7.900555920263601095e-01,5.035930835975658271e-01,1.267744053212949673e+01,-1.064987783271148203e+01,-7.646790807184355998e+00
-2.661912517859036931e-01,-8.767323939532170596e-02,5.762827145302293896e-01,-7.551969703286878222e-01,6.697082947939629882e-01,4.756891220808025511e-01,1.089739203453063965e+01,-9.237992167472839355e+00,-7.378392219543457031e+00,-2.627720542904960488e-01,-1.296218739923292729e-01,6.326038029390358419e-01,-6.372323902592597067e-01,6.801893425034339913e-01,4.265603759997117495e-01,1.242071660142613077e+01,-1.127126197237105032e+01,-7.731833044292811152e+00
-2.726791630661482557e-01,-8.199730775162707153e-02,5.803103987121580598e-01,-6.487911280244580414e-01,5.675931643694634987e-01,4.027684181928630758e-01,1.064058423042297363e+01,-1.021151304244995117e+01,-7.292070388793945312e+00,-2.685304849549970396e-01,-1.233897991601511646e-01,6.364835836043090112e-01,-5.152685311520233125e-01,5.657472793183915272e-01,3.495504999925654888e-01,1.193147177654651081e+01,-1.155749630852518095e+01,-7.638618122583146430e+00
-2.781152405975754194e-01,-7.741263689875732545e-02,5.836055584990976763e-01,-5.436077531427137011e-01,4.584670852869744961e-01,3.295159786939617086e-01,1.051833748817443848e+01,-1.091260790824890137e+01,-7.325243949890136719e+00,-2.730978915958260367e-01,-1.183102957021052587e-01,6.396011720993426408e-01,-3.994522692482781467e-01,4.503108413282590483e-01,2.744559282415617307e-01,1.118740083949904651e+01,-1.146222976173222463e+01,-7.344994061232254623e+00
-2.825105217298860549e-01,-7.394693798974286136e-02,5.861687985205649154e-01,-4.395281132310621119e-01,3.465698909014459095e-01,2.563240021467204643e-01,1.040796399116516113e+01,-1.118971943855285645e+01,-7.319197654724121094e+00,-2.765488751142922141e-01,-1.143734323784633133e-01,6.419861241035460520e-01,-2.924473530249074305e-01,3.379359457697965752e-01,2.033958440327994222e-01,1.016524588679626540e+01,-1.093690972209814660e+01,-6.827766931805623329e+00
-2.858865765495593458e-01,-7.157638096839319397e-02,5.880174639666079228e-01,-3.376054819673292018e-01,2.370557021349664062e-01,1.848665446043010196e-01,1.019226312637329102e+01,-1.095141887664794922e+01,-7.145745754241943359e+00,-2.789858529174695234e-01,-1.115262538534564501e-01,6.436903644752890452e-01,-1.971549559976812915e-01,2.331752439656562537e-01,1.387266743028993388e-01,8.840776511087218736e+00,-9.930733968952150548e+00,-6.062678147506796122e+00
-2.882839890247578252e-01,-7.021663575276862468e-02,5.891934578561781599e-01,-2.397412475198499315e-01,1.359745215624566517e-01,1.175993889570231821e-01,9.786423444747924805e+00,-1.010811805725097656e+01,-6.726715564727783203e+00,-2.805414821240844181e-01,-1.096677000725391760e-01,6.447906132998381112e-01,-1.167235008517245598e-01,1.411008578337638042e-01,8.305284977639329491e-02,7.188769982789862567e+00,-8.390602590522224347e+00,-5.024381752426753778e+00
-2.897716905562574552e-01,-6.970657346427570900e-02,5.897688953721521576e-01,-1.487701531499616148e-01,5.100622884929136014e-02,5.754375159740404005e-02,9.097109436988830566e+00,-8.496829271316528320e+00,-6.005563735961914062e+00,-2.813811820026271282e-01,-1.086432958705418339e-01,6.453909206742027838e-01,-5.455868175567324396e-02,6.732759719995473624e-02,3.923779221058434907e-02,5.182991431723340980e+00,-6.261069903610909648e+00,-3.686421710793431838e+00
-2.904733071973914504e-01,-6.977310898557435859e-02,5.898534640812872487e-01,-7.016166411340155062e-02,-6.653552129865132614e-03,8.456870913505110110e-03,7.860848903656005859e+00,-5.765978097915649414e+00,-4.908688068389892578e+00,-2.817057576235231786e-01,-1.082396060026817458e-01,6.456253124999705717e-01,-1.433368485949726434e-02,1.803665791385689054e-02,1.041512874794747745e-02,2.796174028740468387e+00,-3.484296373270767688e+00,-2.021209196221152471e+00
-2.906696321381623260e-01,-6.998087848752868045e-02,5.895810665333269807e-01,-1.963249407708562988e-02,-2.077695019543215199e-02,-2.723975479602858130e-02,5.052917003631591797e+00,-1.412339806556701660e+00,-3.569662570953369141e+00,-2.817057576235231786e-01,-1.082396060026817458e-01,6.456253124999705717e-01,-1.433368485949726434e-02,1.803665791385689054e-02,1.041512874794747745e-02,2.796174028740468387e+00,-3.484296373270767688e+00,-2.021209196221152471e+00
